date,close_1,close_2,close_3,close_4,close_5,close_6,close_7,close_8,close_9,close_10,target
1/4/2016,37.61407852,36.74397659,47.68096924,23.6886673,31.84950066,49.00231552,130.75,101.3301697,74.96780396,25.91927147,2012.660034
1/5/2016,37.71759033,36.78062439,47.89849091,23.09505463,31.68950081,49.41986084,131.25,101.8357239,75.28115845,26.27525139,2016.709961
1/6/2016,37.6086235,36.83213806,47.02839279,22.6430912,31.63249969,49.00864792,131.3300018,102.0736237,74.90065002,26.0378685,1990.26001
1/7/2016,36.7007637,35.97872162,45.39263153,21.68744469,30.39699936,48.2242012,129.4799957,97.06760406,74.02770233,25.89486313,1943.089966
1/8/2016,36.20103073,35.38831329,45.53184128,21.80212021,30.35250092,47.24998093,128.3300018,96.48274231,73.23686218,25.64318657,1922.030029
1/11/2016,36.30800247,35.46557999,45.50574112,22.15515518,30.88699913,46.61736679,128.3600006,96.66117096,72.79666901,25.79190826,1923.670044
1/12/2016,36.91571808,35.96287537,45.92336655,22.47669411,30.89450073,47.57260513,128.8000031,98.50496674,73.29656982,25.70038605,1938.680054
1/13/2016,35.63936234,34.69934082,44.93148422,21.89880753,29.09049988,47.85728455,126.25,94.60919189,72.38632202,25.25422096,1890.280029
1/14/2016,36.22478867,35.4006958,46.21051788,22.37775803,50.05245972,29.64999962,128.0700073,97.51367188,73.78150177,25.66605568,1921.839966
1/15/2016,35.18964767,34.39670563,44.36592865,21.84034157,49.07825089,28.50900078,126.1399994,94.14326477,72.37136841,25.41437531,1880.329956
1/19/2016,35.61509705,34.76026154,43.99177551,21.73466682,48.33175659,28.72400093,127.7600021,94.43075562,72.7444458,25.66605568,1881.329956
1/20/2016,35.58934021,34.59482956,44.19189835,21.76389694,28.58849907,46.2947197,124.8300018,93.52867126,71.43877411,25.40866089,1859.329956
1/21/2016,35.99102402,34.99800873,43.9221611,21.65371704,28.75099945,46.8767395,125.6200027,93.34033203,71.58053589,26.23807335,1868.98999
1/22/2016,36.92166138,35.92226028,45.49705124,22.80498505,29.81900024,48.43928909,127.0400009,97.08740997,72.18487549,26.90732765,1906.900024
1/25/2016,36.33524704,35.24962997,45.06198883,22.35977173,29.82649994,46.8008194,124.1299973,96.16551971,71.92375946,26.90160751,1877.079956
1/26/2016,36.34366226,35.31748581,45.39263153,22.48343658,30.0625,48.52153015,125.8899994,96.49265289,75.49008942,27.5994606,1903.630005
1/27/2016,35.54081345,34.67110443,44.56604004,21.00613785,29.16749954,47.62954712,125.1900024,76.22123718,93.62780762,28.04562378,1882.949951
1/28/2016,37.06232071,36.20507813,45.29692459,21.15678596,31.76749992,48.70500183,108.1601791,126.0100021,76.30331421,28.03418732,1893.359985
1/29/2016,37.7086792,36.7989502,47.93329239,21.88756943,49.24902344,29.35000038,111.2331924,129.7700043,77.92235565,28.58332062,1940.23999
2/1/2016,38.17524338,37.24720383,47.6026535,21.68295288,48.26216507,28.7404995,114.0881119,128.6600037,77.87014008,29.03519821,1939.380005
2/2/2016,38.6774559,37.87377167,46.11480331,21.24448395,47.18671417,27.60499954,113.6123123,125.6999969,77.153862,28.54899406,1903.030029
2/3/2016,37.11581802,36.0064621,45.38392639,21.66496086,49.64759445,111.7090302,26.55349922,126.2399979,77.69852448,28.95510864,1912.530029
2/4/2016,36.15744019,35.06834793,45.2447052,21.83903313,50.5016098,26.81299973,109.5281601,127.4400024,77.51948547,28.84643936,1915.449951
2/5/2016,34.85631943,33.85781479,43.64373016,21.25575638,50.65977478,126.5599976,25.10650063,103.1640625,75.01255035,29.15532875,1880.050049
2/8/2016,34.87612915,33.81669617,42.99116898,21.47957802,51.34299469,126.7799988,24.40500069,98.88166809,76.10189056,29.02375984,1853.439941
2/9/2016,34.72061157,33.58737564,42.87806702,21.4750576,51.11957169,127.7200012,24.10350037,98.6734848,76.07950592,28.6862812,1852.209961
2/10/2016,35.00935745,33.88505554,43.2522049,21.31227684,50.65357208,126.5800018,24.52400017,100.1207733,75.9004364,28.5890274,1851.859985
2/11/2016,34.98509216,33.83503342,43.23480988,21.18341637,50.81315231,25.19099998,125.0899963,101.0228729,75.8780365,28.25155449,1829.079956
2/12/2016,35.01134491,33.79985809,43.93956375,21.24898148,51.72599411,128.0700073,25.35400009,101.1220016,75.96755981,28.66341019,1864.780029
2/16/2016,35.54377747,34.22582245,44.7720871,21.84807777,51.84728622,26.05500031,128.5599976,100.7254715,76.34062958,28.73775482,1895.579956
2/17/2016,36.25352859,35.08766174,45.93761826,22.18268204,52.34522247,26.70499992,130.2599945,104.2842026,76.47492981,28.78351212,1926.819946
2/18/2016,35.53733444,34.54034424,45.73606873,21.7621727,52.63249207,26.25,130.8600006,102.5692673,77.77312469,29.13816833,1917.829956
2/19/2016,35.76516342,34.71667099,45.41181946,21.71243477,52.66439438,26.74500084,131.0500031,103.6597137,78.2766571,29.09239769,1917.780029
2/22/2016,36.10889435,34.99157333,46.13917923,21.90234184,52.59417725,27.97500038,131.9900055,106.2271652,78.72001648,29.21252441,1945.5
2/23/2016,35.52643585,34.46604538,44.85095978,21.4072361,51.85367203,27.64699936,130.7400055,104.541954,78.21652222,28.9608345,1921.27002
2/24/2016,35.70523834,34.64980698,45.00870895,21.72600174,52.03881836,27.70199966,131.0299988,105.9495926,78.87783813,29.06952477,1929.800049
2/25/2016,36.11236954,34.95640182,45.65719986,21.87521172,52.35159683,27.75749969,132.3099976,107.1292343,79.94496918,29.23540688,1951.699951
2/26/2016,35.90137482,34.92272186,44.95612335,21.9091301,52.18562317,27.7614994,131.9199982,106.9805298,79.49407959,29.18392754,1948.050049
2/29/2016,35.52297592,34.56114578,44.58806229,21.85938644,51.16426468,27.62599945,134.1699982,105.9892426,79.06573486,29.0180397,1932.22998
3/1/2016,36.75871658,35.60327911,46.0778389,22.7275219,51.88559723,28.95199966,136.9400024,108.8639908,80.57627106,29.4356041,1978.349976
3/2/2016,36.62548447,35.60526276,46.40209198,22.7772522,52.79205704,29.01049995,136.7299957,108.9928741,80.440979,29.81313133,1986.449951
3/3/2016,36.23469543,35.28677368,45.87627411,22.94681549,52.60055161,28.87450027,136.8399963,108.626091,80.14788818,29.68157005,1993.400024
3/4/2016,36.16684723,35.21099091,45.59586334,23.28819275,52.53032684,28.75699997,137.9700012,107.4464493,80.03514099,29.63580894,1999.98999
3/7/2016,35.30405045,34.43187332,44.71951675,23.03046799,53.91555786,28.13999939,138.7200012,104.8096008,80.21551514,29.86461639,2001.76001
3/8/2016,35.34020996,34.37292862,45.26284027,22.84055901,52.74737167,28.01300049,137.8000031,105.0078583,79.82474518,30.00761986,1979.26001
3/9/2016,35.92861938,34.93114471,46.30569458,22.86091042,52.60055161,27.9734993,139.1300049,106.5741043,80.29065704,29.93895721,1989.26001
3/10/2016,36.26343536,35.3065834,45.61338806,22.87220764,52.46012497,27.94650078,138.6199951,106.3857651,80.51612091,29.92753792,1989.569946
3/11/2016,36.89244843,36.00001907,46.50724411,23.11863518,52.46649933,28.48049927,140.6499939,108.4575729,80.94446564,30.04765892,2022.189941
3/14/2016,37.15841293,36.18180466,46.59486771,23.17741394,52.60696411,28.6685009,139.7200012,108.9333954,80.90691376,30.05338669,2019.640015
3/15/2016,37.17475128,36.07481003,46.96294785,23.64313698,52.86863708,28.85099983,140.3999939,109.7065964,80.98205566,30.12773323,2015.930054
3/16/2016,37.51105881,36.4591713,47.62894821,23.95738029,52.9005928,28.71349907,139.8300018,111.2034531,80.71902466,30.43662071,2027.219971
3/17/2016,37.56652832,36.54288101,47.90061951,23.91895103,53.68574905,142.3999939,27.97200012,110.0535583,80.21551514,30.67686272,2040.589966
3/18/2016,37.41447449,36.53396225,46.87530136,23.94607544,53.74959564,142.1600037,27.60400009,110.479805,80.78662872,30.45377541,2049.580078
3/21/2016,37.74879456,36.7563591,47.19954681,23.94381905,53.37934113,142.1300049,27.6989994,110.8763275,80.62134552,30.56818581,2051.600098
3/22/2016,37.64428711,36.689991,47.3835907,24.12693977,53.69852829,142.1799927,28.02400017,111.2728577,80.69648743,30.43662071,2049.800049
3/23/2016,37.52096939,36.55674744,47.29595184,23.99355698,53.46233749,28.48150063,140.9600067,111.5603256,81.53816223,30.265028,2036.709961
3/24/2016,37.38624573,36.42003632,47.50626755,23.88955688,53.60914612,29.14749908,140.1100006,112.0658798,81.39539337,30.63683319,2035.939941
3/28/2016,37.30899048,36.33237457,46.91912842,23.7810421,53.76237106,28.99349976,141.2899933,112.7003174,81.33525848,30.54532051,2037.050049
3/29/2016,37.93353271,36.88909912,47.94443893,24.34397316,53.96025467,29.69300079,141.8999939,115.1289902,82.01913452,30.91710854,2055.01001
3/30/2016,38.05488205,37.17439651,48.24239731,24.76899529,53.95386505,29.93449974,142.4600067,113.7015152,81.89887238,30.91139221,2063.949951
3/31/2016,37.78544617,36.89801407,48.40012741,24.6401329,53.36021042,29.68199921,141.8800049,113.1067505,81.31272125,30.93427658,2059.73999
4/1/2016,38.12075424,37.14368439,48.69808578,24.86620903,52.95804977,29.92499924,143.7899933,115.049675,82.05673218,30.89422989,2072.780029
4/4/2016,37.89540482,36.91485596,48.57538986,25.12167931,53.08572006,29.65950012,143.2200012,111.5702362,81.60579681,31.12875175,2066.129883
4/5/2016,37.57099152,36.54386902,47.81298447,24.82552147,52.47926712,29.30699921,141.1999969,111.2431107,81.8763504,30.93999863,2045.170044
4/6/2016,38.04150772,36.93466949,48.30373764,25.08550835,53.18146133,30.10400009,141.6999969,112.7201385,82.22956848,30.93710899,2066.659912
4/7/2016,37.64775085,36.66670609,47.72535324,24.53839874,52.58139801,29.57150078,140.8099976,112.6507568,82.11681366,30.05846977,2041.910034
4/8/2016,37.61556244,36.61073303,47.69031143,24.56552696,53.11763382,29.72999954,141.0599976,109.6669617,81.98908997,30.16252136,2047.599976
4/11/2016,37.51996994,36.45966721,47.59390259,24.64691544,53.18783569,29.79649925,140.9900055,108.0411987,81.89137268,29.83303452,2041.98999
4/12/2016,37.85577774,36.80588531,47.89186096,24.96794319,53.84534836,30.15850067,142.3999939,109.6471329,82.36483765,30.02955818,2061.719971
4/13/2016,38.2317009,37.23333359,48.50528717,25.32966805,54.15176773,30.74099922,144.0399933,109.5479965,82.56771851,29.64805031,2082.419922
4/14/2016,38.40406799,37.30664444,48.51405716,25.34323692,54.53478241,31.03750038,143.7200012,109.8751373,82.5451889,29.68851852,2082.780029
4/15/2016,38.63239288,37.59392548,48.76820374,24.83455849,54.24114227,31.29450035,143.4499969,108.6855774,82.80069733,29.68273354,2080.72998
4/18/2016,39.01276398,37.97085571,49.47802734,24.29875565,54.75819397,31.76749992,144.3800049,109.488533,83.36431885,29.90240669,2094.340088
4/19/2016,38.44665527,37.34280396,49.41670227,24.16989136,55.03269196,31.39500046,145.9499969,111.3125,84.6794281,30.10471535,2100.800049
4/20/2016,38.38078308,37.28039169,48.71562195,24.21963501,55.40932083,31.64949989,146.0899963,111.4413605,85.35583496,29.91394615,2102.399902
4/21/2016,38.63239288,37.60085297,48.88212967,23.95738029,55.40295029,31.54999924,144.8600006,112.4524918,85.34828949,28.91971779,2091.47998
4/22/2016,36.54078674,35.60129547,23.89182472,45.3767662,55.87533188,31.02499962,146.1100006,109.5975418,85.16040039,29.2203083,2091.580078
4/25/2016,36.76069641,35.81824493,45.6659584,23.75617218,55.74765015,31.30999947,146.1799927,109.141571,85.30319977,29.34168625,2087.790039
4/26/2016,35.92663574,35.07478714,45.07881546,23.59113693,55.93915939,30.84399986,147.0200043,107.8132324,84.85231781,29.15670967,2091.699951
4/27/2016,35.73297882,34.96085739,44.64064026,56.46897125,22.11485863,30.32850075,147.6000061,107.9421005,84.74707794,29.87926102,2095.149902
4/28/2016,34.92070007,34.22681427,43.72926331,56.1945076,21.43887711,30.10000038,146.0700073,115.7138596,84.52912903,29.4919796,2075.810059
4/29/2016,35.0603714,34.32538986,43.70295715,56.43070602,32.97949982,21.1924572,145.4799957,116.5564423,84.22856903,29.44573212,2065.300049
5/2/2016,35.38380432,34.58293915,44.35144806,34.19250107,56.896698,21.1698513,146.8899994,117.5378418,84.73205566,29.66540718,2081.429932
5/3/2016,35.08811188,34.29318619,43.62409973,56.24557495,33.56600189,21.51800919,144.8300018,116.407753,84.68695831,29.2954483,2063.370117
5/4/2016,35.23323059,34.45862579,43.70295715,33.54499817,56.137043,21.29419708,144.2400055,117.0322723,84.33374786,29.38794136,2051.120117
5/5/2016,35.39865494,34.74243546,43.76431274,56.20087051,32.95449829,21.20775986,143.8800049,116.7844543,84.82977295,29.38794136,2050.629883
5/6/2016,35.91721725,35.22238541,44.15865326,56.50090408,33.69749832,21.08948708,144.6199951,118.4498138,84.72454071,29.54978561,2057.139893
5/9/2016,36.11286545,35.3105545,43.87823105,33.98749924,56.53921509,21.10540962,142.9100037,118.2019882,85.46103668,29.52666855,2058.689941
5/10/2016,36.6205368,35.81973267,35.1534996,44.71074295,57.44567871,21.2487011,144.7799988,119.4510345,86.17494965,29.79256058,2084.389893
5/11/2016,36.18319321,35.42892838,35.66149902,44.73704529,57.16886902,21.04172134,142.8699951,118.4795609,85.94950104,29.5671196,2064.459961
5/12/2016,36.06036758,35.33086395,35.89649963,45.14015198,57.72246552,20.54813957,143.3099976,119.2329559,85.84427643,29.75211143,2064.110107
5/13/2016,35.89988708,35.20802307,35.49599838,44.76332474,57.07231903,20.58908463,118.7670288,141.3999939,85.34080505,29.44573212,2046.609985
5/16/2016,36.1708107,35.4883728,45.42058563,35.53300095,57.65810013,21.35334015,141.8500061,117.6369629,86.00211334,29.61337662,2066.659912
5/17/2016,35.67007828,34.98017883,44.57341003,34.76350021,57.63235092,21.26462364,140.3399963,116.3284531,85.54369354,29.42261887,2047.209961
5/18/2016,35.74882507,34.99998856,44.83815765,34.87250137,57.51647949,21.50799751,141.4700012,116.6258545,85.36332703,29.12782097,2047.630005
5/19/2016,35.4283638,34.68745804,34.92599869,44.40573883,58.00571442,21.42611694,140.7899933,115.7931519,84.80722046,28.68850517,2040.040039
5/20/2016,35.7453537,35.15403366,35.13999939,44.67048264,57.76755524,21.65812111,141.8300018,116.3284531,85.25376129,28.70583534,2052.320068
5/23/2016,35.52445984,34.8816185,34.83750153,44.14982605,57.67740631,21.93334007,141.4799957,114.9604721,84.89048004,28.40524864,2048.040039
5/24/2016,36.30602646,35.66667938,45.52648544,35.20999908,57.72246552,22.26769066,143.7100067,116.6753998,85.29161835,28.6595974,2076.060059
5/25/2016,36.55713654,35.92324448,45.99418259,35.41749954,58.10230255,22.65891457,144.0800018,116.8637619,85.79113007,28.8156662,2090.540039
5/26/2016,36.49918365,35.86629105,35.74549866,45.79122162,57.8061676,22.83860016,143.0500031,118.4299927,85.45057678,28.99486542,2090.100098
5/27/2016,37.02765656,36.28928375,46.17068481,35.61199951,57.94134521,22.82495689,143.3500061,118.3407898,85.57165527,29.26076317,2099.060059
5/31/2016,37.08957291,36.44084549,46.77075958,36.13949966,57.30407715,22.71350288,117.7757492,140.5399933,85.29161835,29.42261887,2096.949951
6/1/2016,37.07025909,36.36307526,46.63838577,35.97200012,57.44565964,22.39506912,141.9900055,117.7460175,85.35970306,29.15093613,2099.330078
6/2/2016,36.8627243,36.17734146,36.41199875,46.3118782,56.98865509,22.22674942,142.1100006,117.8947067,86.6539917,29.34746742,2105.26001
6/3/2016,36.44618607,35.77812576,36.27700043,45.70297623,56.88564301,22.27224731,141.1399994,117.4387131,86.8583374,29.43418503,2099.129883
6/6/2016,36.15891647,35.49133682,36.33649826,46.00300598,57.5100441,22.4337368,141.8200073,117.7559128,87.62277222,29.31279945,2109.409912
6/7/2016,36.20993805,35.49629211,36.18700027,45.97654343,58.3919487,22.52471733,141.4100037,116.7348862,87.59249115,29.91394615,2112.129883
6/8/2016,36.7963562,36.0723381,36.33200073,45.92359924,58.44345474,22.50424576,142.5299988,117.3594055,87.64547729,29.78101349,2119.120117
6/9/2016,36.77605057,36.08719254,36.38249969,45.55295563,58.36620712,22.66573715,142.2299957,117.527916,88.55371857,30.02955818,2115.47998
6/10/2016,36.31394577,35.63300323,35.89550018,45.42940903,57.92204666,22.47922707,141.7599945,115.6048126,88.56128693,30.44575882,2096.070068
6/13/2016,36.24906921,35.58098984,35.76200104,58.31468201,44.24689484,22.14032173,140.9400024,112.958046,88.39477539,30.38796043,2079.060059
6/14/2016,36.31692123,35.57653046,35.96500015,58.21171188,43.97335434,22.16761398,141.3000031,113.9394379,88.64452362,30.63074493,2075.320068
6/15/2016,36.26441574,35.60873032,35.71300125,58.03790665,43.84980011,22.09483147,140.4499969,113.6023941,88.10714722,30.54402733,2071.5
6/16/2016,35.87116623,35.18474579,35.87549973,58.72024918,44.46751404,22.18808556,141.9900055,113.3942184,88.28125,30.90242767,2077.98999
6/17/2016,34.88059235,34.26148987,35.31949997,58.39836884,44.23807526,21.68314171,140.7299957,112.0361404,87.40328217,31.08739281,2071.219971
6/20/2016,34.97369385,34.3600502,35.70050049,58.65590668,44.18513107,21.63082123,141.6699982,112.3831024,88.20555878,31.07583237,2083.25
6/21/2016,35.10990143,34.47051239,35.79100037,45.17350388,58.91981125,21.8150692,143.5299988,113.3843155,87.93308258,31.27236748,2088.899902
6/22/2016,35.18865585,34.54580307,35.52999878,44.99700928,58.68806458,21.73317719,143.9400024,112.9184113,88.14499664,31.23191261,2085.449951
6/23/2016,35.40657806,34.76422501,36.10400009,45.80887222,59.09360504,21.8582859,145.9799957,114.0782166,88.84131622,31.6018486,2113.320068
6/24/2016,33.93706131,33.44422531,34.94800186,43.97335434,57.54223251,21.24415588,139.7100067,111.104332,87.5167923,31.46312714,2037.410034
6/27/2016,33.73596954,33.09949112,34.56800079,57.20106506,42.73788071,20.93481827,138.5,88.21313477,108.0214081,31.64232826,2000.540039
6/28/2016,34.23720932,33.68296432,35.39749908,58.52070999,43.62917709,21.28736687,140.2799988,111.7189331,89.48468018,31.68856049,2036.089966
6/29/2016,34.43185806,33.88455963,35.77999878,59.51847076,44.59989166,21.47160912,142.1199951,113.1662292,90.3172226,31.82729721,2070.77002
6/30/2016,34.84492111,34.28030777,35.78099823,60.34243393,45.15584946,21.74456215,144.7899933,91.80825806,113.2851791,32.27817154,2098.860107
7/1/2016,35.17776489,34.63248062,36.2840004,60.4067955,45.14701843,21.81051254,143.9600067,91.8006897,113.195961,32.5036087,2102.949951
7/5/2016,34.91228867,34.42147827,36.40499878,59.87895203,45.15584946,21.60580444,142.2299957,92.54241943,113.2058716,32.67702866,2088.550049
7/6/2016,35.11436462,34.56114578,36.88050079,60.56773758,45.34116364,21.72863197,142.5099945,115.6841125,92.82245636,32.84926224,2099.72998
7/7/2016,35.0296669,34.44178009,36.82849884,59.8403244,45.34116364,21.82188797,141.9100037,92.72407532,114.841507,32.33546448,2097.899902
7/8/2016,35.55070877,34.95045853,37.29050064,46.15303802,60.21367645,21.99020004,143.6499939,116.2193985,92.98139954,32.63908386,2129.899902
7/11/2016,36.01727295,35.41902542,37.68899918,46.40894699,60.43897247,22.05843735,143.9299927,116.8439255,93.04195404,32.65659332,2137.159912
7/12/2016,36.28026581,35.69391632,37.41049957,46.95608902,61.12132645,22.15852165,144.6699982,116.9034042,93.03436279,32.38799667,2152.139893
7/13/2016,36.13019943,35.51263428,37.13150024,47.22082138,61.0762558,22.03342247,145.9299927,115.7634201,93.09493256,32.69746017,2152.429932
7/14/2016,36.44321823,35.70927811,37.06000137,47.42379379,61.12132645,22.47013092,145.7299957,116.2689667,93.23117828,32.60404205,2163.75
7/15/2016,36.43479538,35.65478897,47.38848114,36.77199936,61.23077393,22.46785736,145.9700012,115.84272,93.09493256,32.60404205,2161.73999
7/18/2016,37.30501556,36.34475708,47.61793518,36.80350113,61.03763199,22.70667267,146.5700073,118.3308716,93.20088959,32.65659332,2166.889893
7/19/2016,37.31542206,36.5022583,36.99750137,46.85018539,60.81233978,22.71578217,146.9199982,119.5600815,94.79788971,32.52229309,2163.780029
7/20/2016,37.49718475,36.71177673,49.33873749,37.2859993,60.46473312,22.73624802,146.1699982,120.8586655,94.71466064,32.47558212,2173.02002
7/21/2016,37.36494827,36.5849762,49.24166489,37.2215004,60.41324234,22.61570168,144.3500061,119.5600815,94.72219849,32.32961655,2165.169922
7/22/2016,37.6061554,36.78855515,49.92116928,37.24300003,60.51623917,22.4405632,144.6000061,119.9466782,94.63137054,32.75585175,2175.030029
7/25/2016,37.5189743,36.64144135,50.06236649,36.98049927,59.35107422,22.14032173,120.5711975,144.1399994,94.52542877,32.62155914,2168.47998
7/26/2016,37.52541351,36.57458115,50.08883667,36.77949905,58.91981125,21.98792648,144.3399963,120.1647644,94.72219849,32.00264359,2169.179932
7/27/2016,37.7393837,36.74050522,49.58581924,36.83349991,23.41633224,58.52070999,122.2663116,144.1900024,94.43460083,32.30042267,2166.580078
7/28/2016,37.93106461,36.94556427,49.60348129,37.63050079,23.73249626,58.06364822,123.9118576,144.4199982,94.19995117,32.03183746,2170.060059
7/29/2016,39.19403458,38.07882309,50.01824188,37.94049835,23.70293236,57.25899887,122.861084,144.2700043,94.78275299,32.35297394,2173.600098
8/1/2016,39.66951752,38.28141022,49.92999268,38.38700104,24.1214447,55.26988602,123.2278671,143.9299927,94.91142273,31.82163811,2170.840088
8/2/2016,39.62890625,38.1917572,49.92999268,38.02899933,23.76434708,56.02948761,122.0184937,143.3099976,94.49513245,31.52968788,2157.030029
8/3/2016,39.56946945,38.29627228,50.27415466,37.73199844,24.06230354,56.31914902,121.4435501,143.6300049,93.77611542,31.47130585,2163.790039
8/4/2016,39.48675537,38.21850586,50.64479828,38.03850174,24.21094704,56.31274414,123.27742,143.1199951,93.74582672,31.48882866,2164.25
8/5/2016,39.96619034,38.74403,51.14779282,38.29899979,24.57913589,56.36423111,124.0605545,145.6499939,94.03343964,16.22743607,2182.870117
8/8/2016,39.88199234,38.72124481,51.23604584,38.32799911,24.78266144,57.02727127,124.1696014,145.5599976,93.58687592,31.29029655,2180.889893
8/9/2016,39.99343491,38.8450737,51.35959625,38.41550064,24.88328362,57.09806824,123.9713593,147.2200012,93.42037201,16.19735527,2181.73999
8/10/2016,40.04346085,38.86587524,51.200737,38.4280014,24.69805336,56.0982933,123.7929077,146.6900024,93.36740112,16.24246979,2175.48999
8/11/2016,40.0290947,38.8742981,51.44783401,38.56200027,24.68204689,56.29954529,123.8127441,147.7400055,93.67770386,16.31390572,2185.790039
8/12/2016,39.97213364,38.79356384,51.13014603,38.62799835,24.73921585,57.0331459,123.7929077,147.7200012,93.26143646,16.27255058,2184.050049
8/15/2016,39.91814804,38.75492477,51.28899765,38.42449951,25.03650665,57.00718689,147.7799988,122.8214417,92.57268524,31.30198479,2190.149902
8/16/2016,39.68190002,38.49241257,51.00484848,38.20199966,25.01363373,57.07858658,147.2400055,122.2266541,91.07411194,30.80568886,2178.149902
8/17/2016,39.8914032,38.62961578,51.11139297,38.23149872,24.97704887,57.20195389,149.0800018,123.2873459,91.81580353,31.04507065,2182.219971
8/18/2016,39.75916672,38.51024246,51.14691544,38.22299957,24.94502831,57.72131729,148.8099976,122.8313599,91.36927795,30.86990929,2187.02002
8/19/2016,39.60562134,38.40722656,51.16466904,37.8655014,25.009058,57.00070572,148.75,122.4843903,91.36927795,30.62467766,2183.870117
8/22/2016,39.47189331,38.2452507,51.20906448,37.97399902,24.81467628,57.12405396,148.4499969,123.0692596,90.76734924,30.68305969,2182.639893
8/23/2016,39.45406723,38.24178696,51.4044342,38.12250137,24.89242363,56.94876099,148.7700043,123.2873459,91.0035553,30.72978783,2186.899902
8/24/2016,39.30597305,38.1209259,51.45770645,37.86249924,24.70490837,57.14350891,148.4100037,122.4050903,90.44733429,30.67139053,2175.439941
8/25/2016,39.19206238,38.10954285,51.6530571,37.96099854,24.59971619,56.77994919,148.6399994,122.8115158,90.34067535,30.79983521,2172.469971
8/26/2016,39.28714752,38.11598206,51.52873611,38.45000076,24.45563889,56.65659714,123.8722153,147.9100037,90.69876862,30.40280151,2169.040039
8/29/2016,39.41592789,38.2452507,51.59090805,38.5644989,24.42819214,57.02664566,125.4384613,149.3000031,91.36927795,30.65387344,2180.379883
8/30/2016,39.22277451,38.09368896,51.4044342,38.37900162,24.24067879,56.81892014,150.2299957,124.744545,91.02639771,30.5195713,2176.120117
8/31/2016,39.1202507,37.99264526,51.02259827,38.45800018,24.26354218,56.57218933,150.4900055,125.02211,90.92736053,30.55461121,2170.949951
9/1/2016,39.19701767,38.07833481,51.13804245,38.53099823,24.40762138,56.37743378,150.3500061,125.0716705,90.72924042,30.68891144,2170.860107
9/2/2016,39.46793747,38.21108246,51.20906448,38.62200165,24.63631058,56.75398636,150.7200012,125.4087143,90.912117,30.87573624,2179.97998
9/6/2016,40.02018356,38.63803482,51.15579987,39.44350052,24.62944031,57.50059509,128.6006775,150.4299927,91.23973846,31.2435894,2186.47998
9/7/2016,40.01869965,38.65140915,51.2001915,39.22399902,24.78037453,57.28634644,129.9091949,149.5800018,91.13306427,31.36037445,2186.159912
9/8/2016,39.76361847,38.40225983,50.99596024,39.20299911,24.13091087,57.81220627,129.1359863,149.7799988,91.02639771,31.29614067,2181.300049
9/9/2016,39.05238342,37.62661362,49.91264343,38.00699997,23.58435059,56.37743378,125.9935837,146.6199951,90.08161926,30.25682259,2127.810059
9/12/2016,39.56452179,38.09022522,50.658535,38.57450104,24.11261177,56.66960526,127.5697479,148.9700012,90.79021454,30.69473839,2159.040039
9/13/2016,39.06427765,37.62810135,50.19678497,38.05049896,24.6866188,55.31924057,126.1026306,146.2299957,89.6092453,30.04079819,2127.02002
9/14/2016,39.15045547,37.7667923,49.95704269,38.05450058,25.56019211,54.92324066,126.6577377,145.7799988,89.79971313,30.06415176,2125.77002
9/15/2016,39.68388367,38.22593689,50.78284836,26.42920303,38.48450089,55.23484039,127.2327042,146.6600037,90.38639069,30.35024643,2147.26001
9/16/2016,39.52241898,38.0832901,50.83613205,38.92599869,26.28055191,54.55315781,127.9464493,145.0099945,90.09686279,30.29186058,2139.159912
9/19/2016,39.39463043,37.92578125,50.55197906,38.75500107,25.97411537,54.42332077,127.5300827,145.2400055,89.64732361,29.89482307,2139.120117
9/20/2016,39.61206436,38.20859909,50.44542694,39.01100159,25.97182655,53.58584595,127.5201569,144.9199982,89.86831665,29.93569183,2139.76001
9/21/2016,39.87208557,38.44684601,51.28898621,39.48699951,25.96725273,54.07923126,128.8088684,146.4600067,90.59973145,30.28601837,2163.120117
9/22/2016,40.41294098,38.99118423,40.23500061,51.3422699,26.21195412,54.23506165,128.9476318,146.5299988,91.01876831,30.56628609,2177.179932
9/23/2016,40.3639183,38.97583389,40.28749847,50.99596024,25.77515221,54.17660904,126.8460846,145,90.52354431,30.68891144,2164.689941
9/26/2016,39.75421143,38.34729004,39.95800018,50.5253334,25.81403542,53.92343903,126.2017517,144.1799927,89.7387619,30.4495163,2146.100098
9/27/2016,40.15440369,38.78316116,40.80550003,51.45770645,25.86206055,54.04029083,127.5697479,145.3399963,90.8359375,30.64802933,2159.929932
9/28/2016,40.12121964,38.71133804,41.43600082,51.52873611,26.05872726,56.41640854,128.1050568,145.2799988,90.9654541,30.39696312,2171.370117
9/29/2016,39.75371552,38.3869133,41.45249939,50.96932602,25.65395164,56.13076782,126.9749527,143.5899963,89.35016632,30.43199348,2151.129883
9/30/2016,39.8240509,38.4998436,41.8655014,51.14691544,25.85291481,56.66310501,127.1534042,144.4700012,90.0054245,30.35024643,2168.27002
10/3/2016,39.64178848,38.26556396,41.8370018,50.98707581,25.73170662,56.5137825,127.6490631,143.7599945,90.52354431,30.29186058,2161.199951
10/4/2016,39.76114655,38.45724487,41.70149994,50.82723999,25.84147453,55.9944191,127.0740814,143.1699982,90.53116608,29.92984581,2150.48999
10/5/2016,39.68388367,38.45923233,42.2179985,51.18242645,25.85291481,56.48133087,127.3516693,144.1499939,90.80544281,29.68655205,2159.72998
10/6/2016,39.77550888,38.4785347,42.08300018,51.27124023,26.04500389,56.50729752,127.6193161,143.8699951,90.47782898,29.6806488,2160.77002
10/7/2016,39.65812683,38.39038467,41.9715004,51.32450867,26.08387566,56.31251907,127.8671188,144.5200043,90.85115814,68.54086304,2153.73999
10/10/2016,40.32478333,38.92827988,42.08549881,51.53761673,26.53897095,57.41619873,129.1062317,145.1999969,91.27784729,29.63930893,2163.659912
10/11/2016,40.09695053,38.786129,41.54999924,50.78284836,26.59613609,56.96176529,127.7580872,143.9499969,89.6321106,29.46804619,2136.72998
10/12/2016,40.20591736,38.93818665,41.70449829,26.83397293,50.71180725,56.5657196,127.9265976,144.9100037,89.8835144,29.7042675,2139.179932
10/13/2016,39.82504272,38.54441833,41.4640007,26.75164604,50.54309845,56.19566345,126.7072983,143.2200012,90.10447693,29.69836807,2132.550049
10/14/2016,39.85079575,38.56125259,41.14799881,26.90029144,50.98707581,56.18270111,126.7667923,144.1799927,89.57112122,29.6924572,2132.97998
10/17/2016,39.96173477,38.63209152,40.64749908,26.88199234,50.8094902,56.18270111,126.4297562,143.8000031,90.27973175,29.78103638,2126.5
10/18/2016,40.68732834,39.38991165,40.88249969,26.86370468,51.2001915,56.33201218,127.450798,144.3000031,87.93302155,29.68655205,2139.600098
10/19/2016,40.95230865,39.69898987,40.8844986,26.78365898,51.08474731,56.59167862,128.9774017,144.8600006,87.30825806,29.75151062,2144.290039
10/20/2016,40.69427109,39.47460938,40.51599884,26.76993752,50.83613205,56.61765289,128.8683472,144.4900055,87.52159119,29.01924515,2141.340088
10/21/2016,40.81462097,39.59348679,52.97613525,40.94950104,26.66475296,56.23462677,130.9203033,143.6000061,86.43206024,28.46412659,2141.159912
10/24/2016,41.39311981,40.27403641,54.16601563,41.90449905,26.90486717,56.42290115,132.1197815,143.8300018,86.56156921,28.47002983,2151.330078
10/25/2016,41.03700256,40.00458908,54.15712357,41.75899887,27.0420742,56.29954529,131.1383667,143.4199982,86.82823944,66.74468231,2143.159912
10/26/2016,40.71754456,39.57862091,53.83744812,41.12950134,26.43377113,56.53974152,129.899292,143.9400024,87.28539276,67.07468414,2139.429932
10/27/2016,40.48228073,39.39437103,53.36682892,40.91799927,26.17992783,56.42937851,128.5610199,144.4499969,88.15396118,28.66492271,2133.040039
10/28/2016,40.59174347,39.39535904,53.16260147,38.81600189,26.00613022,55.04008102,130.1470947,144,87.87204742,68.09411621,2126.409912
10/31/2016,40.11328888,38.85894012,53.20700455,39.49100113,25.96496201,54.09223175,129.8497314,144.3000031,88.37493896,68.70410156,2126.149902
11/1/2016,39.89437485,38.81287766,53.10044098,39.27050018,25.4961586,54.30645752,128.3726807,143.6300049,87.87968445,69.83878326,2111.719971
11/2/2016,39.04942322,38.07437134,52.77190018,38.27799988,25.51903343,54.17660904,126.0629578,143.1900024,87.51395416,69.12385559,2097.939941
11/3/2016,38.74085236,37.74895477,52.5765419,38.35150146,25.24549675,54.31295013,143.6399994,118.9553833,87.64347839,69.12385559,2088.659912
11/4/2016,38.68686676,37.7435112,52.13256454,37.75249863,25.01794243,54.25453568,119.6988525,142.9499969,87.70444489,68.72377777,2085.179932
11/7/2016,39.72350693,38.75888443,53.6509819,39.24649811,25.37881851,55.47504044,146.9100037,121.0866699,88.88541412,70.08146667,2131.52002
11/8/2016,40.21630478,39.15463638,53.69536972,39.38750076,25.52822685,55.87456131,123.1386566,147.7899933,89.18255615,70.37005615,2139.560059
11/9/2016,39.89982605,38.89708328,53.42899323,38.59400177,25.48684883,56.49023056,151.2799988,122.1076965,91.66641235,70.599617,2163.26001
11/10/2016,38.64674759,37.77025223,52.1236763,37.11899948,24.77658653,57.01420593,156.0599976,119.7484131,91.07971954,70.69798279,2167.47998
11/11/2016,38.22377396,37.34725952,52.40782928,36.95050049,24.9236908,56.11036682,156.9199982,117.9839172,90.26448822,69.94372559,2164.449951
11/14/2016,37.30600739,36.45867538,51.60866547,35.95349884,24.29847336,55.85492706,157.9299927,114.0782166,88.83969879,61.58124161,2164.199951
11/15/2016,38.39266205,37.56865692,52.62778091,37.16199875,24.62028503,56.86355591,157.4600067,116.1797562,88.6263504,71.46537781,2180.389893
11/16/2016,38.63139343,37.86534882,53.32507324,37.32450104,25.28227234,56.16274261,157.0800018,115.3272552,88.65683746,71.77674866,2176.939941
11/17/2016,38.93748474,38.19969177,54.2101059,37.81999969,25.27308655,55.82217026,158.3899994,116.7646179,88.81684113,71.62437439,2187.120117
11/18/2016,38.43278503,37.67020416,53.95084763,38.00799942,25.29836464,55.85492706,157.75,116.0013275,88.50228882,72.33982849,2181.899902
11/21/2016,38.87012482,38.09913254,54.40678406,39,25.6822319,56.64743042,158.7100067,120.7099762,88.22610474,72.9890213,2198.179932
11/22/2016,38.88002396,38.05308151,54.63920593,39.26649857,25.69832039,56.77186203,158.6600037,120.41259,86.49226379,73.28050232,2202.939941
11/23/2016,38.58285904,37.69248962,53.99554443,39.00600052,25.5673008,56.92905807,158.1100006,119.7880707,86.74542999,73.53223419,2204.719971
11/25/2016,38.64377975,37.72666931,54.11175919,39.01850128,25.69602203,57.06005478,158.1799927,119.3320694,87.55867004,73.53223419,2213.350098
11/28/2016,38.91915131,38.05158234,54.18327713,38.33850098,25.64545441,56.63431168,156.9700012,119.3618164,86.79146576,73.2009964,2201.719971
11/29/2016,39.09994125,38.18036652,54.6123848,38.12599945,25.62016869,56.26099777,157.6799927,119.8178253,86.29280853,72.43257904,2204.659912
11/30/2016,38.42833328,37.54637909,53.87039566,37.5284996,25.40409851,57.17793655,157.4400024,117.3891296,85.3875351,73.9032135,2198.810059
12/1/2016,37.85627747,37.04511642,52.9227829,37.18249893,25.16734505,57.13863754,160.1199951,114.0980377,85.44889832,75.04922485,2191.080078
12/2/2016,37.86271286,37.17291641,52.96748734,25.26158333,37.01699829,57.00765991,159.3899994,114.3954315,85.89387512,74.85710907,2191.949951
12/5/2016,38.5442276,37.7682724,53.83462524,37.9679985,25.07999611,57.29582214,160.2100067,116.407753,85.87852478,75.02274323,2204.709961
12/6/2016,38.44318008,37.59937668,53.59325409,38.23600006,25.27308655,57.34822464,161.3399963,116.2887955,85.97058105,64.8187027,2212.22998
12/7/2016,39.20048141,38.19770432,54.86270142,38.52099991,25.52132988,57.68226242,164.6900024,116.9232254,85.23410034,75.81108093,2241.350098
12/8/2016,39.38373184,38.45674896,54.54086304,38.36650085,25.7718792,57.84599304,164.1100006,117.8748856,85.14971924,65.92624664,2246.189941
12/9/2016,40.09100342,39.09422684,55.39906693,26.19252014,38.43299866,58.29136276,164.8600006,118.6381683,86.12403107,66.21281433,2259.530029
12/12/2016,40.01423645,39.09322739,55.57785797,26.04311371,38.00600052,59.58819962,166.1199951,116.7447968,88.50228882,77.60631561,2256.959961
12/13/2016,40.38272476,39.43151855,56.30197906,26.47755241,38.71699905,60.63611984,166.6199951,119.2626877,88.90888977,77.78516388,2271.719971
12/14/2016,40.50902939,39.47956085,56.03378296,26.47755241,38.44100189,59.32620239,165.0599976,119.1635513,88.21845245,76.81800079,2253.280029
12/15/2016,40.39808655,39.51819611,55.94439697,26.62235641,38.04999924,59.52923965,165.7299957,119.5204163,88.90888977,77.54006195,2262.030029
12/16/2016,40.11031342,39.16900635,55.69408417,26.65683746,37.88850021,59.71918869,164.7599945,118.8265152,88.90124512,78.22238922,2258.070068
12/19/2016,40.24206924,39.33740997,56.87412262,26.81084442,38.29999924,59.22141266,165.3500061,118.2019882,89.00863647,77.93753815,2262.530029
12/20/2016,40.37579346,39.44736862,56.80260468,26.88209724,38.56100082,59.22797394,166.3600006,118.053299,88.73246002,78.13626862,2270.76001
12/21/2016,40.22720718,39.35523605,56.80260468,26.90738106,38.52999878,59.12971878,165.9499969,118.0037308,88.46395111,78.10977936,2265.179932
12/22/2016,40.10240173,39.19178391,56.81154251,26.73039436,38.31700134,59.51615906,166.0299988,116.3780289,88.56369019,78.67948151,2260.959961
12/23/2016,40.0092926,39.12491608,56.53441238,26.78325844,38.02949905,59.41133499,165.3200073,116.2491531,88.96261597,78.44763947,2263.790039
12/27/2016,40.11477661,39.20615005,56.57016754,26.9533577,38.56999969,59.43754196,164.9499969,116.9827194,88.92424774,78.31513977,2268.879883
12/28/2016,39.84930801,38.88420105,56.31091309,26.83842659,38.60649872,59.1428299,163.75,115.9022064,88.30284119,78.10977936,2249.919922
12/29/2016,39.76560593,38.77225494,56.23044968,26.83152962,38.25749969,59.17555618,163.0500031,115.3371658,88.60201263,78.05013275,2249.26001
12/30/2016,39.24902344,38.22890472,55.55105209,26.62235641,37.49349976,59.11660767,162.9799957,114.0484695,88.38722229,77.97067261,2238.830078
1/3/2017,40.01969147,38.93818665,55.94439697,26.69821167,37.68349838,59.52923965,163.8300018,115.84272,88.87055206,67.56047821,2257.830078
1/4/2017,40.00779724,38.97583389,55.69408417,26.66833305,37.85900116,58.87428284,164.0800018,117.6567917,88.72476196,78.05013275,2270.75
1/5/2017,40.26782608,39.32849503,55.69408417,26.80394554,39.02249908,57.99663162,163.3000031,119.6195526,89.65306854,77.71230316,2269
1/6/2017,40.87157822,39.9292984,56.17683792,27.10276413,39.79949951,57.96390915,163.4100037,122.3357162,89.22344971,77.40092468,2276.97998
1/9/2017,40.96914673,39.95407104,55.99803925,27.35101509,39.84600067,57.00765991,162.0200043,123.8127441,89.20812225,67.116539,2268.899902
1/10/2017,40.91119766,39.86194229,55.98015594,27.37859535,39.79499817,56.28063202,161.4700012,123.2675171,89.11605835,67.31124115,2268.899902
1/11/2017,41.10188675,40.01647949,56.48970795,27.52570724,39.95100021,56.85699463,162.2299957,124.992363,88.0189743,67.81745148,2275.320068
1/12/2017,41.0855484,39.9397049,55.97121429,40.68199921,27.41077423,56.54916763,161.4100037,125.5177612,87.9345932,67.16326904,2270.439941
1/13/2017,41.15538025,40.01499176,56.05166626,40.85699844,27.36251259,56.55572891,161.8999939,127.2227859,87.91923523,67.52152252,2274.639893
1/17/2017,40.98301697,39.85302353,55.89969635,27.58317375,40.48600006,57.21722794,159.6399994,126.7568817,88.12637329,77.02999115,2267.889893
1/18/2017,41.06027603,39.92534256,55.87287903,27.58087349,40.37400055,56.50986099,160.4900055,126.806427,87.99594879,76.80473328,2271.889893
1/19/2017,40.82997131,39.73242188,55.69408417,27.5325985,40.45199966,55.49469376,159.4100037,126.4396667,87.61238861,76.56625366,2263.689941
1/20/2017,41.01818466,39.87334061,56.08742523,27.58317375,40.41650009,56.25442886,160.2100067,125.9341125,87.57398987,76.5794754,2271.310059
1/23/2017,41.82352448,40.58113098,56.28410339,40.89400101,27.60155869,55.65187836,158.8099976,127.8076324,87.38987732,76.44039154,2265.199951
1/24/2017,42.07611084,40.80698776,56.78471375,41.12200165,27.57627487,55.73048782,160.7200012,128.2438202,85.74044037,77.08961487,2280.070068
1/25/2017,42.51791382,41.39146042,56.92777252,41.82600021,28.01531029,164.25,55.89419937,130.3354645,86.53830719,77.66593933,2298.370117
1/26/2017,42.44510651,41.21710205,57.45519638,41.95750046,28.02910423,164.9199982,56.06451416,131.6241455,85.80180359,67.56047058,2296.679932
1/27/2017,41.85323715,40.77925491,58.80506516,41.78850174,28.03139305,164.3999939,56.0055809,131.0293732,86.983284,67.70064545,2294.689941
1/30/2017,40.80322266,39.73960114,58.22401428,41.51900101,27.95784378,164.8000031,55.57983017,129.839798,86.79146576,66.99973297,2280.899902
1/31/2017,40.62294769,39.46569824,57.79491806,41.17399979,27.89348602,164.1399994,54.94451904,129.1855621,86.88352203,65.90940857,2278.870117
2/1/2017,40.37778091,39.41146088,56.83835602,29.59444618,41.61750031,163.6100006,54.32230759,132.0702209,86.86818695,66.15862274,2279.550049
2/2/2017,40.52735138,39.55187225,56.47183228,29.54387665,41.99750137,163,54.65633392,129.7010345,87.12902832,65.87825012,2280.850098
2/3/2017,40.61996841,39.69849014,56.92777252,29.67030144,40.50999832,163.9400024,54.7152977,129.839798,87.18273926,67.8953476,2297.419922
2/6/2017,40.69377136,39.69105911,29.94843102,56.89200592,40.38199997,163.4199982,54.56464005,130.9103851,86.99861908,67.57601929,2292.560059
2/7/2017,41.07067871,39.9699173,30.23344994,56.70426559,40.625,162.9299927,54.21096039,130.6923065,87.06000519,67.53710175,2293.080078
2/8/2017,41.10287476,40.03975677,30.35067749,56.62379837,40.98550034,162.8699951,133.0317383,53.85405731,86.99861908,66.94520569,2294.669922
2/9/2017,41.1117897,40.09820938,30.56999779,57.26746368,41.06800079,164.0399933,132.9723053,54.09201813,87.52030945,67.91093445,2307.870117
2/10/2017,41.34902954,40.30176544,30.50074005,57.2138176,41.3730011,164.0099945,133.0218811,54.54144669,88.41020203,67.75512695,2316.100098
2/13/2017,41.55260086,40.57766342,30.77084351,57.85746384,41.82649994,165.8500061,132.8830872,54.85871506,88.90124512,68.65075684,2328.25
2/14/2017,41.60559464,40.63759232,31.17021561,58.07333755,41.81949997,166.9499969,132.6848297,54.73972702,89.26947021,69.74886322,2337.580078
2/15/2017,41.4713707,40.564785,31.28334045,58.0373497,42.13499832,167.2799988,54.96445084,132.2784119,89.91392517,70.55102539,2349.25
2/16/2017,41.71159363,40.82135391,31.24640274,58.02836609,42.20700073,167.7400055,132.6749115,54.39604187,90.58904266,70.50432587,2347.219971
2/17/2017,41.92851639,41.01502228,31.33182526,58.11830521,42.25350189,168.5700073,132.3676147,54.03912354,91.18743896,70.27066803,2351.159912
2/21/2017,42.06324005,41.19283676,31.55806923,58.00138092,42.8219986,168.9199982,132.5559235,54.12504959,91.80117798,70.87814331,2365.379883
2/22/2017,42.16675949,41.14825821,31.65271759,57.88447952,42.7804985,169.6100006,134.9350739,53.49053955,91.69379425,70.91706085,2362.820068
2/23/2017,42.14892578,41.17649078,31.51880836,58.11830521,42.60950089,170.1499939,134.1816711,54.05236435,93.36621857,70.97157288,2363.810059
2/24/2017,41.99092484,41.04324341,31.54882622,58.11830521,42.26200104,170.2200012,134.2610168,53.58969116,94.77949524,70.348526,2367.340088
2/27/2017,42.08304977,41.07495117,31.611166,57.76754379,42.43199921,170.6300049,135.2225342,53.89372253,94.52464294,70.42643738,2369.75
2/28/2017,41.84828568,40.77430344,31.62500954,57.54269791,42.2519989,171.4199982,134.3600769,53.7483139,94.37789154,70.5743866,2363.639893
3/1/2017,42.43371582,41.37015533,32.27140427,58.40610504,42.65399933,177.2799988,136.2237396,54.8719101,95.65213776,72.89519501,2395.959961
3/2/2017,42.09196472,41.14182281,32.07980347,57.56967545,42.44549942,175.8899994,135.5694733,55.05698013,95.47451782,71.75814819,2381.919922
3/3/2017,42.05382538,32.269104,41.0650444,57.78552628,42.49399948,175.6799927,135.9759216,54.50180054,95.59806061,72.27216339,2383.120117
3/6/2017,41.96417618,32.16751862,41.00065231,57.80351257,42.33050156,175.3999939,136.2237396,54.74633789,95.5362854,71.58681488,2375.310059
3/7/2017,42.15634918,32.20907974,41.20521927,57.92044067,42.30099869,175.3000031,136.1047821,54.54144669,95.62896729,71.18965149,2368.389893
3/8/2017,42.27967834,41.37659836,32.08903885,58.45106506,42.52500153,174.9700012,136.5211334,53.55665207,95.83747864,71.03388977,2362.97998
3/9/2017,42.48770142,41.54053879,32.01514816,58.21723175,42.65000153,175.3699951,137.0366058,53.9796257,97.2661438,71.31425476,2364.870117
3/10/2017,42.66452026,41.76690292,32.12135696,58.39712524,42.6230011,174.9799957,137.5817719,53.93996811,97.46694946,71.08837891,2372.600098
3/13/2017,42.82151794,41.88032532,32.13518906,58.19925308,42.72949982,175.3899994,138.3847809,53.81441116,97.82991028,71.15068054,2373.469971
3/14/2017,42.88739395,41.88428497,32.08672333,57.92943573,42.62649918,174.7299957,138.1072083,53.53018951,98.11563873,71.26753998,2365.449951
3/15/2017,43.0102272,41.96254349,32.42608261,58.23522186,42.64849854,174.6699982,138.5037079,54.19775391,99.5906601,71.43885803,2385.26001
3/16/2017,43.08996582,42.04079819,32.47917938,58.13629532,42.67100143,174.0800018,138.7713928,54.24402237,99.20452118,71.36875916,2381.379883
3/17/2017,43.20735168,42.20623398,32.31759262,58.34315109,42.6155014,172.8200073,138.6226807,54.19775391,98.89562988,70.62111664,2378.25
3/20/2017,42.98644638,42.02197647,32.65694809,58.39712524,42.8484993,172.0700073,138.7218323,54.19775391,98.9033432,70.11489105,2373.469971
3/21/2017,42.10632324,32.28295135,41.13339996,57.7495575,42.15999985,169.4700012,137.304245,54.08540344,98.27009583,68.05888367,2344.02002
3/22/2017,42.08948898,32.64769363,41.09030151,58.48704529,42.40299988,169.3000031,138.3748627,54.03912354,97.5055542,68.16790009,2348.449951
3/23/2017,32.53227997,41.58676529,40.49544144,58.34315109,42.36899948,169.8899994,138.3153534,54.10522079,97.22756958,68.05888367,2345.959961
3/24/2017,32.46763611,41.36339951,40.33942032,58.44208145,42.2804985,168.6600037,139.1183319,53.6888237,96.90319061,67.98101044,2343.97998
3/27/2017,32.52303696,41.53030777,40.59103394,58.55000305,42.3409996,167.4400024,139.0985107,53.70203018,97.15031433,67.94207001,2341.590088
3/28/2017,33.19713211,41.63531876,40.66087341,58.72089005,42.79999924,140.5259705,168.3099976,54.09201813,97.04219055,69.00121307,2358.570068
3/29/2017,33.27101135,42.09295273,41.18045425,58.88278961,43.7159996,141.4082031,166.5899963,54.21096802,96.47070313,68.74422455,2361.129883
3/30/2017,33.22714996,42.07364273,41.18491364,59.09864044,43.81700134,141.1703186,167.3600006,55.32136536,96.26991272,69.33609772,2368.060059
3/31/2017,33.16481781,41.99042892,41.08882523,59.23352814,44.32699966,140.8134613,166.6799927,54.20437241,96.18497467,68.40935516,2362.719971
4/3/2017,33.17404938,42.43371582,41.53410339,58.95473862,44.57550049,141.0414276,166.8699951,54.24402237,96.29309082,68.16014099,2358.840088
4/4/2017,33.42106628,42.22668457,41.3369751,45.34149933,59.1166153,140.4962311,166.8600006,54.44231033,96.28539276,68.38728333,2360.159912
4/5/2017,33.24793243,42.04541016,41.18045425,45.4640007,58.96371078,140.6151886,165.8300018,54.548069,96.37805939,67.51000977,2352.949951
4/6/2017,33.16481781,41.85670471,41.00560379,59.1166153,44.91400146,139.9411011,166.4700012,54.86533356,96.57112885,67.73716736,2357.48999
4/7/2017,33.09093475,41.70812225,40.84661865,59.07164383,44.74399948,139.5544891,166.1699982,54.70008087,96.47070313,67.50218201,2355.540039
4/10/2017,33.05170822,41.68830872,40.84958649,45.35200119,58.93675613,139.8122253,166.3500061,54.94461823,96.02279663,67.26720428,2357.159912
4/11/2017,32.6961937,41.59816742,40.78123856,45.11800003,58.89177322,138.7019806,165.6999969,54.75295639,95.93015289,67.14971161,2353.780029
4/12/2017,32.73543549,41.6764183,40.82928085,58.66693878,44.81150055,138.3649445,165.1100006,54.83886719,96.84142303,66.89122009,2344.929932
4/13/2017,32.56228638,41.61301804,40.79164124,58.4151001,44.23350143,138.1765594,162.8999939,53.99287796,96.52477264,66.10795593,2328.949951
4/17/2017,42.35348129,32.74235535,41.46574783,45.09949875,58.89177322,140.1889191,164.3500061,53.92015839,97.08851624,67.25153351,2349.01001
4/18/2017,42.29701996,32.59690857,41.44841003,45.18899918,58.81082153,139.7329102,163.6900024,53.56986237,94.07672119,66.70324707,2342.189941
4/19/2017,42.42182922,32.47687149,41.51726151,44.95999908,58.49605179,141.0315399,162.7599945,53.19971466,93.72920227,66.15497589,2338.169922
4/20/2017,42.59865189,32.88317871,41.68764496,45.10300064,58.90974808,142.548233,164.9799957,53.5434227,94.11534882,67.00875092,2355.840088
4/21/2017,42.5426712,32.84393311,41.76392746,59.71921158,44.92649841,142.429245,163.4100037,53.33192062,94.03038788,66.20195007,2348.689941
4/24/2017,43.53225327,42.73324585,33.16020584,60.73551178,45.37049866,144.2036896,165.7799988,53.60952759,94.90302277,68.53610992,2374.149902
4/25/2017,44.02308655,43.20577621,33.36566544,61.08626556,45.38100052,145.214798,167.5299988,54.01930618,95.3200531,69.13140106,2388.610107
4/26/2017,44.03795624,43.1775322,33.16944504,61.0053215,45.46450043,145.2841644,167.6300049,53.80119324,95.38184357,69.264534,2387.449951
4/27/2017,44.1518631,43.30236053,33.19482422,61.40105438,45.91899872,146.4142456,166.5500031,53.70866394,95.55944824,68.62226868,2388.77002
4/28/2017,45.79027176,44.87297821,33.16250992,61.57194519,46.24950027,148.9420624,165.2100067,53.96643448,95.35092926,68.14445496,2384.199951
5/1/2017,46.20136642,45.2003746,33.83892059,62.42637253,47.41149902,151.1328278,165.4400024,54.23741531,95.25054169,68.19145966,2388.330078
5/2/2017,46.41285324,45.39206314,34.0536232,62.32743835,47.34700012,151.4500122,166.0500031,54.23079681,95.52855682,67.75280762,2391.169922
5/3/2017,46.97549438,45.91709137,33.94972992,62.12955856,47.05149841,150.4785767,166.7299957,54.66040802,95.24282837,68.14445496,2388.129883
5/4/2017,47.28604126,46.14591599,33.82737732,61.88670731,46.87649918,149.5368347,166.3399963,53.95980453,95.72163391,68.22280121,2389.52002
5/5/2017,47.06613922,45.92155075,34.38835907,62.05760193,46.70750046,148.9321594,166.5500031,54.21096802,95.38184357,68.14445496,2399.290039
5/8/2017,47.48266602,46.27668762,35.32333374,62.00367355,47.45199966,149.7449951,165.0200043,54.78599167,95.18104553,68.22280121,2399.379883
5/9/2017,47.38460159,46.17118835,35.54957199,47.64099884,62.0935936,149.1700439,163.4600067,54.4026413,95.150177,67.94865417,2396.919922
5/10/2017,47.29198074,46.00327682,35.3810463,62.33642197,47.44749832,148.9817047,163.7200012,54.64952087,94.84125519,68.48126984,2399.629883
5/11/2017,47.34399414,46.09341812,35.68703079,47.38100052,61.57194519,148.7338715,163.2700043,55.11654663,95.14243317,68.26979065,2394.439941
5/12/2017,47.3068428,46.17366028,36.18542099,48.06750107,61.49997711,149.0213776,163.3200073,55.07652283,95.48223114,68.08178711,2390.899902
5/15/2017,47.50891876,46.41437912,36.09270477,47.89849854,61.54496384,148.8825836,163.8000031,55.24332047,98.06929779,68.4107666,2402.320068
5/16/2017,47.77588272,46.70760727,36.03937531,48.30350113,62.7841835,148.4761505,163.6100006,55.07652283,98.67166138,68.62226868,2400.669922
5/17/2017,46.6644516,45.54957199,34.82933426,47.23799896,61.03842163,143.5890503,161.2599945,54.70288086,97.82216644,66.00613403,2357.030029
5/18/2017,47.077034,46.07558823,35.36017227,47.92449951,61.24645233,146.3746033,161.6199951,54.5427742,98.05384064,65.76332855,2365.719971
5/19/2017,47.2825737,46.26231766,35.48070526,47.99200058,61.22837448,146.7711334,163.2400055,54.66287231,98.077034,66.40559387,2381.72998
5/22/2017,47.74913406,46.65113449,35.69630432,48.53350067,61.91582108,146.9495697,165.1300049,54.90305328,98.27783203,66.34294128,2394.02002
5/23/2017,48.07007599,46.9958725,35.65225601,48.57699966,62.12387848,146.7810364,165.4799957,55.0965271,98.47860718,67.17321777,2398.419922
5/24/2017,48.41975403,47.29999161,35.54563904,49.01750183,62.20526886,148.7338715,164.9299927,54.90305328,98.47090912,67.13404083,2404.389893
5/25/2017,49.12553024,48.02214813,35.66848373,49.66899872,62.9741478,150.6371765,165.3000031,54.5427742,99.13943481,66.85205078,2415.070068
5/26/2017,49.19536972,48.11774445,35.60821915,49.78900146,63.28171539,150.8056946,165.6900024,54.40932083,98.66521454,66.85990143,2415.820068
5/30/2017,49.33900452,48.33617783,35.62212372,49.83499908,63.68873978,151.0535278,165.1100006,54.10908127,98.81292725,65.71633148,2412.909912
5/31/2017,48.88928604,47.79034805,35.41117477,49.73099899,63.17311096,150.1415253,165.2799988,53.70877838,99.69915771,64.34561157,2411.800049
6/1/2017,48.94872284,47.89386749,35.50853348,49.79750061,63.40830994,150.210907,166.6600037,53.84221268,100.1111755,65.05836487,2430.060059
6/2/2017,49.33652878,48.32230759,36.03473663,50.33649826,64.9098587,152.2728119,166.2899933,53.04157257,101.1217499,64.72940063,2439.070068
6/5/2017,49.72087097,48.72251511,35.68239594,50.56700134,65.38021088,152.2926483,166.5200043,53.45523071,101.3394241,64.84689331,2436.100098
6/6/2017,49.36426163,48.37034988,35.80293274,50.15000153,65.59732056,151.4797668,166.1300049,54.18246841,101.7047729,64.98005676,2429.330078
6/7/2017,49.60299683,48.58680344,36.01619339,50.50350189,65.47971344,151.7870636,166.5,53.98231125,101.6426086,65.72415924,2433.139893
6/8/2017,49.74068451,48.70914078,35.9281044,50.51350021,65.08174133,153.3632202,166.9400024,53.78883743,101.4871292,66.53873444,2433.790039
6/9/2017,48.04877853,47.04589844,34.53494263,48.91550064,63.60730362,148.2977142,170,54.79627991,102.2489471,68.11313629,2431.77002
6/12/2017,47.6371994,46.70265198,33.70969772,48.24549866,63.11887741,147.1478119,170.5,55.33004761,102.4743881,68.12880707,2429.389893
6/13/2017,48.06760406,47.2227211,33.98090744,49.03950119,63.90581131,149.3683014,171.4700012,55.35007095,102.6298599,68.35593414,2440.350098
6/14/2017,47.94031906,47.09195709,33.64942932,48.82350159,63.56209564,148.9420624,171.4499969,54.75626373,103.2129288,68.21495056,2437.919922
6/15/2017,47.55646515,46.67342758,33.44774246,48.20849991,63.22740555,148.4959717,170.5500031,54.88302612,103.4227753,67.80766296,2432.459961
6/16/2017,47.47920609,46.54811096,49.38550186,63.31785583,32.97949982,149.3286591,170.4799957,55.70368195,104.4411697,67.50218201,2433.149902
6/19/2017,48.30138397,47.4193573,49.75849915,33.92295837,64.10481262,151.5392456,171.5500031,55.21662521,104.2235107,68.98256683,2453.459961
6/20/2017,47.99282074,47.08552551,49.62950134,33.61465836,63.23644257,150.9246368,170.5500031,54.91637802,104.3401184,68.55175781,2437.030029
6/21/2017,48.46828842,47.52237701,50.11149979,33.81399918,63.56209564,152.5701752,169.6199951,54.33592987,104.8765106,68.23845673,2435.610107
6/22/2017,48.37072372,47.40549088,50.06499863,33.75836563,63.55302429,152.064621,168.3200073,54.09575272,105.7627411,68.16014099,2434.5
6/23/2017,48.83975601,47.82650375,50.18700027,33.90905762,64.41236877,153.7200775,167.2200012,54.44934082,106.0581207,68.03479004,2438.300049
6/26/2017,48.14634705,47.16675568,49.69900131,33.80241776,63.79726028,152.2529907,167.4900055,54.20249557,105.9881592,68.33247375,2439.070068
6/27/2017,46.95766449,45.93146133,48.8390007,33.31794739,62.60327148,149.2691956,167.3500061,54.11577225,104.9542313,68.96688843,2419.379883
6/28/2017,47.59757614,46.58328629,49.51649857,33.80474091,63.13695145,151.9060516,169.8899994,54.39597702,104.0291748,70.35325623,2440.689941
6/29/2017,46.44900513,45.45891953,48.79650116,33.30635452,61.95198822,149.725174,169.3000031,53.84221268,103.1118317,71.39503479,2419.699951
6/30/2017,46.04584122,45.01018143,33.38516235,48.40000153,62.34999084,149.6656952,169.3699951,53.86222839,102.8397675,71.59083557,2423.409912
7/3/2017,45.53965378,44.51338196,33.26462173,47.68299866,61.66254807,147.1379089,171.8000031,54.77627563,103.3139572,73.04786682,2429.01001
7/5/2017,46.17362595,45.15778351,33.40139389,48.56999969,62.48568344,149.03125,171.8500061,53.94228363,103.8892288,73.78029633,2432.540039
7/6/2017,45.94727325,44.9091301,33.08613205,48.25699997,62.0243721,147.5245209,170.1999969,53.45523071,103.0185852,73.54402924,2409.75
7/7/2017,46.5970993,45.49855423,48.93799973,33.42224884,62.82942581,150.1217041,171.1399994,53.5219574,103.0341034,73.91418457,2425.179932
7/10/2017,47.10178757,46.00426102,49.82350159,33.62624741,63.29976654,152.1637573,170.25,53.48194122,102.2644958,73.39440155,2427.429932
7/11/2017,47.22709656,46.0681572,49.70650101,33.73520279,63.30879974,153.918335,169.2400055,53.77548981,102.0157242,73.11086273,2425.530029
7/12/2017,47.92694092,46.74871063,50.32550049,33.78387833,64.35808563,157.5167694,169.9199982,54.01568222,102.793129,72.8588562,2443.25
7/13/2017,47.98588943,46.91365433,50.03150177,34.25445175,64.91892242,157.8736267,169.6900024,54.02236938,102.5054932,73.32351685,2447.830078
7/14/2017,48.38508606,47.35100937,34.54883575,65.83246613,50.09049988,158.5774384,169.4700012,54.22916794,103.0807648,72.65406036,2459.27002
7/17/2017,48.33803177,47.22371292,34.66939163,50.5019989,66.34806824,158.3395386,170.1600037,53.94894791,102.7309036,71.97676086,2459.139893
7/18/2017,48.88235092,47.81709671,51.22249985,34.78992462,66.30284882,161.442276,170.3099976,53.77548981,104.5266953,71.72475433,2460.610107
7/19/2017,49.17061234,48.08901215,51.34349823,35.00782776,66.80939484,162.7111511,171.1999969,53.94228363,105.1097412,71.82711792,2473.830078
7/20/2017,49.14188004,47.95330048,51.43500137,67.1350174,34.85018539,163.0977173,171.3300018,53.94894791,106.166954,71.82711792,2473.449951
7/21/2017,49.22360611,48.18956757,51.28350067,34.83398056,66.74608612,162.9986267,171.3399963,53.45523071,105.1874847,71.58297729,2472.540039
7/24/2017,49.44499969,48.55708313,51.94749832,35.255867,66.57421875,164.5549622,171.3699951,53.28844452,103.3994598,71.89012909,2469.909912
7/25/2017,47.99479294,47.08898926,51.99349976,35.40653992,67.10788727,163.841217,172.9400024,53.55532074,102.5210571,73.0872345,2477.129883
7/26/2017,47.81055069,46.94534683,52.63999939,35.57345581,66.98124695,164.1683502,173.0200043,53.62203598,101.7980728,72.40206909,2477.830078
7/27/2017,47.17658234,46.26628113,52.29999924,34.90120316,66.17621613,168.9562988,173.0500031,53.92895508,101.7047729,72.10279083,2475.419922
7/28/2017,47.46483994,46.63478851,51.0019989,34.6554718,66.06767273,170.9487915,174,53.108284,102.4977264,71.89012909,2472.100098
7/31/2017,46.82938385,46.08846664,34.47697449,65.76010895,49.38899994,167.7766571,174.9700012,53.4018631,103.1740417,72.29964447,2470.300049
8/1/2017,46.88188553,46.10481262,34.78297806,65.65158844,49.80950165,168.3813171,176.2899933,53.48860931,103.0107803,73.26837921,2476.350098
8/2/2017,46.9353714,36.42650604,46.08301926,49.79449844,65.36211395,167.8262329,177.8500061,53.77548981,102.7387161,73.33139801,2477.570068
8/3/2017,46.57183075,36.06255722,45.74917603,65.26261139,49.34600067,167.122406,178.9900055,53.7020874,103.6638031,72.85097504,2472.159912
8/4/2017,46.84375381,36.2526474,45.96266174,65.74201965,49.37900162,168.1434479,179.9199982,53.51528168,103.5316162,73.76455688,2476.830078
8/7/2017,36.81361771,46.84176636,46.0320015,65.4887619,49.61349869,170.4828796,178.0399933,53.48194122,103.2828827,74.04808044,2480.909912
8/8/2017,37.1080246,46.76450348,45.90471268,65.84153748,49.49200058,169.7394257,176.4299927,53.34849167,102.8242188,73.78029633,2474.919922
8/9/2017,37.33518982,46.56093979,45.71203232,65.55207062,49.1004982,169.6898499,178.0599976,53.51528168,103.570488,73.66218567,2474.02002
8/10/2017,36.14598846,45.74420929,44.93637466,64.59327698,47.84600067,165.9427338,176.3600006,53.1986618,103.4616623,72.60682678,2438.209961
8/11/2017,36.64867401,46.06614685,45.29052353,65.57920837,48.3995018,166.6168365,175.3399963,52.68670273,103.4694443,72.00039673,2441.320068
8/14/2017,37.20022583,46.50397873,45.70063782,66.5651474,49.16500092,169.2636261,177.2899933,52.70016098,103.7648392,72.84308624,2465.840088
8/15/2017,37.60747147,46.46188736,45.67835236,66.58333588,49.13700104,169.5114288,177.4700012,103.6871185,52.57215881,73.03211212,2464.610107
8/16/2017,37.4562149,46.76847458,45.91312027,66.97438049,48.9090004,168.5201416,178.5399933,104.3012619,52.18817902,72.52806091,2468.110107
8/17/2017,36.73709488,45.94579697,45.12162781,65.83768463,48.0284996,165.4570313,177.1600037,103.4227753,51.37306213,71.39395905,2430.01001
8/18/2017,36.65332031,45.87249374,45.10626984,65.91953278,47.92350006,165.9526825,177.5599976,103.1040878,51.62905121,71.46482086,2425.550049
8/21/2017,36.58583832,45.60949326,44.90764999,65.61032104,47.66450119,166.3194427,178.3399963,103.7415161,51.45389175,71.37820435,2428.370117
8/22/2017,37.18392563,46.57678986,45.80068588,66.52877045,48.34500122,168.1632843,180.4499969,104.7132797,51.69641113,72.11064148,2452.51001
8/23/2017,37.23046494,46.68476486,45.91510391,66.12867737,47.90000153,167.2413788,179.9799957,103.2362289,51.60883713,72.19728851,2444.040039
8/24/2017,37.06523895,46.40294647,45.63179016,66.10137939,47.62250137,166.2798157,178.4299927,103.3061905,51.42021561,72.07913208,2438.969971
8/25/2017,37.20254517,46.08646011,45.36481476,66.21961975,47.26300049,164.8721924,179.6000061,103.0167618,51.68294525,72.37055969,2443.050049
8/28/2017,37.57722092,45.96907425,45.26179886,66.22871399,47.30099869,165.7841492,178.6999969,103.0636826,51.51453018,72.14214325,2444.23999
8/29/2017,37.91233063,46.34647369,45.63228226,66.42874908,47.70299911,166.5870972,178.6199951,103.4313812,51.50104904,71.74836731,2446.300049
8/30/2017,38.01474762,46.73676682,46.04240799,67.30176544,48.37950134,168.4408417,180.3500061,102.5395126,51.26528168,71.91376495,2457.590088
8/31/2017,38.16599655,47.31179428,46.52582169,67.99287415,49.02999878,170.4729767,181.1600037,103.5565414,51.42021561,71.58297729,2471.649902
9/1/2017,38.17764282,47.15081787,46.42726135,67.23810577,48.91249847,170.5225525,180.7299957,102.5082245,51.58190155,72.22090149,2476.550049
9/5/2017,37.71918106,46.63027573,45.98693085,66.93799591,48.26350021,169.2338562,176.9799957,51.99282074,101.6241989,70.4961319,2457.850098
9/6/2017,37.67963028,46.65703201,45.9552269,66.74705505,48.38999939,170.5919342,176.7899933,53.07067871,102.2266083,70.96866608,2465.540039
9/7/2017,37.52834702,47.04682159,46.35840988,67.60183716,48.9734993,171.7021942,173.9900055,53.2390976,103.4157257,69.72428131,2465.100098
9/8/2017,36.91629791,46.62681198,45.89034653,67.27449799,48.29499817,169.461853,175.5,53.09763336,102.469101,69.63764954,2461.429932
9/11/2017,37.58420563,46.71992493,46.01813126,67.98378754,48.89799881,171.9996033,177.8699951,53.38729477,104.2136917,70.71664429,2488.110107
9/12/2017,37.4352684,46.88634109,46.16622543,67.91101837,49.12900162,171.4543457,178.6300049,53.55570602,103.7599564,71.58297729,2496.47998
9/13/2017,37.15367126,47.07405472,46.31581497,68.39299011,49.97999954,171.5435638,178.9199982,53.73760223,103.6190948,71.78773499,2498.370117
9/14/2017,36.83482742,46.56341553,45.82149506,67.99287415,49.61050034,169.4717865,178.5700073,53.95316315,104.9725113,71.64596558,2495.620117
9/15/2017,37.2071991,46.32369995,45.58275604,68.48390198,49.33950043,170.1458435,179.8899994,53.93968964,105.1837616,72.15792084,2500.22998
9/18/2017,36.92559814,46.04930496,45.32073593,68.34749603,48.70949936,168.5300446,181.4700012,53.95316315,105.9113464,73.18177032,2503.870117
9/19/2017,36.93958282,46.40145493,45.65804672,68.60212708,48.49300003,171.0182037,183.0099945,54.04074478,105.7861786,73.98509216,2506.649902
9/20/2017,46.93042755,46.14195633,36.32053375,68.14746094,48.66049957,170.6712494,183.8200073,54.26305008,104.2215271,74.50491333,2508.23999
9/21/2017,46.93092728,46.18504715,35.69684982,67.48360443,48.23249817,169.6204529,183.1600037,53.81843567,103.0714951,74.84355164,2500.600098
9/22/2017,46.71844101,45.9908905,35.34776688,67.66549683,47.75500107,169.0554047,181.8600006,53.83863449,102.7898712,74.6860199,2502.219971
9/25/2017,46.2736702,45.616436,35.03592682,66.61973572,46.98949814,161.452179,182.5200043,54.552742,102.6177444,74.12684631,2496.659912
9/26/2017,46.42969131,45.80911255,35.63867569,66.61973572,46.93000031,162.7805328,181.8600006,54.4920845,102.4378052,73.79606628,2496.840088
9/27/2017,47.54259872,46.78139877,35.89233398,67.15623474,47.54349899,166.2203522,183.2700043,54.85586166,101.5068359,74.96167755,2507.040039
9/28/2017,47.78578949,47.02955246,35.6712532,67.17441559,47.81999969,167.2611847,183.2100067,55.3678627,101.2877808,75.11919403,2510.060059
9/29/2017,48.22708511,47.50553513,35.86673355,67.73821259,48.06750107,169.3825836,183.3200073,55.22638321,101.7102509,75.22158813,2519.360107
10/2/2017,47.91753006,47.21628571,35.79458618,67.8473587,47.95949936,167.994751,185.4100037,54.99058533,102.6568604,76.26903534,2529.120117
10/3/2017,48.14585114,47.44016266,35.9505043,67.52910614,47.85499954,168.480484,185.6699982,55.07817841,103.3453064,76.67073059,2534.580078
10/4/2017,47.88335419,47.13753891,35.71779251,67.92012024,48.27249908,166.9538879,185.8300018,55.09837723,103.9633408,75.89102936,2537.73999
10/5/2017,48.79517746,48.04295731,36.16228485,69.08410645,49.04249954,169.7493286,187.1199951,55.25332642,104.1980515,76.91294861,2552.070068
10/6/2017,49.21369553,48.48526001,36.14135361,69.11138916,49.47900009,170.7307129,187.4299927,55.044487,104.2215271,76.77825928,2549.330078
10/9/2017,49.14783096,48.39164352,36.26701355,69.37506866,49.54949951,170.9983673,187.5,55.26005936,104.4014435,76.37424469,2544.72998
10/10/2017,48.92445374,48.1737175,36.28096771,69.37506866,49.36000061,170.0962677,188,55.41500473,104.7534866,76.94459534,2550.639893
10/11/2017,49.80853271,48.99840546,36.43225098,69.49332428,49.75,171.2362976,187.4600067,55.6440506,106.9048996,76.7148819,2555.23999
10/12/2017,49.80853271,48.92806625,70.12987518,36.304245,50.04650116,171.0479279,186.3000031,55.52952576,107.0457153,76.04152679,2550.929932
10/13/2017,49.91849136,49.01970291,70.46632385,36.53464127,50.14699936,172.2275696,187.3699951,55.51603699,106.7327957,75.93854523,2553.169922
10/16/2017,49.99179459,49.13460922,37.2071991,70.61181641,50.31700134,173.0007782,187.9600067,55.7855072,106.4902573,77.50705719,2557.639893
10/17/2017,50.07351303,49.1435318,37.34449387,70.55726624,50.45650101,174.5769348,187.3899994,55.88656998,110.1437378,77.33277893,2559.360107
10/18/2017,50.15969467,49.17473221,37.17926407,70.57543182,49.84999847,174.4976044,187.8500061,55.75182724,110.0576477,77.62590027,2561.26001
10/19/2017,49.61983109,48.76065445,70.84825134,36.29959488,49.33050156,173.040451,187.2100067,111.1216431,55.73835754,77.72097778,2562.100098
10/20/2017,49.77980804,48.94639206,71.66667175,36.36242676,49.14550018,173.4567719,189.0399933,111.4032669,55.98760605,78.83000946,2575.209961
10/23/2017,48.81251144,47.96815872,71.68484497,36.34379196,48.31499863,169.7790527,189.3899994,112.3576965,56.07518768,78.69535828,2564.97998
10/24/2017,48.95862579,48.07168198,71.7121582,36.56024551,48.79499817,170.3044586,189.7799988,56.2301178,110.8087006,79.94699097,2569.129883
10/25/2017,49.10572815,48.2098732,71.50297546,36.39966583,48.64550018,169.1149139,188.7100067,111.3719711,56.02802658,80.02619934,2557.149902
10/26/2017,49.10373688,48.17173386,71.62120819,36.63237762,48.62149811,169.1446381,188.6100006,56.2301178,110.9417114,80.59658813,2560.399902
10/27/2017,51.19633102,50.48532104,76.2134552,37.94491959,55.04750061,176.331543,188.5899963,56.39180756,110.9182281,80.62033844,2581.070068
10/30/2017,51.16958237,76.28620911,50.37833023,38.79899597,55.54249954,178.3042145,187.8500061,56.27729034,109.5257034,80.33517456,2572.830078
10/31/2017,51.16513443,50.35505676,75.64057159,39.33890915,55.26399994,178.4925842,186.9400024,56.14929581,109.0641251,79.70141602,2575.26001
11/1/2017,51.6386261,50.79389572,75.64057159,38.8385582,55.18399811,181.0699463,187.1699982,56.49958801,109.5100403,79.94699097,2579.360107
11/2/2017,51.65694046,50.79786301,76.43173981,39.12249374,54.71099854,177.3624725,188.6100006,56.2705574,109.4709396,80.47776031,2579.850098
11/3/2017,52.00463486,51.13962555,40.14410782,76.51355743,55.58000183,177.3624725,187.2700043,56.03477478,109.5882645,80.33517456,2587.840088
11/6/2017,51.64258575,40.55138397,50.81370544,76.81363678,56.03300095,178.6015778,186.6799927,56.4187355,109.337944,79.83609009,2591.129883
11/7/2017,52.12350464,40.68170166,51.18172836,76.63176727,56.15850067,178.6809082,186.3000031,56.30422592,109.3457642,78.22794342,2590.639893
11/8/2017,52.41573334,41.01449966,51.50466919,76.89549255,56.64400101,177.9969025,184.6000061,56.2301178,110.558403,77.34864044,2594.379883
11/9/2017,40.93070221,51.8922081,51.07920456,76.46809387,56.45650101,177.7391663,184.4900055,56.56694031,109.7994995,77.34072876,2584.620117
11/10/2017,51.71539307,40.79524612,50.92119598,76.26802826,56.26750183,176.9064636,183.6799927,56.3901825,109.1814499,77.24564362,2582.300049
11/13/2017,51.56928253,40.63175583,50.80628204,76.32260132,56.45849991,177.2137909,184.3999939,56.3561821,109.337944,77.5229187,2584.840088
11/14/2017,51.5910759,50.81866455,40.0174942,76.43173981,56.84199905,176.5198822,183.3399963,55.91425705,109.1267014,77.05552673,2578.870117
11/15/2017,51.33203506,50.56655502,39.48967361,75.83766937,56.33449936,176.4009247,181.8099976,108.8216095,55.21395493,77.78434753,2564.620117
11/16/2017,51.92935562,51.14060974,39.96144485,76.03874969,56.86449814,178.0266571,182.0500031,108.6417007,54.77203369,28.8794136,2585.639893
11/17/2017,51.30627823,50.47639847,39.73957825,75.30758667,56.49399948,177.4417877,181.0599976,107.9610519,54.55447769,77.74472046,2578.850098
11/20/2017,51.24536133,50.44123077,39.69986725,75.42637634,56.31549835,177.1840515,181.6300049,107.9062958,54.76524353,78.43390656,2582.139893
11/21/2017,52.01999283,51.2391777,40.43791962,76.51396942,56.97449875,180.2768707,183.1799927,108.227005,54.98280716,78.37055969,2599.030029
11/22/2017,52.10023117,40.86297989,51.31199265,57.80799866,75.95648193,179.2955017,182.5599976,55.13917923,107.4055862,78.14082336,2597.080078
11/24/2017,52.32806015,59.29999924,40.86532211,51.54230881,76.09356689,181.1888885,182.3600006,55.35674667,107.9688339,77.88732147,2602.419922
11/27/2017,53.09526443,59.79150009,52.21593094,40.65978622,76.65106201,181.4367218,183.4900055,55.14598846,108.7008514,77.57837677,2601.419922
11/28/2017,52.66337204,59.68000031,51.87911987,40.42155075,77.57413483,180.8320007,187.5399933,110.2121353,55.52671051,80.29554749,2627.040039
11/29/2017,51.38008499,58.06349945,50.60370255,76.16667938,39.58309174,173.6054993,189.8500061,55.93464661,110.0468674,82.17304993,2626.070068
11/30/2017,58.83750153,51.32014847,40.13661575,76.92527008,50.59131622,175.637619,193.0099945,56.62813568,109.669014,82.79884338,2647.580078
12/1/2017,58.11750031,50.77038574,77.00749969,39.9497757,50.03459167,173.5756989,194.5599976,56.74372864,110.1806641,83.01274872,2642.219971
12/4/2017,39.6578331,50.11660385,56.69749832,49.46547699,74.10121155,169.9773254,196.9600067,56.81850815,109.4171448,84.72384644,2639.439941
12/5/2017,50.49946213,39.62046051,57.07849884,49.78594208,74.56732178,171.3255157,196.0700073,56.3561821,109.9366837,83.74946594,2629.570068
12/6/2017,51.14927673,50.44123077,57.61750031,39.47332001,75.65488434,174.52742,196.0099945,111.0307388,55.94145966,83.12362671,2629.27002
12/7/2017,51.73619843,51.06285477,57.98949814,39.54573059,75.38985443,178.5718536,196.3399963,56.12501526,110.204277,82.87808228,2636.97998
12/8/2017,51.9744339,51.36598206,58.09999847,76.91611481,39.55739975,177.4417877,196.4400024,56.1998291,110.6608124,83.91583252,2651.5
12/11/2017,52.10270691,51.5665741,77.89401245,58.44599915,40.32814789,177.4814606,196.6999969,56.4513588,111.0936966,83.67024231,2659.98999
12/12/2017,51.94421387,51.5358696,78.21388245,58.25400162,40.1015892,175.4195404,199.0700073,112.2429199,56.26779938,84.6446228,2664.110107
12/13/2017,52.07398605,51.54230881,78.00370026,40.23471451,58.20650101,176.7478943,197.3999939,112.4711761,56.51255798,83.58309937,2662.850098
12/14/2017,52.37511444,51.96530151,58.71300125,77.40048981,40.22303391,176.8370819,196.6600037,111.4951553,56.36297607,82.90974426,2652.01001
12/15/2017,53.09476471,52.71023941,79.37457275,58.95700073,40.63175583,178.6115112,197.7799988,112.1326981,56.4513588,84.08217621,2675.810059
12/18/2017,53.74310684,53.35167313,41.20397186,59.52899933,78.94500732,179.2459564,199.3399963,111.6132126,56.3901825,84.73175049,2690.159912
12/19/2017,53.48010254,53.03170395,59.36899948,78.44235992,40.76488113,177.9473419,197.9100037,111.5974655,56.05024719,84.37529755,2681.469971
12/20/2017,53.17203522,52.74789047,40.72052002,58.88100052,78.15903473,176.3414154,197.7899933,56.34259415,111.1094742,84.08217621,2679.25
12/21/2017,53.03781128,52.68251419,40.87465668,78.14076996,58.73799896,175.9052887,198.8899994,57.00889969,111.0307388,85.42095947,2684.570068
12/22/2017,52.93924332,52.50865936,40.87465668,78.14990997,58.41799927,175.6574402,197.9199982,57.0904541,110.2908707,85.11991882,2683.340088
12/26/2017,52.79016876,52.34124756,58.83800125,78.04940033,39.83768082,174.4580078,197.5700073,57.09726334,110.2672272,84.77929688,2680.5
12/27/2017,52.51032639,51.97620392,59.11299896,78.33270264,39.84466934,176.0737762,198.6900024,57.04288101,110.6450424,84.93772125,2682.620117
12/28/2017,52.29983139,51.91527939,59.30500031,78.34185028,39.95678711,176.37117,199.5599976,57.12446976,110.6371918,85.3892746,2687.540039
12/29/2017,52.17353439,51.82909393,78.17730713,58.4734993,39.52470779,174.9238892,198.2200012,56.86611176,109.9760132,84.71595001,2673.610107
1/2/2018,53.1546936,52.7503624,59.45050049,78.55202484,40.23238754,179.8407135,197.2200012,57.81115341,109.5903015,85.51603699,2695.810059
1/3/2018,54.06157303,53.61616898,60.20999908,78.91760254,40.22537613,183.0623932,199.7899933,58.94656754,110.6371918,85.60315704,2713.060059
1/4/2018,54.27156448,53.81032562,60.47949982,79.61219025,40.41220474,182.7253571,200.6900024,59.02815628,110.629303,86.8294754,2723.98999
1/5/2018,54.99122238,54.5943985,61.45700073,80.59925079,40.87232971,185.223465,201.4199982,58.9805603,111.5423813,86.27207184,2743.149902
1/8/2018,55.1853714,54.82768631,62.34349823,80.68146515,40.72052002,186.6410065,202.7400055,59.24572372,111.6840668,86.3994751,2747.709961
1/9/2018,55.11503601,54.79401016,62.63499832,80.62663269,40.7158432,186.2345886,203.0200043,58.99417877,113.4550476,86.83744812,2751.290039
1/10/2018,54.98378754,62.71649933,54.61322784,80.26106262,40.70650101,186.2048187,205.6100006,58.52505493,113.3212509,87.79302216,2748.22998
1/11/2018,63.83399963,55.07839203,54.75735855,80.498703,40.93771744,186.1354218,206.6900024,59.10294724,113.9666824,88.26285553,2767.560059
1/12/2018,65.26000214,55.99962616,55.58650208,81.88787079,41.360466,177.8085327,210.1600037,59.5041008,114.7301941,89.72008514,2786.23999
1/16/2018,65.24299622,56.0021019,55.56173325,80.74543762,41.1502533,176.8370819,210.2899933,59.1301384,115.5960159,89.40155792,2776.419922
1/17/2018,64.75,56.41814423,56.06794739,82.38137817,41.82989883,214.1600037,176.0539703,59.83043289,115.6904602,89.97489929,2802.560059
1/18/2018,64.66600037,56.26312256,55.95947266,82.34481812,41.86726761,178.2348175,213.1900024,59.4428978,115.64328,90.18990326,2798.030029
1/19/2018,56.63607407,64.72899628,56.34184647,82.25344086,41.68042374,179.7118225,213.25,59.25252533,115.9895706,89.99082947,2810.300049
1/22/2018,66.3655014,57.65932846,57.24826813,83.72486115,41.33943939,183.7563629,215.9700012,60.00040436,116.6035614,91.04197693,2832.969971
1/23/2018,68.1269989,58.25416946,57.94962311,83.98989105,41.3487854,187.7017059,215.5599976,60.03440094,111.6368484,90.9464035,2839.129883
1/24/2018,67.87550354,58.01246643,57.66580963,83.91677856,40.6901474,184.9260559,215.6100006,60.1907692,111.8257446,92.10900879,2837.540039
1/25/2018,68.89749908,58.54985809,57.96943283,84.38288879,39.96377563,185.8479462,215.1000061,60.08198929,113.6597137,92.13288879,2839.25
1/26/2018,70.10250092,58.81830215,58.24036407,85.96394348,40.05721283,188.3460388,217.1900024,60.51031494,114.3917618,92.6266098,2872.870117
1/29/2018,70.88400269,58.76481247,58.22748566,85.83601379,39.22808838,184.3609924,215.4600067,59.83723068,113.0929794,92.53105164,2853.530029
1/30/2018,71.89099884,58.31360626,57.63857269,84.75760651,38.99686432,185.4910889,214.4100037,59.0009613,112.1090698,91.66309357,2822.429932
1/31/2018,72.54450226,58.55381775,57.94813538,86.83220673,39.10430527,185.2631073,214.3800049,59.354496,108.7717133,92.10900879,2823.810059
2/1/2018,69.5,58.52260971,57.83719254,86.14677429,39.1860466,191.4091187,217.25,60.55792618,110.2121353,93.06459045,2821.97998
2/2/2018,71.49749756,55.43251419,83.88023376,55.07336807,37.48575974,188.6235657,209.1199951,57.47119904,108.3702698,91.00214386,2762.129883
2/5/2018,69.5,80.42559052,52.61879349,52.29468536,36.54920197,179.6820984,196.8000031,54.20094681,102.6322098,86.63837433,2648.939941
2/6/2018,72.14199829,83.46894073,53.71040726,53.52304459,38.07665253,183.6968384,201.2400055,53.26948166,103.7656479,89.27412415,2695.139893
2/7/2018,70.83899689,81.89698792,52.27308655,51.93706894,37.26153946,178.6115112,200.3699951,103.4429398,52.31082916,89.87935638,2681.659912
2/8/2018,67.52500153,77.69294739,49.91057205,49.60615158,36.23623657,170.0863647,191.4199982,51.71931076,99.46013641,85.90576172,2581
2/9/2018,66.98000336,80.59008789,51.82038879,51.40213394,36.67946243,174.5769348,196.0200043,101.9552917,52.04901505,87.62578583,2619.550049
2/12/2018,69.31150055,81.45831299,52.23098755,52.10348511,38.15685654,174.8743134,198.8899994,52.48858261,102.5377579,88.97952271,2656
2/13/2018,70.72550201,82.09809113,52.210186,52.11141586,38.53909683,171.6427155,197.9900055,52.40617752,102.2937393,89.52896118,2662.939941
2/14/2018,72.55249786,83.38356018,53.12943649,52.98316193,39.24966431,177.9572754,200.5399933,52.51606369,102.0654907,91.59936523,2698.629883
2/15/2018,73.08799744,85.08229065,54.05364227,53.96487045,40.56760406,178.3934174,203.8999939,103.2933807,52.34434509,91.9815979,2731.199951
2/16/2018,72.43450165,84.47627258,54.25868988,54.22638702,40.43627548,175.8160553,203.7899933,104.8046494,52.57101059,91.32067871,2732.219971
2/20/2018,73.41750336,85.13737488,54.65937424,54.60578918,40.30026245,174.4777985,203.0500031,103.0100327,52.02840424,91.34455872,2716.26001
2/21/2018,74.14600372,55.16259003,55.04562759,84.00794983,40.11735153,176.3612671,201.0200043,102.2543564,51.43772507,91.72679901,2701.330078
2/22/2018,74.26699829,84.22831726,54.97190475,54.8123436,40.45269775,177.4318695,200.7299957,102.2543564,52.10397339,91.55957031,2703.959961
2/23/2018,75,86.36778259,55.87283325,55.81088257,41.1562233,181.694397,202.7599945,53.25098419,103.9152145,93.41495514,2747.300049
2/26/2018,76.09750366,87.61657715,56.6509285,56.64597321,41.96995926,183.3201599,210.6199951,54.15076065,104.6202393,94.57754517,2779.600098
2/27/2018,75.59899902,86.49635315,55.38986969,55.34881973,41.83395386,179.8803558,209.6600037,53.2303772,104.3033524,93.45478058,2744.280029
2/28/2018,75.62249756,86.10151672,54.71822739,54.67572403,41.77064133,176.7677002,207.1999969,102.8853912,52.02153778,91.97364044,2713.830078
3/1/2018,74.67250061,85.25675201,53.06554413,52.97425079,41.03896332,174.408432,201.5299988,51.65065002,100.825798,90.32527161,2677.669922
3/2/2018,75.01249695,85.44039154,53.69604874,53.43983078,41.32271957,175.0825043,201.3399963,51.89104843,102.0457153,90.23767853,2691.25
3/5/2018,76.18049622,85.98213196,54.22203827,54.03470993,41.46577835,178.8295898,203.2400055,52.38555527,102.8141174,91.62326813,2720.939941
3/6/2018,76.88200378,85.68830109,54.52614594,54.23925781,41.43058777,178.2149811,204.5500031,52.32375717,101.5704269,91.70291138,2728.120117
3/7/2018,77.25,86.1841507,55.22648239,54.96142197,41.04600143,182.1107941,204.3000031,102.219986,51.00499725,91.360466,2726.800049
3/8/2018,77.59300232,86.70753479,55.9367218,55.77174759,41.49391556,180.7527161,205.2899933,104.6123199,91.36844635,50.90884781,2738.969971
3/9/2018,78.94450378,88.64499664,57.49489594,57.45777893,42.20681763,183.6175537,212.9400024,105.9906769,93.99625397,51.21105576,2786.570068
3/12/2018,79.91950226,88.85617828,57.74699402,57.67868805,42.61485291,183.1516724,211.8200073,105.0638657,93.69366455,51.67812729,2783.02002
3/13/2018,79.40899658,86.68916321,56.4582634,56.37454224,42.20446396,180.2966919,209.1300049,106.4263535,92.57087708,51.19045258,2765.310059
3/14/2018,79.55000305,56.93522644,56.90302658,86.17498016,41.84567261,182.5866241,206.9900055,104.8182907,91.53567505,50.55169678,2749.47998
3/15/2018,79.11599731,56.9882164,56.93969345,86.4779892,41.89490509,182.2594757,207.8200073,105.4044495,91.76660156,51.11490631,2747.330078
3/16/2018,78.58399963,86.86364746,56.253685,56.18635559,41.74718475,183.4787445,206.9600067,105.895607,51.5956955,91.9258728,2752.01001
3/19/2018,77.24649811,85.29346466,54.48503876,54.47503281,41.10932159,171.0578613,203.9900055,103.1705856,50.9294548,91.20122528,2712.919922
3/20/2018,79.32550049,85.51382446,54.37053299,54.27355194,41.09524536,204.75,166.686203,103.9389801,91.28881073,50.81955719,2716.939941
3/21/2018,79.09300232,84.91701508,54.18440247,54.03221893,40.16424179,204.8300018,167.9154663,103.9231339,51.54075623,91.36844635,2711.929932
3/22/2018,77.2460022,82.44700623,52.16115189,51.96183777,39.59674072,197.6300049,163.4546204,100.9049911,50.48300552,87.55413818,2643.689941
3/23/2018,74.77799988,80.05044556,50.84368134,50.59923553,38.6798172,192.4600067,158.0024872,99.09889984,50.06402588,85.21300507,2588.26001
3/26/2018,77.79299927,86.11068726,52.20770264,52.16640091,40.51600647,199.3399963,158.6666565,100.9129486,50.82642746,87.84080505,2658.550049
3/27/2018,74.85250092,82.1531601,49.87242508,49.78347015,39.47713089,196.1499939,150.8948975,100.7703247,50.62037659,86.13671112,2612.620117
3/28/2018,71.57099915,82.07971191,49.78525543,49.7567215,39.04094315,196.6699982,151.6978455,100.9604645,50.00909424,86.00133514,2605
3/29/2018,72.36699677,83.80599213,51.36819458,51.10544968,39.34582138,199.4799957,158.3990021,101.5149765,51.24539948,87.57007599,2640.870117
4/2/2018,68.59950256,81.28086853,50.1542511,49.85133362,39.08785248,195,154.0372925,50.29068756,98.67111969,85.88189697,2581.879883
4/3/2018,69.60250092,82.37354279,50.45389938,50.19506836,39.48885727,197.9600067,154.7510681,101.6734009,51.52701569,87.06044006,2614.449951
4/4/2018,70.52850342,84.77927399,51.00019455,50.77606964,40.24397659,200.1100006,153.7498474,103.3052597,51.42399216,88.38230133,2644.689941
4/5/2018,72.58750153,84.82520294,51.14532089,40.52304459,50.90831375,200.8500061,157.9529114,103.5428925,52.213871,89.54279327,2662.840088
4/6/2018,70.2614975,82.85102844,50.02151489,49.87955475,39.48651886,195.4900055,155.831543,101.4753571,51.42399216,87.30981445,2604.469971
4/9/2018,70.30400085,83.34684753,50.52373886,50.29610825,39.87815475,195.3300018,156.555191,102.5685349,51.42399216,88.358284,2613.159912
4/10/2018,71.81099701,85.28429413,51.33649445,40.62858582,51.09802246,197.8000031,163.6032867,52.93503952,103.1785126,90.04701233,2656.870117
4/11/2018,71.35250092,84.34772491,40.43861771,50.76988983,50.51999283,164.8721924,195.2200012,53.18229675,102.6873703,88.53437042,2642.189941
4/12/2018,72.42500305,85.92706299,40.83729553,51.37562943,51.14110565,198.1300049,162.4434662,53.03806686,103.3210831,90.73531342,2663.98999
4/13/2018,71.53949738,85.4679184,40.97564316,51.31370926,50.98062897,197,163.0878601,53.46391296,103.4715652,88.27822876,2656.300049
4/16/2018,72.07499695,86.46881866,41.23125839,51.8119812,51.41204453,198.2200012,163.3951416,53.94470596,104.3746719,88.20620728,2677.840088
4/17/2018,75.1914978,88.21340942,53.45929718,53.20406342,41.7987709,167.191803,199.2700043,53.80046082,103.4082184,88.20620728,2706.389893
4/18/2018,76.39199829,88.55316925,53.26266479,53.10103989,41.70496368,199.5099945,164.9117889,54.41175461,101.1743393,87.49391174,2708.639893
4/19/2018,77.84549713,88.25016022,53.95904922,53.87471771,40.52304459,200.3800049,166.636673,54.54912949,101.0396881,89.41471863,2693.129883
4/20/2018,76.37449646,87.23091125,53.35826111,53.14463425,38.86272812,200.1300049,164.8325195,54.26064682,100.3346329,89.21464539,2670.139893
4/23/2018,75.89299774,87.55231476,53.1844101,52.87171936,38.75017166,199.4199982,164.3963318,54.6521492,100.4693146,88.78245544,2670.290039
4/24/2018,73.00450134,85.50468445,50.65002823,50.52048874,38.21077728,196.8000031,158.2998657,53.81420898,99.96234894,88.3662796,2634.560059
4/25/2018,73.00849915,84.76092529,50.66736984,50.57992935,38.37729263,196.8000031,158.2998657,54.60405731,100.4138794,88.03012848,2639.399902
4/26/2018,75.89800262,86.55142975,51.67378235,51.51407623,38.51096725,172.6439056,197.0299988,55.53813934,101.4040756,88.11815643,2666.939941
4/27/2018,78.6309967,87.9838562,51.08637238,51.01926804,38.06539536,172.0788727,197.2299957,53.42956924,101.6100464,87.55794525,2669.909912
4/30/2018,78.3065033,85.87194824,50.44894409,50.38922882,38.75484848,170.5027161,193.7299957,53.40208817,100.1999893,87.06172943,2648.050049
5/1/2018,79.11299896,87.23091125,51.54699707,51.37885284,39.65537262,172.3465118,195.1100006,52.85261917,99.81974792,87.06172943,2654.800049
5/2/2018,78.48400116,85.86277008,41.40714645,50.81892395,50.73843002,174.5372772,193.3099976,52.74959183,97.83142853,86.37343597,2635.669922
5/3/2018,78.60399628,86.37695313,41.48218918,50.83129883,50.70573807,172.5051422,191.6100006,52.57101059,97.45911407,85.82917786,2629.72998
5/4/2018,79.04750061,87.37783813,43.10966492,52.05466461,51.91874695,175.0725861,195.6399994,52.81829453,98.37802124,86.78159332,2663.419922
5/7/2018,80.00700378,88.35115814,43.42156219,52.47367477,52.24465179,176.4207458,197.0599976,53.39522171,97.90272522,87.53393555,2672.629883
5/8/2018,79.61949921,87.97467804,43.63028717,52.43058395,52.20106888,177.3624725,196.2400055,53.63560867,97.12641144,88.83049774,2671.919922
5/9/2018,80.40000153,89.0122757,43.93747711,53.93427277,53.63003159,181.0699463,199.8699951,54.89940262,90.7673111,97.83937836,2697.790039
5/10/2018,80.45400238,89.9029541,44.56595612,54.752491,54.36359406,183.9149628,201.1999969,56.12885666,91.47163391,99.29692078,2723.070068
5/11/2018,80.14550018,89.71011353,44.39646912,54.64897537,54.39775467,185.3622437,199.3000031,56.39248657,100.7940826,91.12748718,2727.719971
5/14/2018,80.07700348,90.01312256,44.29288483,54.80846405,54.49385834,185.015274,199.1799927,56.77411652,99.859375,91.15950775,2730.129883
5/15/2018,78.80599976,89.36117554,43.89033508,53.73219299,53.45519257,182.7154999,197.3600006,56.74634552,99.12264252,90.46318817,2711.449951
5/16/2018,79.36399841,89.59172821,44.29994202,53.69356918,53.58100128,181.6052094,197.8300018,56.90591049,99.29692078,90.71131134,2722.459961
5/17/2018,79.08799744,88.69720459,44.01981735,53.55340195,53.42349625,182.1603394,197.4900055,56.80879593,90.40715027,98.10868835,2720.129883
5/18/2018,78.71849823,88.86319733,43.85973358,52.97787476,52.81772995,181.0897675,196.0599976,56.40637207,98.41763306,88.94254303,2712.969971
5/21/2018,79.27300262,90.00674438,44.17047501,53.68960571,53.47252655,182.8839874,197.9100037,57.08631134,98.00570679,89.75888062,2733.01001
5/22/2018,79.06999969,89.91452026,44.05983734,53.25870895,52.98464966,182.2000122,198.1300049,56.64226913,90.44718933,97.36406708,2724.439941
5/23/2018,80.09300232,90.98426056,44.34234619,53.78618622,53.47797394,185.2730103,195.9499969,56.99612427,90.03101349,97.79182434,2733.290039
5/24/2018,80.15350342,90.66149139,44.29288483,53.76092529,53.45568848,184.3114624,194.8300018,55.69177246,89.02255249,96.8412323,2727.76001
5/25/2018,80.50749969,90.70760345,44.39411163,53.69306946,53.27836609,183.3102722,194.1499939,54.60943222,88.5663681,47.12782669,2721.330078
5/29/2018,80.64350128,90.38484955,44.23403549,52.90011215,52.51856232,184.1230927,189.8699951,54.40822601,47.02583313,95.28507233,2689.860107
5/30/2018,81.24449921,91.25170135,44.1398735,53.36568451,52.88905334,186.0363159,194.1000061,56.5451622,47.3318634,96.53798676,2724.01001
5/31/2018,81.48100281,91.15026855,43.99155807,54.48157501,53.74048615,190.1105194,191.5299988,56.36474228,46.92382813,95.46065521,2705.27002
6/1/2018,82.07700348,92.94857025,44.78490448,56.21508026,55.44979858,192.3013153,192.2299957,56.77411652,48.52195358,96.76940155,2734.620117
6/4/2018,83.2634964,93.7600708,57.10856628,45.15921402,56.43001175,191.5974731,191.3000031,56.1774292,48.3094368,97.3200531,2746.870117
6/5/2018,84.81749725,94.23963928,45.50762558,57.00852203,56.44834518,191.260437,190.7700043,55.97622299,48.05440903,96.94498444,2748.800049
6/6/2018,84.78749847,94.51629639,45.66535187,56.80693817,56.31064987,189.6743622,193.9900055,56.93365479,48.47945404,97.99040222,2772.350098
6/7/2018,84.46499634,93.03155518,45.54294205,56.18635559,55.6657486,186.5418549,195.5700073,57.50260544,98.4213562,47.50186539,2770.370117
6/8/2018,84.19950104,93.72319794,45.12861252,56.10165787,55.51765823,187.4538879,196.0099945,58.00214005,99.00392151,88.92651367,2779.030029
6/11/2018,84.45600128,93.18832397,45.01796341,56.5072937,55.96937943,189.8726196,195.3300018,57.65524292,97.88665771,88.70243835,2782
6/12/2018,84.9375,93.42810059,56.86836243,45.26513672,56.4315033,190.7251587,195.2700043,57.18344116,97.79090881,356.7123413,2786.850098
6/13/2018,85.24299622,93.00389099,56.67222214,44.89318848,56.2071228,190.7350311,194.5500031,56.55209351,97.86273956,88.0141449,2775.629883
6/14/2018,86.19300079,93.5295105,57.45873642,57.06548691,44.91673279,195.0967255,192.5,56.81572723,97.68714905,47.21284866,2782.48999
6/15/2018,85.79850006,92.3398819,57.41714096,57.07242966,44.45532227,194.1450958,191.7599945,55.96234894,97.84674835,46.84732056,2779.659912
6/18/2018,86.1894989,93.01309967,58.62118149,58.12248611,44.43179703,196.5836945,191.1100006,56.07335663,96.81729889,86.58152008,2773.75
6/19/2018,86.73899841,93.01309967,58.37898636,57.85501862,43.71378326,195.7708282,190.3500061,55.99009323,97.81484985,86.07727814,2762.590088
6/20/2018,87.5039978,93.94451904,58.64544296,57.94318008,43.90445328,200.2415466,189.5,55.81663513,97.39188385,86.06928253,2767.320068
6/21/2018,86.51100159,93.27132416,57.92084122,57.33989334,43.65962219,199.7459106,188.8600006,55.28935623,96.92106628,86.04529572,2749.76001
6/22/2018,85.78350067,92.59809875,57.91341782,57.23192215,43.53251266,199.9838409,188.9100037,56.46188736,98.03029633,84.63665009,2754.879883
6/25/2018,83.15750122,90.73526764,56.42705536,55.71281052,42.88512039,194.6407471,186.7299957,55.32404709,97.83079529,83.86833191,2717.070068
6/26/2018,84.55449677,91.37160492,56.0972023,55.39828873,43.41716003,197.2676849,186.4400024,55.94846344,97.63925934,83.92436218,2723.060059
6/27/2018,83.02549744,89.95141602,55.32058716,54.68107605,43.35359573,194.1352081,184.9100037,56.6908226,97.04872131,82.62779236,2699.629883
6/28/2018,85.07250214,90.95658875,55.80794907,55.18827438,43.66904449,194.5217896,187.0899963,56.87123871,97.35996246,83.98038483,2716.310059
6/29/2018,84.98999786,90.93817139,55.92731094,55.25910568,43.57724762,192.6284332,186.6499939,57.39853668,96.83326721,83.39611816,2718.370117
7/2/2018,85.68900299,92.22923279,56.5672226,55.84406281,44.06454086,195.6419525,187.8300018,56.72553635,97.02479553,84.10044098,2726.709961
7/3/2018,84.69799805,91.34394073,55.2878952,54.62709045,43.29709244,191.0522308,186.0200043,57.05855942,97.92658234,82.92391205,2713.219971
7/5/2018,84.9865036,91.99868774,56.5266037,55.68606186,43.64550781,196.7224426,187.5,57.10712051,99.75406647,83.46308136,2736.610107
7/6/2018,85.53150177,93.28978729,57.2096138,56.47360229,44.2505188,201.4608612,187.5599976,57.12101364,100.3525848,83.73666382,2759.820068
7/9/2018,86.9509964,93.92605591,57.81386185,57.16109085,44.86494446,202.9577179,189.6399994,57.51647949,100.5919876,86.32777405,2784.169922
7/10/2018,87.15350342,94.1750946,57.80692291,57.10115433,44.81080627,201.7681732,189.8999939,58.04376602,101.6533661,85.79669189,2793.840088
7/11/2018,87.75,94.04598999,58.02088928,57.15365982,44.22933197,200.7768707,189.9100037,57.30140305,100.7436295,85.61161804,2774.02002
7/12/2018,89.83100128,96.08403015,59.49684906,58.61878586,44.97088623,205.1187439,189.9600067,57.37077713,101.9566269,85.98175812,2798.290039
7/13/2018,90.65149689,97.22755432,59.65335083,58.88328171,45.04151154,205.515274,190.9600067,57.80093384,100.4962387,85.58747101,2801.310059
7/16/2018,91.12449646,96.74803162,59.26158142,58.63760376,44.94263458,205.4260406,192,57.23200989,99.50665283,88.98329926,2798.429932
7/17/2018,92.19650269,97.70709229,60.08227921,59.37759399,45.06975555,208.1620331,190.4100037,57.10712051,103.0339966,88.91890717,2809.550049
7/18/2018,92.14600372,96.94167328,60.07385254,59.23296738,44.82256699,207.5374908,200.4400024,57.04468155,101.9885406,89.7477417,2815.620117
7/19/2018,90.64849854,96.27767944,59.38986588,58.79114914,45.17097092,206.2785492,197.4900055,56.898983,100.5042038,88.42803955,2804.48999
7/20/2018,90.68499756,98.00219727,59.32944107,58.68960571,45.06739044,208.112442,196.7799988,56.4757576,100.4323807,89.54657745,2801.830078
7/23/2018,90.09999847,99.56995392,59.97925568,59.7094574,45.10741806,209.0740204,197.8500061,56.4757576,101.0548553,91.21228027,2806.97998
7/24/2018,91.46199799,99.28405762,62.31453705,61.81847,45.43463898,212.8012695,198.4600067,57.59280014,103.2334976,91.85603333,2820.399902
7/25/2018,93.18049622,102.2074356,63.19565201,62.59215164,45.8630867,215.6066284,197.6100006,57.99520111,102.6429367,92.68489075,2846.070068
7/26/2018,90.40000153,101.0915833,63.66915131,62.82148743,45.71948242,174.7256317,197.4600067,58.44617462,103.9676819,92.41933441,2837.439941
7/27/2018,90.8635025,99.30253601,62.05401611,61.34397125,44.95910645,173.367569,197.9499969,56.83654022,104.9811707,93.36888885,2818.820068
7/30/2018,88.96099854,97.17223358,60.92228317,60.41477203,44.70722198,169.5709076,199.0899963,56.71165466,105.4759598,93.93215942,2802.600098
7/31/2018,88.87200165,97.82698822,60.78260803,60.29193115,44.79666901,171.0776825,197.8699951,56.55209351,105.7553024,92.49980164,2816.290039
8/1/2018,89.85849762,98.01145172,61.06839752,60.42814255,47.43564987,170.1557465,197.8500061,55.77502441,105.8510132,93.07116699,2813.360107
8/2/2018,91.71649933,99.20106506,61.4715538,48.82223892,60.73226547,174.834671,198.0599976,55.44200134,104.7417679,93.46543884,2827.219971
8/3/2018,91.16449738,99.63450623,48.9634819,61.32445526,60.61141205,176.2323761,200.2400055,55.64319229,105.300415,94.22186279,2840.350098
8/6/2018,92.38749695,99.71750641,49.21772766,61.30018616,60.66390991,184.0735626,206.0599976,55.62932587,105.3562698,94.24598694,2850.399902
8/7/2018,93.12400055,100.4091339,62.20012283,61.52822876,48.75632095,182.2098999,208.7200012,56.38556671,104.9093475,94.59203339,2858.449951
8/8/2018,94.3259964,100.9716721,62.47203827,61.69613647,48.78925323,183.5679626,208.9400024,56.01091003,104.6779175,94.78512573,2857.699951
8/9/2018,94.9260025,101.1376953,62.62705994,61.86899948,49.17299652,181.4962006,209.1000061,55.72645187,104.7018585,94.0528717,2853.580078
8/10/2018,94.31500244,100.5198135,62.0351944,49.02652359,61.29988861,178.6908112,206.6300049,55.67037582,104.3427277,93.12748718,2833.280029
8/13/2018,94.80999756,99.79128265,61.8435173,49.34308243,61.17110825,178.4826355,205.1699982,55.0675354,103.9197922,91.6468277,2821.929932
8/14/2018,95.98249817,101.0362244,62.31403732,49.55097961,61.52228546,179.5334167,205.8300018,54.8923111,103.3452148,92.25839996,2839.959961
8/15/2018,94.1309967,99.66613007,49.66673279,61.03025055,60.14929581,177.9671478,204.5,53.93198776,104.0873642,91.49391937,2818.370117
8/16/2018,94.3259964,99.64763641,50.39435196,60.62609482,59.75849152,173.1791992,207.5599976,54.67500305,105.7233276,92.35494995,2840.689941
8/17/2018,94.11100006,99.59209442,51.40073395,60.21946716,59.48457718,208.1399994,172.2870636,107.3114319,54.85726547,92.35494995,2850.129883
8/20/2018,93.83550262,98.93479156,50.89989471,60.521595,59.82188797,208.4600067,170.9983673,109.2346802,55.24279785,92.23425293,2857.050049
8/21/2018,94.17099762,98.11090851,50.80067444,60.29673767,59.51727295,208.4900055,171.1173248,108.0136871,55.25680542,92.79753876,2862.959961
8/22/2018,95.24500275,99.110672,50.80304337,60.51169205,59.8000946,207.3300018,172.1284332,56.04890442,107.4231491,92.51589203,2861.820068
8/23/2018,95.14499664,99.57355499,50.90698624,60.48246765,59.70350266,207.2400055,171.3948822,107.8221359,55.43206024,92.32276917,2856.97998
8/24/2018,95.26950073,100.3512115,51.06526184,61.25462723,60.4598465,207.9799957,173.1296692,108.4925003,55.81056976,92.28252411,2874.689941
8/27/2018,96.38400269,101.4620743,51.48577499,62.22141266,61.50841141,175.9151611,210.5099945,56.35731125,108.3880768,93.91606903,2896.73999
8/28/2018,96.64099884,102.0731049,51.90154266,61.70582581,60.97991562,210.7700043,174.7256317,56.27321625,107.9060745,93.45740509,2897.52002
8/29/2018,99.90499878,103.7024002,52.67640686,62.63646698,61.87890625,211.2700043,174.3687744,56.67974472,108.3398743,93.15161896,2914.040039
8/30/2018,100.1190033,103.6376114,53.16069031,62.13078308,61.37468338,176.0936127,209.75,56.43441391,108.4121704,92.69293976,2901.129883
8/31/2018,100.635498,103.9893875,53.77490997,61.00946045,60.33800125,174.2002411,208.7200012,56.19610214,108.2033081,92.20206451,2901.52002
9/4/2018,101.975502,53.94736481,103.4153976,59.99460602,59.2884407,210.0500031,169.6700439,56.28021622,107.4240723,92.66074371,2896.719971
9/5/2018,99.74099731,53.59537125,100.434494,59.38986588,58.76737213,212.2599945,165.7246857,57.03025436,109.1432343,92.2101059,2888.600098
9/6/2018,97.91549683,52.70475388,100.6659622,58.64148712,58.02242661,212.8800049,161.1151581,56.39936829,109.9546051,91.81581116,2878.050049
9/7/2018,97.60350037,52.27953339,100.1753082,58.32451248,57.69503784,214.0399933,161.6207275,57.35970306,110.3161392,91.99282837,2871.679932
9/10/2018,96.95050049,101.2584381,51.57789993,58.19919586,57.68562317,215.1100006,162.7508087,57.27557755,110.2277527,91.50198364,2877.129883
9/11/2018,99.35749817,102.9803009,52.8819313,58.93865967,58.31565475,215.1000061,164.4954681,58.0816803,111.27211,92.08135223,2887.889893
9/12/2018,99.5,103.4153976,52.22519302,58.02782822,57.59547043,214.5899963,160.5897675,58.27095032,111.9549637,90.99502563,2888.919922
9/13/2018,99.49349976,104.5263138,53.48670578,58.54985809,58.21510696,214.8899994,159.9553223,57.70316315,112.3807449,91.34909058,2904.179932
9/14/2018,98.5094986,104.9521637,52.87957382,58.34381866,58.07642365,216.3699951,160.9070129,58.12376404,112.0593872,91.33300781,2904.97998
9/17/2018,95.40149689,103.8134842,51.47159958,57.44487,57.26015854,216.2899933,159.1821442,58.46722794,112.4369736,91.60659027,2888.800049
9/18/2018,97.05249786,104.8040543,51.55664825,57.80544281,57.51622772,218.3000031,158.9045868,58.62142181,112.9029007,91.97676086,2904.310059
9/19/2018,96.32099915,103.4061508,51.58734894,58.16006088,58.00509644,220.9499969,161.6405487,59.32240295,112.8386459,94.64833832,2907.949951
9/20/2018,97.21499634,105.1373138,51.97950745,59.01691818,58.78668594,221.6799927,164.5748138,59.45558167,114.0597458,95.46105957,2930.75
9/21/2018,95.75050354,105.7760925,51.41962433,58.05357361,57.75744247,220.5200043,161.5116577,59.70091248,114.7827759,94.83344269,2929.669922
9/24/2018,96.71800232,106.1556396,52.1590538,58.42207336,58.1180191,218.1300049,163.9700775,60.70329285,112.8466644,93.92410278,2919.370117
9/25/2018,98.72750092,105.9519577,52.48978424,59.13182068,58.67673492,218.0500031,163.474411,60.63318634,111.3765488,93.65856934,2915.560059
9/26/2018,98.74250031,105.5168839,52.07163239,59.1402359,58.47068787,216.1100006,165.4966583,60.12850189,110.9909363,92.55613708,2905.969971
9/27/2018,100.6490021,105.9149551,53.1417923,59.79896927,59.17153931,216.6999969,167.3702393,60.12149048,111.0391693,92.15379333,2914
9/28/2018,100.1500015,105.8779297,53.32842255,59.78510666,59.11360168,214.1100006,163.0283508,59.59576035,110.9989548,90.80187988,2913.97998
10/1/2018,100.2180023,107.0258255,53.68750763,59.85691452,59.20473099,214.7799988,161.0259399,60.14953995,112.2200851,369.7625122,2924.590088
10/2/2018,98.56549835,106.6000137,54.16469955,59.81283569,59.44248962,215.2899933,157.9430389,60.60515594,112.8547287,373.7088013,2923.429932
10/3/2018,97.63800049,106.6185226,54.82381821,60.00550842,59.58314896,216.3999939,161.016037,60.38785934,111.6898575,379.444458,2925.51001
10/4/2018,95.47100067,104.4152451,53.85995483,58.29875183,57.86145782,218.9700012,157.4671936,59.98830795,111.9468994,377.2101746,2901.610107
10/5/2018,94.48249817,103.8042679,52.98588181,57.8411026,57.32454681,219.4600067,155.9604034,59.8200798,111.7460861,373.8055115,2885.570068
10/8/2018,93.22100067,102.619278,52.86303329,57.25121689,56.90947723,222.0599976,155.881134,60.37381744,111.9790802,93.44738007,2884.429932
10/9/2018,93.51599884,103.9245834,53.59537125,56.71878052,56.40673447,223.7599945,156.5254517,60.64021301,111.8264236,372.8092957,2880.340088
10/10/2018,87.76249695,51.11251068,98.27753448,54.09326553,53.55375671,213.1000061,150.0622253,59.24528503,110.6455307,90.3276062,2785.679932
10/11/2018,85.96800232,98.04605865,50.66129684,54.02293015,53.45964813,205.1900024,152.0150909,57.19847488,107.520462,87.62110901,2728.370117
10/12/2018,89.43049622,101.4343109,52.47087479,55.49889374,54.98321533,206.8000031,152.4016571,57.04427719,107.544548,348.3092957,2767.129883
10/15/2018,88.04750061,99.6105957,51.34873962,54.60242081,54.10007858,205.0299988,152.1835938,56.65172577,107.6088257,347.1196594,2750.790039
10/16/2018,90.9980011,102.7581406,52.48032379,56.11997604,55.53796387,209.8300018,157.3977966,56.91809082,109.705574,356.1826172,2809.919922
10/17/2018,91.58650208,102.4896774,52.25353622,55.84806442,55.26109314,210.5200043,158.0322418,112.0352936,57.1283989,88.99867249,2809.209961
10/18/2018,88.53600311,100.4437637,51.03219604,54.37805176,53.88809586,208.6999969,153.5714111,57.37372208,112.0674438,87.58869934,2768.780029
10/19/2018,88.20149994,100.5918808,51.80941772,54.73813629,54.30860519,209.8300018,152.7089844,57.4578476,111.705925,87.44282532,2767.780029
10/22/2018,89.46499634,101.4898529,52.12597275,55.04471207,54.54140091,206.1900024,153.4326324,111.4086838,56.88304901,86.18682098,2755.879883
10/23/2018,88.43499756,52.61735153,100.0734711,55.22004318,54.66671753,204,153.0460205,111.6095047,55.96478271,85.28733063,2740.689941
10/24/2018,83.20999908,50.81248856,94.72265625,52.35778046,52.04257584,199.8099976,144.7687073,110.4366226,54.40865326,343.0282288,2656.100098
10/25/2018,89.10849762,100.2586136,51.9251709,54.65937424,54.26451874,201.9799957,149.6359558,111.2399979,54.8923111,351.8493958,2705.570068
10/26/2018,82.14050293,99.01811981,51.09833527,53.67673111,53.0708313,198.4900055,144.1045532,110.0349808,54.34556198,347.4968567,2658.689941
10/29/2018,76.94400024,50.13921738,96.13902283,51.2488327,50.52544403,200.0399933,140.8531036,110.5008926,54.00909805,84.96321106,2641.25
10/30/2018,76.52100372,50.38961792,96.02793884,51.98086548,51.32437134,203.3500061,144.9471436,113.0716248,55.22176743,86.46231842,2682.629883
10/31/2018,79.90049744,51.70310974,98.87924194,54.01501465,53.33334732,205.2799988,150.4686279,112.4610748,55.85263443,88.34228516,2711.73999
11/1/2018,83.27649689,52.49686813,98.05534363,53.78717804,52.99802017,205.8600006,150.4290161,113.1278381,56.54657745,88.30988312,2740.370117
11/2/2018,83.27649689,98.27753448,49.01470947,53.0695076,52.39324951,206.5700073,149.0411987,113.0153732,57.44379425,87.82366943,2723.060059
11/5/2018,81.38999939,99.52725983,47.62327194,52.2889328,51.51655197,216.2400055,147.3857269,114.2364883,57.22651291,88.39901733,2738.310059
11/6/2018,82.14050293,99.72167969,48.13827515,52.9744072,52.29518127,218.5099945,148.6347809,114.5337296,57.47185516,88.81228638,2755.449951
11/7/2018,87.77449799,103.646843,49.59822464,54.88968277,54.15654755,221.2400055,150.210907,116.2850571,58.20084381,90.33570099,2813.889893
11/8/2018,87.74549866,103.4524536,49.42515945,54.21559906,53.61220932,222.4199982,146.5827637,116.7268906,57.27557755,91.06501007,2806.830078
11/9/2018,85.62149811,101.4343109,48.4721756,53.34340668,52.80732346,219.6300049,143.6980896,116.7589645,57.2614212,90.1817627,2781.01001
11/12/2018,81.84249878,98.93479156,46.03043747,51.97343445,51.44424057,215.4199982,140.3177795,116.9839172,56.52502823,88.28556824,2726.219971
11/13/2018,81.5585022,98.99961853,45.57052612,51.90458679,51.31645203,217.9199982,140.9224854,116.2287979,55.22925186,88.80418396,2722.179932
11/14/2018,79.95050049,97.5956955,44.28328705,52.23197937,51.69337082,216.0299988,142.9645538,115.8833542,54.79733658,86.97283936,2701.580078
11/15/2018,80.97200012,99.74342346,45.37615967,53.04771423,52.73600388,217.3800049,142.5977783,116.0841675,55.36380386,89.19314575,2730.199951
11/16/2018,79.67050171,100.6824265,45.87871552,52.91002655,52.57651138,218.4100037,138.3153534,117.2812042,55.9090271,89.12832642,2736.27002
11/19/2018,75.61450195,97.27030182,44.06044769,50.88677597,50.52148056,217.9400024,118.6790161,130.4048309,56.09310913,89.80899811,2690.72998
11/20/2018,74.77300262,94.56469727,41.95532227,51.03685379,50.80677414,210.7100067,117.6506805,131.2771759,54.49996185,87.8804245,2641.889893
11/21/2018,75.83650208,95.86634827,41.90791702,51.67972946,51.39371872,210.8600006,133.6463928,114.0677719,54.91770554,87.2240448,2649.929932
11/23/2018,75.10299683,95.82917023,51.01951981,40.84350586,50.71365356,207.0700073,114.2605972,130.5832825,53.45200729,86.42182922,2632.560059
11/26/2018,79.0664978,98.99029541,52.29933167,51.93905258,41.39586639,210.6300049,135.1928101,114.2929077,54.50703049,88.53677368,2673.449951
11/27/2018,79.07099915,99.61325073,52.11805725,51.73052216,41.30577469,212.5299988,115.7885971,133.8248138,54.55660629,88.9095459,2682.169922
11/28/2018,83.88749695,103.3136292,54.07494354,53.80191803,42.89409637,217.5,118.3918457,135.5694733,55.54790115,89.89815521,2743.790039
11/29/2018,83.67849731,102.4489594,54.21312714,53.90443802,42.56457138,217.6999969,137.4727783,117.9148407,55.97981644,89.18505096,2737.800049
11/30/2018,84.50849915,103.0997772,54.95952225,54.20806122,42.33462906,218.2400055,139.3859711,118.7637711,56.29135132,90.10071564,2760.169922
12/3/2018,88.61799622,104.2154922,55.29185867,54.8024292,43.81388855,220.8099976,139.8617859,118.2058945,57.5092392,90.9515686,2790.370117
12/4/2018,83.41999817,100.8962784,52.62276077,41.88658524,52.04801559,210.1199951,118.0603561,136.7292938,56.24180222,86.89179993,2700.060059
12/6/2018,84.95950317,101.5192337,53.39589691,52.93511963,41.41957474,207.9600067,138.4145203,117.9633942,55.50541306,85.23873138,2695.949951
12/7/2018,81.45649719,97.45623016,51.83574295,51.34270096,39.94266891,204.8800049,117.5752792,136.2237396,54.97435379,83.69911957,2633.080078
12/10/2018,82.05149841,100.0316467,52.16264343,51.48980331,40.20580292,203.2599945,140.6151886,117.4378433,54.19548416,82.13516235,2637.719971
12/11/2018,82.16200256,100.9613647,52.58214569,52.09407806,39.97585297,202.2799988,140.8431702,118.4403381,54.29460907,81.33292389,2636.780029
12/12/2018,83.17700195,101.4169464,53.18045425,52.68498993,40.08728027,202.4799957,143.2421112,118.9254379,53.82730865,81.85964203,2651.070068
12/13/2018,82.91899872,101.7609482,53.17103958,52.59682083,40.5258522,202.4199982,143.7476654,119.5236893,54.50703049,81.9406662,2650.540039
12/14/2018,79.59549713,98.58119965,52.08982468,51.61611557,39.22911835,200,142.805954,107.5260696,53.51575851,81.26810455,2599.949951
12/17/2018,76.04550171,95.6618042,50.79911423,50.34960556,38.86403656,197.9199982,138.969635,104.4053421,52.42531586,80.23087311,2545.939941
12/18/2018,77.5739975,96.6659317,51.67873764,50.9528923,39.36898041,196.5200043,142.4094391,105.4401932,50.98086548,79.85001373,2546.159912
12/19/2018,74.7539978,96.40559387,51.28498459,50.67056274,38.14099884,195.1699982,132.0801392,103.1684265,50.1170311,78.83712006,2506.959961
12/20/2018,73.04149628,94.37875366,50.69659042,49.99695206,37.17851639,193.5800018,132.2387238,103.7020035,48.59467316,78.15642548,2467.419922
12/21/2018,68.87249756,91.32918549,49.09532547,48.51746368,35.73243713,192.1000061,123.8622894,103.5564728,48.23357391,76.30886841,2416.620117
12/24/2018,67.19799805,87.51717377,48.76942444,48.35302353,34.80789948,187.7599945,122.9800262,99.31202698,46.38550568,74.6639328,2351.100098
12/26/2018,73.54499817,93.49550629,51.89864731,51.48534775,37.25911331,197.5700073,133.0119629,102.4407883,48.60174561,77.75936127,2467.699951
12/27/2018,73.08200073,94.07193756,52.14876556,51.70427704,37.01732254,200.1199951,133.3489838,103.0067291,48.81417465,78.63453674,2488.830078
12/28/2018,73.90100098,93.33744049,51.84070206,51.36746216,37.0362854,202.0800018,132.0404205,102.8935318,48.26895905,78.46437836,2485.73999
12/31/2018,75.09850311,94.43453217,51.75551224,51.29465103,37.39424133,204.1799927,129.948822,104.3326187,48.28313065,79.10449982,2506.850098
1/2/2019,76.95649719,94.0161438,52.23693466,51.80184937,37.43690872,202.8000031,134.4988861,103.281601,49.34524155,80.47396851,2510.030029
1/3/2019,75.01399994,90.55749512,50.79019165,50.32632828,33.70793152,191.6600037,130.5931702,101.640419,48.58759308,79.33029175,2447.889893
1/4/2019,78.76950073,94.76924896,53.395401,53.03318787,35.14688873,195.1999969,136.7491302,103.3462753,50.3789978,82.25485229,2531.939941
1/7/2019,81.47550201,94.8901062,53.28891754,52.91827393,35.06865692,196.9100037,136.8482513,102.6833344,50.64099503,82.31202698,2549.689941
1/8/2019,82.82900238,95.578125,53.75696182,53.30908203,35.73718643,196.3099976,141.2892303,105.0683212,51.00918579,330.8918762,2574.409912
1/9/2019,82.97100067,96.94483948,53.57271576,53.22883224,36.34406662,196.3699951,142.9744568,104.2355957,51.27826309,334.0984802,2584.959961
1/10/2019,82.81099701,96.32193756,53.43304825,53.01436615,36.46021271,196.5800018,142.9447021,104.866188,51.01626587,342.6300354,2596.639893
1/11/2019,82.02799988,95.578125,52.72180939,52.36352158,36.10225677,196.2899933,142.548233,104.8985596,50.78261185,342.9118042,2596.26001
1/14/2019,80.86049652,94.88080597,52.07992935,51.74439621,35.55937195,195.7799988,144.1243744,103.7100754,50.71888733,340.4436646,2582.610107
1/15/2019,83.72799683,97.63285065,53.81343079,53.35216904,36.28715897,196.9400024,147.6533356,104.5832291,50.7471962,342.2704773,2610.300049
1/16/2019,84.18900299,97.97686005,53.96201706,53.54137421,36.73046875,198.4100037,146.255661,103.516037,50.72595215,342.0955505,2616.100098
1/17/2019,84.66100311,98.66490173,54.43798447,53.98368835,36.94856644,198.7799988,147.0090332,104.3649521,51.07291031,348.9265747,2635.959961
1/18/2019,84.80999756,100.1431656,54.8431282,54.39775467,37.17614746,204.4799957,148.7338715,105.658493,51.68185425,354.4069519,2670.709961
1/22/2019,81.60849762,98.25579071,53.42314148,53.02377701,36.34169769,200.7200012,146.2853851,104.1304855,50.90297699,347.7702637,2632.899902
1/23/2019,82.00099945,99.21344757,53.70941925,53.27390289,36.48866653,201.1499939,143.0438538,104.1304855,50.48521805,348.4601746,2638.699951
1/24/2019,82.74649811,98.73925018,53.68911362,53.191185,36.19944,201.0200043,144.5605469,102.6994858,50.55602264,348.1297913,2642.330078
1/25/2019,83.52850342,99.64112854,54.55635071,54.03767395,37.39897537,202.75,147.7128448,103.6696701,50.78261185,353.8919678,2664.76001
1/28/2019,81.89450073,97.69793701,53.48405838,53.00198746,37.0528717,200.9499969,146.1862183,104.284111,50.44273376,352.6967773,2643.850098
1/29/2019,79.69400024,95.7082901,52.99868011,52.53341675,36.66883469,202.0500031,142.9347992,105.3674393,50.63389587,354.5818787,2640
1/30/2019,83.52149963,98.90663147,54.38201904,53.94207764,39.17458344,205.9600067,149.1105957,106.4265213,376.7462769,51.18619919,2681.050049
1/31/2019,85.93650055,97.09362793,55.76386642,55.2947731,39.45669556,205.5399933,165.2389374,107.5907364,374.705719,51.88719177,2704.100098
2/1/2019,81.31150055,95.55951691,55.40379333,55.0164032,39.47566223,209.1900024,164.2674713,108.4962082,53.7564888,376.4644775,2706.530029
2/4/2019,81.66549683,98.31156158,56.53304672,56.10855865,40.59695816,208.5200043,167.7766571,107.429039,385.7636414,52.97761154,2724.870117
2/5/2019,82.94049835,99.68760681,57.05062485,56.76187134,41.29153824,207.8200073,169.6700439,398.5706177,107.429039,53.52281952,2737.699951
2/6/2019,82.01300049,98.58119965,55.61528397,55.23830032,41.30577469,206.0099945,169.0058899,399.4742432,107.5260696,53.28913879,2731.610107
2/7/2019,80.71849823,97.87459564,54.77428818,54.42005539,40.52347183,201.7299957,164.9316406,395.6802673,106.7580261,52.87849045,2706.050049
2/8/2019,79.41100311,98.24650574,54.59944534,54.23925781,40.5710907,200.9199982,165.8733673,395.4263916,107.0409851,52.9643898,2707.879883
2/11/2019,79.55000305,97.85601807,54.58657074,54.23679352,40.33776093,203.0500031,164.346756,394.4888611,106.7175903,53.05030441,2709.800049
2/12/2019,81.90049744,99.38079834,55.84756851,55.54241943,40.6853714,206.1499939,163.6032867,401.1003113,108.4638901,53.98100281,2744.72998
2/13/2019,82,99.30641174,55.89957809,55.48248672,40.51632309,205.8000031,162.6417542,400.963562,108.6983414,54.58956146,2753.030029
2/14/2019,81.13249969,99.39011383,55.92781067,55.55728912,40.66392899,202.7799988,162.5227966,400.2213745,108.585144,54.60386658,2745.72998
2/15/2019,80.39749908,100.6173859,55.45381546,55.16004181,40.57346344,205.2899933,161.0854187,408.180481,110.2586975,55.63480759,2775.600098
2/19/2019,81.3789978,100.5708694,55.79457092,55.4032402,40.69489288,205.6900024,160.877243,406.5105591,109.7008286,56.00710297,2779.76001
2/20/2019,81.10500336,100.0480042,55.50136566,55.16747665,40.95677567,206.1600037,161.1448975,411.6766052,110.2343903,56.22185516,2784.699951
2/21/2019,80.97200012,102.1582108,54.69007874,54.33386612,40.72584152,205.3300018,158.6468353,407.7995911,109.4825516,55.71354294,2774.879883
2/22/2019,81.57800293,103.6148071,55.30176163,54.99758148,41.18057632,201.9100037,160.4807129,414.1180725,110.4365387,56.14310837,2792.669922
2/25/2019,81.65000153,104.1937027,55.33990479,54.94953918,41.4805603,202.3099976,163.1869507,416.8720398,110.8434448,56.20038223,2796.110107
2/26/2019,81.81999969,104.912674,55.57168961,55.23334885,41.5043602,201.8999939,162.7012329,416.7743835,110.770195,56.31495667,2793.899902
2/27/2019,82.05449677,104.7352448,55.61528397,55.27891922,41.63292694,202.2899933,161.3927002,425.2413025,110.5748825,56.89484406,2792.379883
2/28/2019,81.99150085,104.6045227,55.79655838,55.47060394,41.22341919,201.3000031,160.0445557,429.6553955,111.2015533,56.5798378,2784.48999
3/1/2019,83.58650208,105.0714035,56.88470459,56.51421738,41.65673447,203.1300049,160.8673401,430.2999878,112.5931778,57.27429199,2803.689941
3/4/2019,84.8085022,104.8192978,57.12739563,56.85152054,41.86623383,201.8099976,165.9130096,422.5557251,112.6989517,57.49622345,2792.810059
3/5/2019,84.62149811,104.296402,57.90845871,57.55634689,41.79005814,169.7691803,201.4700012,420.0458984,112.9349899,57.41030884,2789.649902
3/6/2019,83.44750214,104.3431015,57.69796371,57.34981155,41.54959488,171.0082855,200.6699982,414.5184937,113.1953888,56.75880051,2771.449951
3/7/2019,81.29750061,103.0732422,57.00009918,56.62862778,41.06867981,167.6577148,199.3000031,412.6629639,112.5036545,57.38883972,2748.929932
3/8/2019,81.04000092,103.1852875,56.95652008,56.5800972,41.16627884,168.1236115,198.6999969,412.6434631,112.3571701,56.56552124,2743.070068
3/11/2019,83.53099823,105.351532,58.40721893,58.23640442,42.59238815,170.5721283,202.0899963,112.7640839,57.1167717,390.6411438,2783.300049
3/12/2019,83.65499878,106.0891647,59.29823685,59.10022736,43.07091904,170.4234314,202.5,113.2686615,57.27429199,366.6173096,2791.52002
3/13/2019,84.54049683,106.9108276,59.38788223,59.10616302,43.26137543,171.8607941,204.0599976,113.4558334,57.78260803,368.3067932,2810.919922
3/14/2019,84.31099701,106.9948654,59.06445694,58.72130966,43.7422905,203.3800049,168.6886597,112.3246307,57.58930588,364.5567017,2808.47998
3/15/2019,85.61799622,108.2273788,58.95401001,58.66731644,44.31130981,204.3099976,164.5351105,111.9828186,57.38167191,370.1134644,2822.47998
3/18/2019,87.10749817,109.7773438,58.86733627,58.6574173,44.76366425,206.6799927,159.0730896,58.04748154,111.632843,363.5605774,2832.939941
3/19/2019,88.09249878,109.8520508,59.55628967,59.38006973,44.40893173,205.1499939,160.1635132,112.6664276,57.89714432,364.6836548,2832.570068
3/20/2019,89.8635025,109.7306366,60.74347687,60.62428284,44.79698944,203.2700043,163.9998322,58.21930313,111.7305222,367.349762,2824.22998
3/21/2019,90.96299744,112.251709,61.2239151,60.99924088,46.44687653,204.4299927,164.6342468,58.55580139,112.3897095,363.9707947,2854.879883
3/22/2019,88.2385025,109.2918167,59.81333542,59.7094574,45.48503494,200.5500031,162.9094086,57.61793137,111.4212723,353.6874084,2800.709961
3/25/2019,88.71299744,109.8613815,59.30467606,59.09031677,44.93508148,199.4400024,164.8424072,111.1771393,57.21699905,361.7832336,2798.360107
3/26/2019,89.18800354,110.0948105,58.93122864,58.67525101,44.47082138,200.6199951,166.2203522,112.7722397,57.96159363,361.7051392,2818.459961
3/27/2019,88.28500366,109.0303345,58.3453064,58.10068893,44.87080383,199.2100067,164.4260712,112.8780212,57.51770782,365.4454346,2805.370117
3/28/2019,88.67099762,109.1797562,58.06100464,57.87631607,44.93031311,200.6600037,164.1088562,113.024498,57.80406952,365.6700134,2815.439941
3/29/2019,89.03749847,110.1228333,58.28983307,58.11505508,45.22315598,200.8899994,165.2389374,113.7650909,57.84704208,372.4865417,2834.399902
4/1/2019,90.70950317,111.1312408,59.38392639,59.16114807,45.53028107,205,167.2314453,58.51284409,113.1059189,382.3695374,2867.189941
4/2/2019,90.6989975,111.289978,59.70883179,59.46130371,46.19214249,172.683548,203.8800049,58.26228714,112.072319,381.5980225,2867.23999
4/3/2019,91.03500366,112.0182648,59.96984863,59.73025513,46.50877762,172.0292969,203.6699982,57.9186058,111.632843,375.7287598,2873.399902
4/4/2019,90.94300079,111.4487076,60.39776993,60.17999649,46.58973312,174.4877472,204.1000061,58.74194336,110.3307495,386.5883179,2879.389893
4/5/2019,91.86399841,111.9435806,60.00153732,59.79117966,46.9016304,174.1903381,205.3300018,59.05693436,110.8271484,382.7503662,2892.73999
4/8/2019,92.49299622,111.9809341,59.84454346,59.62722397,47.6396637,173.407196,205.25,59.42209244,110.7946396,365.7481384,2895.77002
4/9/2019,91.79199982,111.3739777,59.56767654,59.30082321,47.49681091,176.0341339,204.9199982,58.65603256,110.3307495,149.3547363,2878.199951
4/10/2019,92.36650085,112.2236786,59.75389862,59.54401398,47.76345444,176.2720642,204.5200043,58.39110947,110.3388977,150.3694611,2888.209961
4/11/2019,92.20349884,112.3544083,59.90942001,59.66586685,47.36587143,175.9647522,206.6699982,58.6703186,110.0377579,48.32706451,2888.320068
4/12/2019,92.15299988,112.9333344,60.56022644,60.32215118,47.34682846,177.5409088,210.5599976,57.93292999,110.6644287,370.74823,2907.409912
4/15/2019,92.24349976,113.0266876,60.74842834,60.48213577,47.43254089,178.0860901,209.7400055,57.73965454,111.1038589,152.1523895,2905.580078
4/16/2019,93.15200043,112.7652359,61.01490021,60.7808075,47.43729782,177.3129272,211.8000031,58.13338852,112.3246307,372.7795105,2907.060059
4/17/2019,93.24099731,113.698967,61.42251968,61.23698425,48.36103821,177.2236938,210.3699951,58.29805756,112.7315292,50.71743011,2900.449951
4/18/2019,93.08450317,115.1929321,61.48839569,61.23847198,48.53483582,176.7280579,209.9900055,58.08327484,111.9177017,50.65680313,2905.030029
4/22/2019,94.3655014,115.5570602,62.0970993,61.85611725,48.69434738,179.8605194,209.4900055,59.35047913,112.1699905,50.94261932,2907.969971
4/23/2019,96.18849945,117.1257248,62.93067169,62.63425064,49.39668655,182.180191,211.6100006,59.6941185,113.8545837,50.90797043,2933.679932
4/24/2019,95.08750153,116.7242126,62.40864563,62.21075439,49.32051086,180.9906006,210.5700073,58.53432465,113.2849426,50.85600281,2927.25
4/25/2019,95.11250305,120.5898209,62.76970673,62.57976532,48.87291718,191.5776215,211.9499969,58.86364365,113.6511688,49.89466095,2926.169922
4/26/2019,97.53150177,121.2807617,63.26895523,63.0121727,48.6395874,189.8230743,214.2200012,114.2533875,57.62508774,94.22743988,2939.879883
4/29/2019,96.92150116,121.1686935,64.19910431,63.77494812,48.71339798,193.0843964,216.5800018,113.8057861,57.25281525,95.58564758,2943.030029
4/30/2019,96.3259964,121.9437027,59.38293839,47.77536011,58.86644363,191.7164307,216.7100067,114.9126205,57.47475433,95.52804565,2945.830078
5/1/2019,95.5759964,119.4039764,50.12044907,58.11301422,57.85600662,191.3496094,216.7100067,115.5230026,56.32210922,94.7953949,2923.72998
5/2/2019,95.04100037,117.8446732,49.79427338,57.7757225,57.58507538,190.8539886,215.9299927,114.9776611,55.33411026,95.00121307,2917.52002
5/3/2019,98.1230011,120.3563614,50.41327286,58.91686249,58.71388626,193.7684021,218.6000061,115.5717773,55.46297455,95.58564758,2945.639893
5/6/2019,97.52749634,119.6560822,49.634758,59.11051941,58.91151047,192.1922607,213.1600037,115.6369171,55.21957397,94.7378006,2932.469971
5/7/2019,96.05000305,117.2004089,48.29675674,58.38740921,58.15418625,188.1180267,209.4299927,113.9115982,54.92604446,93.19023895,2884.050049
5/8/2019,95.8884964,117.1910706,48.30627823,57.98721695,57.76635742,187.8900146,209.2899933,113.7650909,55.01194382,152.4558868,2879.419922
5/9/2019,94.99349976,117.1817551,47.78726578,57.84803772,57.57368469,187.0077667,208.5599976,112.9024048,54.96182251,92.62226105,2870.719971
5/10/2019,94.49900055,118.7036743,47.12525558,57.83169556,57.66729736,186.7004547,209.0200043,113.1628647,55.43976593,152.4084473,2881.399902
5/13/2019,91.13400269,115.1742325,56.29382324,56.07041931,44.38634872,179.9596558,205.0099945,111.6572495,54.82424545,149.2030182,2811.870117
5/14/2019,92.0059967,116.4627762,45.08899689,55.71285248,55.49635315,179.156723,203.6900024,111.3480225,54.89666748,151.9342651,2834.409912
5/15/2019,93.55750275,118.1028214,57.98820877,57.6643219,45.62913895,184.6484833,202.9799957,111.4212723,55.30218506,154.381012,2850.959961
5/16/2019,95.37850189,120.8300171,58.66674042,58.39589691,45.42837906,185.3622437,204.6300049,112.479248,55.29494858,156.5940704,2876.320068
5/17/2019,93.44999695,120.0240326,57.88814926,57.56971741,45.1702652,183.6869507,203.2700043,112.8047714,54.96909714,155.8531952,2859.530029
5/20/2019,92.94850159,118.2902679,56.69352341,56.4082222,43.75779724,181.1293945,202.7299957,112.6501312,54.96184158,155.264328,2840.22998
5/21/2019,92.87599945,118.9275284,57.17790985,56.94215775,44.59667969,183.2111664,203.3600006,112.405983,55.21529388,155.6347198,2864.360107
5/22/2019,92.98400116,119.6491776,57.24774551,57.03081894,43.68370438,183.7067719,202.6000061,112.9268112,54.71563721,155.995697,2856.27002
5/23/2019,90.77400208,118.2527695,56.72719955,56.5033226,42.93804169,179.2955017,201.3000031,113.7650909,53.43390274,153.4026947,2822.23999
5/24/2019,91.16400146,118.3090134,56.39387512,56.14173889,42.77312851,179.4838409,201.6900024,113.7733078,53.65839005,154.4759521,2826.060059
5/28/2019,91.82150269,118.2340393,56.44092941,56.17542267,42.59627533,182.7055359,199.6999969,112.3147507,155.4922638,52.57942581,2802.389893
5/29/2019,90.95950317,117.0906754,55.46917343,55.29922485,42.39313126,180.6040039,198.5200043,107.6114197,154.5614319,52.25357819,2783.02002
5/30/2019,90.81600189,117.8310623,55.54198074,55.37302017,42.61301422,181.4168854,199.7400055,108.2505493,154.58992,52.1159935,2788.860107
5/31/2019,88.75350189,115.9098282,54.80350876,54.66374207,41.84104919,175.9251404,197.4199982,107.4639053,153.2317352,51.24702072,2752.060059
6/3/2019,84.6344986,112.3110962,51.44743729,51.32536316,41.41802979,198.5599976,162.7210388,107.7015533,150.6387634,52.05081177,2744.449951
6/4/2019,86.47799683,115.4225159,42.93325424,52.22751617,52.15847397,201.5899963,166.0419006,109.5779495,154.1815033,53.28907776,2803.27002
6/5/2019,86.92500305,117.9247665,43.6263504,51.73965836,51.62205124,203.3000031,166.7060547,110.1105881,157.0879059,52.84734726,2826.149902
6/6/2019,119.7897568,87.71800232,44.26685715,51.89419174,51.72705841,204.7700043,166.8646545,111.9951859,158.5411224,53.81045532,2843.48999
6/7/2019,123.1448059,90.20149994,45.44511414,52.91497421,52.80187988,171.8409882,205.8099976,113.5274658,161.5140381,54.00597763,2873.340088
6/10/2019,93.03150177,124.2694321,46.02585983,53.62769699,53.51215363,173.2981873,207.1600037,113.9125748,162.2453766,54.24494934,2886.72998
6/11/2019,93.18499756,123.8008728,46.55883026,53.54250336,53.42993164,176.5496063,206.6300049,114.5353165,161.7609406,54.1942482,2885.719971
6/12/2019,92.76599884,123.2291718,46.41064835,53.44642258,53.34622955,173.5162354,204.5700073,116.0922165,162.9767151,53.60770798,2879.840088
6/13/2019,93.51499939,124.0070419,46.40109634,54.03630447,53.92771149,175.9251404,204.9900055,115.2973709,160.8491821,54.07839966,2891.639893
6/14/2019,93.48349762,124.1288452,46.06410599,53.80302429,53.75832367,179.7514954,205.1600037,114.7893066,161.143631,53.83942795,2886.97998
6/17/2019,94.30149841,124.5037537,46.33894348,54.17895508,54.11246109,187.3646393,203.4799957,114.2566986,161.0486298,54.3752861,2889.669922
6/18/2019,95.0684967,126.6685867,47.42877197,54.7410965,54.66225815,186.8293457,206.0099945,114.9040527,160.7826843,54.84596634,2917.75
6/19/2019,95.4394989,127.1653061,47.29015732,54.70494461,54.59934998,185.8479462,206.75,115.0843201,162.1219025,54.54183578,2926.459961
6/20/2019,95.90950012,128.3461456,47.67016602,55.13534546,55.04958344,187.8801117,208.0399933,116.5264816,165.0188293,55.47597504,2954.179932
6/21/2019,95.56500244,128.3648834,47.5076561,55.7381134,55.56768417,189.4761047,206.2100067,116.4281616,164.7338715,56.25803375,2950.459961
6/24/2019,95.69499969,129.1240387,47.4598465,55.30870056,55.25266647,190.9233856,206.8500061,117.2229538,165.1232758,55.7221756,2945.350098
6/25/2019,93.91349792,125.0473022,46.74046326,53.86642456,53.80785751,187.196106,208.0700073,118.1898651,162.6822662,55.22975922,2917.379883
6/26/2019,94.89150238,125.5158844,47.7514267,53.50684357,53.48342514,186.0263977,208.5099945,116.2314987,162.4733429,55.46872711,2913.780029
6/27/2019,95.21399689,125.7220535,47.73707962,53.32408142,53.2957077,187.8503571,212.0200043,115.280983,162.6347961,54.90389633,2924.919922
6/28/2019,94.6815033,125.5440216,47.30211258,53.629673,53.53840256,191.3199158,213.1699982,114.125618,164.8383026,55.490448,2941.76001
7/1/2019,96.10949707,127.1559448,48.16966248,54.48157501,54.38241196,191.3199158,214.6199951,114.1911774,165.208725,55.43976593,2964.330078
7/2/2019,96.71549988,127.9994278,48.45168304,55.10563278,55.04116821,193.3025055,214.5399933,114.7401733,166.4814606,54.83149719,2973.01001
7/3/2019,96.94999695,128.8241272,48.85319901,55.62024307,55.5528183,195.4833374,215.1600037,116.4691086,167.9916534,55.35286331,2995.820068
7/5/2019,97.14550018,128.4492188,48.81017303,56.09967422,56.04862213,194.6903076,215.25,115.1826706,167.7921906,55.12838364,2990.409912
7/8/2019,97.61599731,128.3555603,47.80399704,55.31315231,55.29378128,194.0558777,215.1300049,115.510437,167.3457947,55.38183212,2975.949951
7/9/2019,99.41500092,127.8869553,48.09557343,55.71379471,55.68462753,197.4758759,214.75,115.8709412,168.8085022,55.34563065,2979.629883
7/10/2019,100.8704987,129.1896515,48.57117081,56.50779343,56.48895264,200.9651947,214.0299988,115.707077,170.3092194,56.12769318,2993.070068
7/11/2019,100.0534973,129.7050781,48.21746826,56.67370987,56.66479111,199.4782867,213.1699982,114.8057327,171.6674347,56.17115021,2999.909912
7/12/2019,100.5500031,130.1735992,48.58790588,56.72719955,56.70787811,203.0865631,214.1000061,171.2780304,110.0450211,56.21458054,3013.77002
7/15/2019,101.0494995,130.1735992,49.04439545,56.98326492,56.97733307,202.1349182,213.5399933,171.5059662,110.381012,55.81631851,3014.300049
7/16/2019,100.4950027,128.4679871,48.87470627,57.13780975,57.12937927,202.0655365,212.8800049,170.3092194,108.5700989,54.98355103,3004.040039
7/17/2019,99.60150146,127.708847,48.59986496,56.79654312,56.77970505,200.0433044,207.4499969,170.1572418,108.0457001,54.6577034,2984.419922
7/18/2019,98.89499664,127.8494568,49.15193558,56.82130432,56.77870941,199.0322113,207.9799957,171.4679718,108.2177734,54.1942482,2995.110107
7/19/2019,98.22599792,128.036911,48.41822433,56.0442009,55.97482681,196.6332397,205.9700012,170.2427216,106.7756195,54.3028717,2976.610107
7/22/2019,99.28150177,129.7331696,49.52477264,56.4235878,56.36958694,200.5587616,204.8399963,171.5059662,105.4072342,54.36080551,2985.030029
7/23/2019,99.72450256,130.5391388,49.91195297,56.86142731,56.77276993,200.5984192,206.4600067,171.8193665,105.5711288,54.57805252,3005.469971
7/24/2019,100.0404968,131.879303,49.87132263,56.44934082,56.35670853,202.8784027,207.9700012,174.1274261,106.3413467,96.85095215,3019.560059
7/25/2019,98.69100189,131.3826447,49.4769783,56.26163483,56.07487869,198.9627991,207.8999939,172.474762,107.4393539,54.25942612,3003.669922
7/26/2019,132.4603729,97.15249634,61.93388367,61.67412949,49.64905548,198.0111542,209.8999939,174.4693451,107.1197815,96.34526825,3025.860107
7/29/2019,132.1698151,95.62249756,50.11269379,61.50671387,61.38904572,194.234314,208.6100006,174.0134735,108.9961853,54.55631638,3020.969971
7/30/2019,131.5325623,94.92649841,49.89761353,60.82123947,60.68223953,195.3247223,207.8099976,172.4177704,108.2259521,54.56356049,3013.179932
7/31/2019,127.708847,93.33899689,50.91573715,60.33586121,60.26321411,192.5392151,205.4299927,169.0649567,106.701889,96.16288757,2980.379883
8/1/2019,129.3864136,92.76599884,49.81396866,60.01789093,59.88331223,191.0522308,201.7100067,170.1762543,106.7592392,93.62619019,2953.560059
8/2/2019,128.2992706,91.16200256,48.75999451,59.25217056,59.13935471,187.3745575,202.6699982,168.5140533,107.3983765,93.61788177,2932.050049
8/5/2019,123.9039612,88.25650024,57.19326782,46.20749664,57.07540131,180.1480255,197.7299957,160.3837433,106.65271,90.83249664,2844.73999
8/6/2019,126.2281418,89.39150238,47.08224106,58.00206757,57.94863129,182.9038239,200.5500031,163.8220367,107.1525574,91.54542542,2881.77002
8/7/2019,126.7810364,89.66999817,47.56978226,58.24129486,58.14873505,183.5382233,198.2100067,166.5195007,106.6936798,51.05150986,2883.97998
8/8/2019,130.1642609,91.64450073,48.61898041,59.74102402,59.6747818,188.5046234,200.5200043,170.8695679,107.8982086,52.41288757,2938.090088
8/9/2019,129.0584412,90.3789978,48.2183342,58.88467407,58.84315872,186.2147522,199.0500031,170.0622253,108.1931839,90.97340393,2918.649902
8/12/2019,127.2590179,89.2460022,48.09598541,58.18439865,58.1714592,183.7563629,197.1799927,167.4882813,108.1030502,51.04844666,2882.699951
8/13/2019,129.8925018,91.21700287,50.13277817,59.30181503,59.27247238,186.809494,198.7799988,169.6443176,109.3239517,90.64180756,2926.320068
8/14/2019,125.9808426,88.14800262,48.64056778,57.66828918,57.66379166,178.1455994,195.8099976,164.8003235,106.7346725,32.18111038,2840.600098
8/15/2019,125.6987686,88.80599976,48.39825821,57.9148941,57.81538773,181.0005493,198.3099976,167.6633759,106.9640808,34.14772415,2847.600098
8/16/2019,128.0024872,89.62850189,49.54020309,58.40474319,58.32753754,182.1008453,199.7200012,169.52771,107.6360092,34.23863602,2888.679932
8/19/2019,130.1464233,90.80599976,50.46383667,59.45623398,59.36026382,184.5493622,200.9400024,170.9639282,108.3652649,34.48711014,2923.649902
8/20/2019,129.0650177,90.06900024,50.4662323,58.61870193,58.57964706,182.2098999,198.1499939,170.4883575,107.0132446,33.95378876,2900.51001
8/21/2019,130.5036774,91.17700195,51.01321793,59.01740265,59.00363541,181.9521637,199.2400055,172.1053467,107.7752914,33.94470596,2924.429932
8/22/2019,129.5539856,90.23300171,50.97003555,59.01443481,58.91845322,180.455307,201.0099945,171.2968292,107.5622711,33.91137695,2922.949951
8/23/2019,125.4261017,87.48100281,48.61417389,57.13531876,57.02437973,176.2026672,197.1600037,166.6741333,104.6615982,33.584095,2847.110107
8/26/2019,127.3631287,88.4434967,49.53779984,58.00701904,57.89612579,178.7899475,200.1999969,168.9189606,105.5036392,33.93561554,2878.379883
8/27/2019,127.6357956,88.09149933,48.97883224,57.98919296,57.84412766,179.7217865,198.3500061,169.6703491,107.0226364,34.06591034,2869.159912
8/28/2019,127.466568,88.21250153,49.30749893,58.13431549,58.00162888,180.1777496,200.4499969,169.9461823,106.2301102,34.15681076,2887.939941
8/29/2019,129.8736725,89.31999969,50.14235687,59.14915848,59.08288574,183.9546051,203.1999969,172.3240967,105.8668671,34.56893539,2924.580078
8/30/2019,129.6292419,88.8144989,50.07760239,58.96540451,58.8476181,184.0537262,203.4100037,171.9912262,105.9659424,34.62346649,2926.459961
9/3/2019,127.9178314,89.49199677,49.34827805,57.92628479,57.87136078,180.8022614,200.8999939,170.4503174,106.2796478,34.73861694,2906.27002
9/4/2019,129.4129028,90.03099823,50.1855545,58.55630112,58.51625061,185.5108948,202.1900024,172.8948517,106.3787155,35.12345886,2937.780029
9/5/2019,131.6884613,92.03600311,51.16675186,60.03819656,60.00069427,189.2381897,204.2400055,175.7102966,106.1475525,34.98103714,2976
9/6/2019,130.7951965,91.67549896,51.16195679,59.74746323,59.68122101,185.8578796,204.7299957,176.67099,105.8421097,34.76589584,2978.709961
9/9/2019,129.309494,91.56749725,51.38027573,59.69546127,59.65546799,187.1168213,206.6199951,172.6855927,35.25073242,95.66550446,2978.429932
9/10/2019,127.9554825,91.02749634,51.98723602,59.73421097,59.7167511,184.5493622,208.3099976,167.7394409,106.9483261,96.8841095,2979.389893
9/11/2019,127.9931641,91.14949799,53.64017105,60.43606949,60.4250145,186.8491974,210.9100037,166.4363403,108.2856903,97.14939117,3000.929932
9/12/2019,129.309494,92.17749786,53.5202179,61.16646194,61.13347244,185.8380585,211.3699951,169.289856,107.6747971,97.74626923,3009.570068
9/13/2019,129.1214447,91.96700287,52.47903442,61.4170723,61.39647293,185.5605011,213.6100006,168.6145172,99.66952515,107.9637375,3007.389893
9/16/2019,128.1905823,90.39199829,52.75492096,61.00103378,60.98734665,184.5989075,210.3300018,167.5112,98.78249359,106.9400787,2997.959961
9/17/2019,129.1873016,91.12750244,52.94685364,60.91435623,60.88085175,186.4427338,210.1499939,167.8345795,98.29338074,107.0473709,3005.699951
9/18/2019,130.2498322,90.8730011,53.44345474,61.051548,61.04232788,186.5022125,210.8999939,166.7311707,99.27989197,107.6582794,3006.72998
9/19/2019,132.647583,91.07499695,53.00922012,61.35368347,61.35437393,188.4848175,209.2200012,167.368515,98.96485901,107.4106293,3006.790039
9/20/2019,131.1148682,89.70800018,52.23433304,60.91949463,60.91238022,188.2766418,208.1199951,165.5613098,108.6819534,98.56695557,2992.070068
9/23/2019,130.8327637,89.26499939,52.4718399,61.15258789,61.12257385,185.1936951,207.9600067,166.3697815,108.756279,98.55036926,2991.780029
9/24/2019,129.1778564,87.08049774,52.22233963,60.36623383,60.34230423,179.7019196,206.3999939,165.9607697,108.599411,35.87798309,2966.600098
9/25/2019,131.0396576,88.41649628,53.02601624,61.74120331,61.70979691,181.2087097,208.1100006,166.7217407,108.1370926,97.82086182,2984.870117
9/26/2019,131.2088928,86.99199677,52.75252533,61.52901077,61.48711395,178.5421295,206.8999939,167.0735779,35.84768295,97.01673889,2977.620117
9/27/2019,129.5069275,86.27249908,52.49583054,60.71970749,60.67977142,175.5583191,207.4499969,165.5041809,35.8931427,97.58875275,2961.790039
9/30/2019,130.7293396,86.79550171,53.73132706,60.48147202,60.37811279,176.5297699,208.0200043,163.6113586,35.9628334,97.56385803,2976.73999
10/1/2019,128.8863678,86.78250122,53.88008118,59.73161316,59.68964767,174.2795563,206.7100067,165.7800293,107.3115768,35.7113266,2940.25
10/2/2019,126.6108627,85.66149902,52.52941895,58.34085083,58.27949524,173.0800934,203.1000061,108.9708939,161.5378113,35.18710327,2887.610107
10/3/2019,128.1435394,86.22100067,52.97563553,58.91091919,58.83423996,177.818512,204.9799957,164.4293823,108.3022232,35.24467468,2910.629883
10/4/2019,129.8736725,86.98249817,54.46063995,59.97727966,59.88281631,178.8791809,208.0800018,167.3874969,110.3412857,35.80527496,2952.01001
10/7/2019,128.9333801,86.63300323,54.47263718,59.84305191,59.81742859,178.1158752,207.2400055,166.36026,109.9285049,35.52344894,2938.790039
10/8/2019,127.5699921,85.27549744,53.83448792,58.94559479,58.89863205,176.2026672,204.0899963,164.001358,108.8388062,35.62951279,2893.060059
10/9/2019,129.9865265,86.09950256,54.46544266,59.55330658,59.55144882,178.2843781,206.6900024,166.3412323,36.03859329,106.6759033,2919.399902
10/10/2019,130.7951965,86.01300049,55.19954681,59.90347672,59.86646271,178.4628143,206.8600006,166.3412323,36.24464798,106.5438156,2938.129883
10/11/2019,131.3405304,86.59600067,56.66775894,60.21253586,60.20228195,182.5866241,208.0800018,168.4147949,36.4355545,108.4177704,2970.27002
10/14/2019,131.218338,86.82150269,56.58618546,60.31457138,60.28599167,181.6845551,207.9100037,168.7002258,36.11130905,107.9142227,2966.149902
10/15/2019,133.117691,88.3690033,56.45424652,61.56735611,61.52653503,187.2456665,209.3800049,170.0222626,109.6643372,100.2423172,2995.679932
10/16/2019,132.0270081,88.87149811,56.2263298,61.59856033,61.56417465,187.8999634,209.2899933,169.1852417,111.5878296,100.0083466,2989.689941
10/17/2019,131.3499298,89.37400055,56.44466019,62.06563568,62.04954529,188.732605,208.6199951,169.2518311,112.4133682,100.5682144,2997.949951
10/18/2019,129.2060852,87.87550354,56.71572876,61.69019699,61.63401031,184.2321777,208.7599945,167.1306915,100.7436981,36.10222626,2986.199951
10/21/2019,130.1651154,89.28299713,57.69934082,61.72288513,61.62757111,188.1081238,211.4900055,167.815506,103.2422638,36.28404617,3006.719971
10/22/2019,128.2281494,88.28649902,57.56740189,61.55695343,61.47502518,180.7527161,210.6199951,104.2784042,162.5175018,36.23556137,2995.98999
10/23/2019,129.0462341,88.10849762,58.33989716,62.36580276,62.28878021,184.529541,210.9600067,104.5541763,162.9550629,36.16586304,3004.52002
10/24/2019,131.5849915,89.03900146,58.43585587,62.45791626,62.36208725,184.7575226,210.2599945,104.4789658,167.5587769,36.09011078,3010.290039
10/25/2019,132.3278503,88.0664978,59.15556335,62.66297913,62.619133,186.2543793,211.8000031,105.3145905,169.1662445,36.07193375,3022.550049
10/28/2019,135.5812531,88.85399628,59.74813461,63.89480972,63.84150696,187.7512512,212.8600006,105.7157059,171.059021,36.12647247,3039.419922
10/29/2019,134.3024597,88.13549805,58.36628342,62.53865814,62.43885803,187.6620331,213.0099945,105.6488647,168.957016,106.5933533,3036.889893
10/30/2019,135.9762268,88.99949646,58.35907745,62.47278214,62.44082642,186.6112671,213.25,170.497879,105.0639191,109.6643372,3046.77002
10/31/2019,134.810257,88.83300018,59.67856216,62.41433334,62.34672546,189.9816742,212.5800018,170.1269073,104.3870316,109.0039139,3037.560059
11/1/2019,135.1393433,89.5719986,61.37228775,63.08943939,63.01288986,191.934494,215.8300018,106.7936859,172.0957947,108.3104553,3066.909912
11/4/2019,135.9197693,90.23300171,61.77531815,63.96266937,63.87270355,193.0249329,217.9799957,107.646019,170.2124786,107.5096741,3078.27002
11/5/2019,135.8352203,90.08550262,61.68655396,63.99535751,63.96335602,192.6284332,220.8800049,107.8799896,167.7584686,36.01737976,3074.620117
11/6/2019,135.4590759,89.78849792,61.71294785,63.9839592,63.9420433,189.8825226,222,108.0471191,168.1389465,36.21131516,3076.780029
11/7/2019,135.6470795,89.41000366,62.42519379,64.8289566,64.73104095,188.7623749,222.7400055,108.6320572,169.7178802,36.43252182,3085.179932
11/8/2019,137.2456207,89.29399872,62.59603882,64.95328522,64.83306122,189.1786957,221.3099976,108.949585,170.2315369,109.7964325,3093.080078
11/11/2019,137.3866425,63.09172821,88.58249664,64.34999084,64.30212402,187.9594421,220.8500061,108.5651855,170.7736816,108.9543686,3087.01001
11/12/2019,138.2893372,88.90000153,63.03395844,64.33068085,64.24911499,192.7771454,220.8899994,107.9301224,170.9639282,108.4343033,3091.840088
11/13/2019,138.5149689,63.63794327,87.65550232,64.29105377,64.19811249,191.5082397,219.7700043,107.3618851,170.6500397,36.65978622,3094.040039
11/14/2019,139.2202454,63.19760513,87.73000336,64.95773315,64.84049225,191.4685974,219.3600006,107.4621887,171.2598267,36.55979919,3096.629883
11/15/2019,141.0161743,63.94834137,86.97450256,66.11726379,66.04850769,193.4016113,219.7400055,108.2393036,171.2789001,111.3979797,3120.459961
11/18/2019,141.3641052,64.27078247,87.62650299,65.41542053,65.36995697,195.6815796,219.3500061,109.1501541,171.1740723,111.3071823,3122.030029
11/19/2019,141.4111328,64.07587433,87.63950348,65.15588379,65.01087189,197.5849152,219.0299988,109.1167297,174.1371765,111.2989349,3120.179932
11/20/2019,141.165802,63.32994843,87.27649689,64.54118347,64.47943878,195.7906647,217.4799957,108.3228912,173.0795898,112.2235031,3108.459961
11/21/2019,141.0337219,63.04600525,86.73549652,64.45698547,64.39424896,196.207016,216.6300049,108.5735626,171.3932495,112.636261,3103.540039
11/22/2019,141.1374969,62.99065781,87.28600311,64.15930176,64.07379913,197.0892639,217.9600067,109.2921906,170.9930267,113.9819489,3110.290039
11/25/2019,142.6848755,64.09510803,88.69200134,64.72148895,64.66665649,198.0507813,219.0599976,109.8771439,172.4221802,114.0317841,3133.639893
11/26/2019,143.4396667,89.84700012,63.59461594,65.06126404,65.03118134,197.2379608,218.8999939,110.0275574,173.9275513,114.0234528,3140.52002
11/27/2019,143.7132568,90.92549896,64.44884491,65.03352356,64.98809052,200.2415466,220.5,110.3534622,175.6616058,114.5055771,3153.629883
11/29/2019,142.8263855,64.30685425,90.04000092,64.63581085,64.5898819,199.8846741,220.3000031,110.1027679,175.7950134,114.2894897,3140.97998
12/2/2019,141.0998077,63.56333923,89.08000183,63.89085388,63.83556747,197.9615784,220.3300018,109.8604431,173.2034607,114.1814041,3113.870117
12/3/2019,140.8733063,88.4980011,62.43001175,64.15634918,64.12678528,197.0892639,218.0800018,108.448204,173.3082733,114.0151672,3093.199951
12/4/2019,141.382843,62.98102951,88.03450012,65.40747833,65.32537842,196.9802094,218.3999939,110.5874176,172.0696716,115.8605423,3112.76001
12/5/2019,141.4582977,63.90503693,87.02400208,65.78343201,65.72260284,197.624527,219.6000061,111.1890869,173.2987366,116.01017,3117.429932
12/6/2019,143.1754456,65.13943481,87.58000183,66.40206909,66.33823395,199.2998352,222.6100006,112.8436203,173.5654907,116.6917953,3145.909912
12/9/2019,142.8075256,64.22748566,87.47550201,66.54766846,66.51654053,199.5872955,221.3800049,112.3171844,174.2800751,116.7915726,3135.959961
12/10/2019,142.5905304,64.60285187,86.96050262,66.60217285,66.51159668,199.1214142,221.2599945,112.392395,173.6512756,116.3675995,3132.52002
12/11/2019,143.1283112,65.15384674,87.43599701,66.61999512,66.5789566,200.4992981,222.5700073,112.125,173.4130707,117.1905746,3141.629883
12/12/2019,144.5812531,65.31991577,88.01650238,66.88002014,66.78895569,195.0372772,225.9199982,115.3338318,174.0133514,117.4898224,3168.570068
12/13/2019,145.7984009,66.20778656,88.04699707,66.75919342,66.70871735,192.4202728,225.3699951,114.3227234,176.3952484,117.5230331,3168.800049
12/16/2019,146.7418518,67.34115601,88.46050262,67.41991425,67.39369965,196.1970673,226.8500061,114.7655945,177.4432831,117.863884,3191.449951
12/17/2019,145.9493408,67.47348785,89.53299713,67.12024689,67.10594177,196.6629791,227.0500031,115.4674988,176.757309,119.3351974,3192.52002
12/18/2019,145.6474304,67.31227875,89.20149994,66.9964447,66.95835114,200.7371979,225.0099945,115.3505402,176.1665497,119.0276108,3191.139893
12/19/2019,146.9116974,67.37967682,89.61399841,67.18271637,67.16581726,204.2662354,225.2100067,114.7739258,120.8231735,177.7290802,3205.370117
12/20/2019,148.5156555,67.24008179,89.32499695,66.92417145,66.84635925,204.5041046,226.3099976,114.6820068,121.4133301,179.1201477,3221.219971
12/23/2019,148.5156555,68.33734131,89.65000153,66.89495087,66.80921936,204.3851929,225.4799957,114.6486053,121.7292252,178.243576,3224.01001
12/24/2019,148.487381,68.40228271,89.46050262,66.58787537,66.54766846,203.3343964,225.4700012,114.9661331,121.3052826,178.7104797,3223.379883
12/26/2019,149.7044373,69.7594223,93.43849945,67.48135376,67.3817749,205.9811554,226.4499969,116.1861343,180.2253723,121.2221756,3239.909912
12/27/2019,149.9780426,69.73293304,93.48999786,67.09355927,66.96027374,206.2884521,226.1399994,116.2697144,180.4445038,121.1556015,3240.02002
12/30/2019,148.6854401,70.14682007,92.34449768,66.35409546,66.18015289,202.6305542,225.7599945,115.8435287,178.9581451,120.7815704,3221.290039
12/31/2019,148.7892609,70.6593399,92.39199829,66.33823395,66.22374725,203.4632874,226.5,116.4869843,121.255394,179.0248413,3230.780029
1/2/2020,151.5442657,72.27153015,94.90049744,67.78894043,67.72701263,207.9538422,228.3899994,117.8992081,182.092804,121.338501,3257.850098
1/3/2020,149.6572876,71.56891632,93.74849701,67.43431091,67.39466095,206.8534851,226.1799927,116.3433838,180.6445923,119.9337006,3234.850098
1/6/2020,150.0441132,72.1391983,95.14399719,69.23171234,69.05643463,210.7492828,226.9900055,116.2508774,180.2539673,119.7840881,3246.280029
1/7/2020,148.6760559,71.79991913,95.34300232,69.09797668,69.01332092,211.2052612,225.9199982,114.2745132,179.7775726,120.5155945,3237.179932
1/8/2020,151.0442047,72.95491791,94.59850311,69.58979797,69.55718994,213.3464966,225.9900055,115.1659698,182.855011,120.49897,3253.050049
1/9/2020,152.9312134,74.50453186,95.05249786,70.32540131,70.32035065,216.3996429,228.6499939,115.5864639,184.1222076,120.8563843,3274.699951
1/10/2020,152.2236023,74.67295837,94.15799713,70.81576538,70.77453613,216.1617584,226.6199951,184.6175995,114.4343033,120.5820847,3265.350098
1/13/2020,154.0539703,76.26831055,94.56500244,71.32281494,71.28629303,219.978241,228.4499969,115.3846283,186.1039581,121.11409,3288.129883
1/14/2020,152.9689636,75.23844147,93.47200012,70.87271118,70.85527039,217.1530457,227.1699982,116.7302399,186.7899323,121.7956772,3283.149902
1/15/2020,153.9595947,74.91602325,93.10099792,71.28481293,71.28170776,219.224823,228.3500061,190.3627777,114.980957,122.2030334,3289.290039
1/16/2020,156.7806854,75.85443115,93.89700317,71.90394592,71.82455444,219.8394775,229.7299957,191.4584808,115.4266586,123.1922226,3316.810059
1/17/2020,157.6580963,76.69424438,93.23600006,73.32498932,73.27870178,220.2062378,230.1999969,195.0313721,116.2256241,123.9985504,3329.620117
1/21/2020,157.0919952,76.17449188,94.59999847,73.52361298,73.41392517,219.5123444,228.6300049,197.4990234,115.0818558,124.0816879,3320.790039
1/22/2020,156.3372345,76.44638824,94.3730011,73.60037994,73.49415588,219.3933868,229.5399933,198.0802002,114.9473038,123.2338104,3321.75
1/23/2020,157.2996063,76.81452942,94.22899628,73.63504791,73.53475952,217.8469543,229.3800049,196.7654114,114.8295441,123.4665375,3325.540039
1/24/2020,155.7145233,76.59314728,93.08200073,72.64741516,72.61750793,216.0428162,226.8600006,195.3171692,60.3968544,123.2919693,3295.469971
1/27/2020,153.1104736,74.34090424,91.41699982,71.02229309,70.91173553,212.999527,222.4499969,192.1635284,123.649437,111.0366745,3243.629883
1/28/2020,156.1107788,76.4439621,92.66249847,71.9465332,71.84137726,215.894104,224.0299988,193.2687378,124.27285,113.0550613,3276.23999
1/29/2020,158.5450287,78.04415131,92.90000153,72.24719238,72.14846039,221.2867584,224.5,195.1837921,125.1373596,112.886879,3273.399902
1/30/2020,163.0171661,77.93101501,93.53399658,72.10900879,72.02710724,207.7060089,227.8800049,198.3755798,124.9877396,114.2829132,3283.659912
1/31/2020,160.6113281,74.47564697,100.435997,71.03864288,70.96372986,200.1523438,224.4299927,189.5720062,123.7491455,111.3142166,3225.52002
2/3/2020,164.5267639,74.27112579,100.2099991,73.59988403,73.4312439,202.4124908,223.4700012,191.325058,124.8298187,112.1636276,3248.919922
2/4/2020,169.9424591,76.72307587,102.4834976,71.67462158,71.58927155,208.0034027,225.0800018,193.9452057,126.0185165,113.7783051,3297.590088
2/5/2020,169.7348633,77.34870911,101.9934998,71.73207855,71.62097168,208.2809753,228.6499939,193.2306519,128.0052185,115.7125931,3334.689941
2/6/2020,173.2541046,78.25345612,102.5114975,73.11893463,73.10288239,209.0145416,229.6100006,193.4497986,127.622818,115.7294388,3345.780029
2/7/2020,173.4994202,77.18981171,103.9639969,73.26753235,73.2583847,210.4816589,227.3800049,193.1639404,126.2595978,115.3593674,3327.709961
2/10/2020,178.0375824,77.55641174,106.6955032,74.72621155,74.72197723,211.2052612,227.1100006,196.2604523,115.8387756,126.2346344,3352.090088
2/11/2020,174.0182953,77.08848572,107.5400009,74.79130554,74.73167419,205.3863831,227.3300018,194.307251,116.0573807,126.3426971,3357.75
2/12/2020,174.2731018,78.91918182,108,75.21576691,75.20121765,208.9253082,227.4400024,197.6419678,116.0573807,125.5945587,3379.449951
2/13/2020,173.3295898,78.35717773,107.4934998,75.02242279,74.95624542,211.2845917,226.4700012,197.8899994,115.9565048,124.7632751,3373.939941
2/14/2020,174.8768921,78.37647247,106.7434998,75.32355499,75.22073364,212.3155365,226.8000031,200.6474762,115.6032715,124.7965469,3380.159912
2/18/2020,176.6506805,76.94136047,107.7835007,75.27055359,75.25588989,215.9040375,226.7700043,201.5157318,114.0726547,123.9736252,3370.290039
2/19/2020,177.180481,78.05567169,108.5110016,75.61827087,75.52484131,215.5967255,229.2400055,203.5290375,115.6285019,123.807373,3386.149902
2/20/2020,174.4747162,77.25491333,107.6549988,75.19527435,75.13454437,212.7120514,228.1699982,201.754303,115.6285019,123.3335724,3373.22998
2/21/2020,168.959137,75.50626373,104.7985001,73.55878448,73.47383881,208.3503571,229.3300018,199.2352905,124.6302872,114.2156677,3337.75
2/24/2020,161.6743622,71.91965485,100.4645004,70.41256714,70.32382202,198.9727325,221.6900024,189.6747894,122.0620651,111.1460114,3225.889893
2/25/2020,159.0064545,98.63700104,69.48360443,68.77112579,68.66262817,195.0570984,218.0500031,179.7612305,121.0079956,106.1841354,3128.209961
2/26/2020,160.9931641,70.58585358,98.97949982,69.00540161,68.86817169,195.4833374,216.0599976,178.6257935,120.1965179,106.5037079,3116.389893
2/27/2020,149.6497803,94.21499634,65.97180176,65.28614044,65.12776184,188.0982056,207.6699982,171.7559662,116.3818283,102.0716476,2978.76001
2/28/2020,153.2731781,94.1875,65.93319702,66.33816528,66.33132172,190.7945251,206.3399963,173.425705,112.5002136,97.64803314,2954.219971
3/2/2020,163.4718781,72.07164764,97.69750214,68.80381775,68.66262817,194.7299957,217.6300049,183.5110321,117.1347351,102.1978149,3090.22998
3/3/2020,155.6384125,69.78266907,95.44950104,66.44020844,66.25553894,184.2718048,208.8099976,177.2136383,113.4287796,98.36286926,3003.370117
3/4/2020,161.3527374,73.01954651,98.79149628,68.67552948,68.42884827,190.0906982,217.8600006,185.3811188,120.0292358,100.7933502,3130.120117
3/5/2020,157.3035126,70.65097046,96.20149994,65.33319092,65.11836243,183.558075,208.9600067,178.3872223,118.7994995,35.28404617,3023.939941
3/6/2020,152.8569336,69.71271515,95.05449677,64.31137085,64.17633057,179.5135956,205.9799957,175.9064789,118.8162537,35.68279266,2972.370117
3/9/2020,142.4974518,64.19902039,90.03050232,60.21649933,60.20772934,168.0244751,193.1300049,114.1398621,163.2831268,35.66148758,2746.560059
3/10/2020,152.2420197,68.82273102,94.59100342,63.41881943,63.15750885,176.6388397,202.7299957,118.489975,174.2271881,36.4620018,2882.22998
3/11/2020,145.3451538,66.43247223,91.04299927,60.20030212,59.9743042,168.7580414,194.6399994,165.0196533,110.2582397,34.83052444,2741.379883
3/12/2020,131.5608368,59.87194824,83.83049774,55.22245026,55.05362701,153.1253357,175.9700012,104.9126282,152.7397919,31.67103004,2480.639893
3/13/2020,150.26474,67.04508972,89.25,60.41428375,60.14121246,168.797699,196.3999939,167.7675781,112.3412476,34.73007965,2711.02002
3/16/2020,128.1171417,84.45749664,58.41995239,53.707798,53.14429474,177.7700043,144.7389526,106.3515015,145.0398254,32.49590683,2386.129883
3/17/2020,138.6658936,90.39199829,60.98868942,55.46466064,55.37606049,187.6000061,148.1192932,114.2653427,36.30068588,150.6501923,2529.189941
3/18/2020,132.828598,91.5,59.49569321,54.32544708,54.04523087,145.6806946,172.4400024,112.9017487,37.31122589,141.6716461,2398.100098
3/19/2020,135.0140228,94.04650116,59.0398407,55.24127579,55.0595665,151.7969818,174.6799927,36.51940155,106.2846222,145.2688446,2409.389893
3/20/2020,129.9431,92.30449677,55.29165649,53.11293793,52.9070549,148.42659,170.0599976,34.84400177,100.2948608,140.0973206,2304.919922
3/23/2020,95.14150238,128.6469574,54.11702347,52.33530426,52.20969391,146.8107605,162.1300049,34.93877029,92.97498322,43.94949722,2237.399902
3/24/2020,140.3403778,97.00499725,59.54634094,56.19078445,55.96792603,159.5786438,178.1999969,35.16807938,147.4442902,99.70088196,2447.330078
3/25/2020,138.996994,94.29199982,59.21832657,54.60728073,54.56180573,154.850174,180.4700012,154.3618164,33.44680786,99.8849411,2475.560059
3/26/2020,147.6913757,97.77449799,62.33455276,57.59791565,57.54247284,161.9180908,183.8999939,161.1362762,105.8830566,49.23264694,2630.070068
3/27/2020,141.6270599,95.00499725,59.75376511,55.01442719,54.98973465,155.4251099,179.6600037,154.1519318,103.0304031,33.50185394,2541.469971
3/30/2020,151.5892181,98.19750214,61.45901489,56.80298233,56.77524567,164.5053864,183.1799927,111.2704849,157.9780731,35.2169838,2626.649902
3/31/2020,149.2051239,97.48600006,61.33359146,57.59498215,57.54987335,165.3479919,182.8300018,109.6977692,153.7321014,34.73700714,2584.590088
4/1/2020,143.9071045,95.38500214,58.10641098,54.76230621,54.58558273,158.2106628,175.9499969,107.7569504,34.89597321,146.089386,2470.5
4/2/2020,146.8872375,95.9414978,59.07601166,55.51617432,55.32504272,156.8129425,179.7299957,111.3875885,36.27482224,150.173111,2526.899902
4/3/2020,145.5343323,95.32949829,58.227005,54.37894058,54.12000656,152.8378448,178.3399963,112.2408981,36.5285759,47.98278046,2488.649902
4/6/2020,156.3574219,99.87950134,63.30659103,58.78917313,58.60186005,164.1088562,185.2400055,116.917244,38.54333496,161.6706085,2663.679932
4/7/2020,154.6734314,100.5800018,62.57334137,58.76886368,58.57065964,167.360321,185.25,115.009903,37.29595184,160.8595734,2659.409912
4/8/2020,156.2250061,102.1500015,64.17488861,59.94621277,59.78113937,172.7628784,191.0099945,119.845192,166.9183807,37.25008774,2749.97998
4/9/2020,156.2343903,102.1380005,64.63796234,60.00415802,59.75983429,173.6649475,193.8399963,118.146965,165.7257233,37.23786163,2789.820068
4/13/2020,156.5844727,108.4434967,65.90666962,60.3067894,59.95003128,173.2684326,188.7700043,116.9256058,38.30791855,161.2412567,2761.629883
4/14/2020,164.3327942,114.1660004,69.23513794,62.86605453,62.66519928,176.6190033,192.9400024,122.1624603,39.43912125,166.6130829,2846.060059
4/15/2020,162.6109772,115.3840027,68.60322571,62.53122711,62.27243805,175.4294739,188.5700073,123.5260391,39.36573792,52.18447113,2783.360107
4/16/2020,167.4927368,120.4095001,69.14832306,62.58075714,62.27887344,174.7157288,187.9600067,125.2075348,40.45720291,53.88644028,2799.550049
4/17/2020,168.9685669,118.75,68.21008301,63.56048203,63.34720612,177.6796875,191.1999969,127.1734314,40.39299011,53.50526428,2874.560059
4/20/2020,165.6194916,119.6804962,66.79425049,62.73628616,62.46310806,176.688385,188.75,126.8806229,39.69898224,52.45927811,2823.159912
4/21/2020,116.4059982,158.7699127,64.72963715,60.24637222,60.03670883,169.3131714,183.4799957,125.2159119,39.50331497,153.1691742,2736.560059
4/22/2020,164.1625671,118.1744995,66.59406281,62.56788254,62.32741547,180.693222,186.5800018,127.9849167,40.23096848,53.27479172,2799.310059
4/23/2020,119.9725037,162.1757813,66.33598328,63.21673584,62.95939636,183.5184174,185.6300049,130.0930328,39.29542542,52.33517456,2797.800049
4/24/2020,120.5110016,165.1369476,68.251091,63.36532593,63.22834015,188.4154053,186.5200043,129.5492706,39.5736351,52.53018951,2836.73999
4/27/2020,164.6639404,118.8000031,68.29933167,63.19543457,62.94404984,185.8677673,187.4600067,129.072403,39.22510529,163.8841553,2878.47998
4/28/2020,160.6525726,115.7040024,67.19224548,61.10473633,61.04858017,181.3177795,187.1199951,126.646431,39.13338852,163.3976135,2863.389893
4/29/2020,167.8616333,118.635498,69.39916992,66.47641754,66.44465637,192.4995422,189.6100006,125.6843643,173.4542999,37.78818512,2939.51001
4/30/2020,123.6999969,169.5457001,70.8632431,66.80029297,66.70030212,202.9279785,187.3600006,125.5170441,170.5250549,37.16143417,2912.429932
5/1/2020,165.155899,114.302002,69.72236633,65.41094208,65.24514008,200.509201,182.6699982,124.053093,167.5195313,37.58027267,2830.709961
5/4/2020,169.1956329,115.7994995,70.70886993,65.71754456,65.52151489,203.473175,177.9499969,124.0363541,168.0729065,37.81874466,2842.73999
5/5/2020,171.0121155,115.8899994,71.77011108,66.92163849,66.81520844,205.2674255,176.0299988,125.0652924,170.2579346,38.13364029,2868.439941
5/6/2020,172.6960754,117.5630035,72.51060486,66.73292542,66.63739777,206.6552582,172.3800049,123.8773727,170.5823059,37.69646072,2848.419922
5/7/2020,173.6989288,118.3805008,73.26071167,67.98407745,67.81865692,209.4209442,173.4799957,123.4674835,174.3416748,37.42929459,2881.189941
5/8/2020,174.7206726,118.9804993,75.00442505,68.76716614,68.56455994,210.5014801,176.8300018,124.3960648,176.6029968,37.75174332,2929.800049
5/11/2020,176.6695862,120.4499969,76.18467712,69.51797485,69.50468445,211.3242645,174.6399994,124.7390289,175.1431732,37.9758873,2930.189941
5/12/2020,172.6676941,117.8475037,75.31402588,68.1415863,68.11087799,208.2710266,172.8099976,123.0910492,171.2406769,38.00967789,2870.120117
5/13/2020,170.0565643,118.3960037,74.40466309,66.83348083,66.78103638,203.3145905,170.5700073,123.0826797,169.2527161,37.9881897,2820
5/14/2020,170.7945099,119.4424973,74.86175537,67.2035141,67.17029572,205.0097046,170.9299927,123.5093231,172.8941345,37.89912415,2852.5
5/15/2020,173.2826691,120.4889984,74.41915131,68.01527405,68.005867,209.044281,125.8516693,169.25,175.3694916,38.67295456,2863.699951
5/18/2020,174.9383392,121.3130035,76.17256165,68.60616302,68.54773712,211.334137,175.4600067,125.9185867,182.9103546,39.2011261,2953.909912
5/19/2020,173.7273254,122.4664993,75.73240662,68.07225037,68.02989197,214.9920349,172.4900055,124.6637573,180.9797516,38.36894226,2922.939941
5/20/2020,176.1370697,124.8970032,77.20524597,69.79386139,69.67604828,227.9680786,176.0200043,185.2805939,123.542778,56.25004959,2971.610107
5/21/2020,174.0214539,122.336998,76.62966919,69.67449951,69.48188782,229.3757324,174.9400024,182.1839905,122.731308,38.38123703,2948.51001
5/22/2020,174.0973053,121.8440018,77.12303925,69.99594116,69.85931396,232.8650818,174.9299927,182.4133301,121.6109772,55.50124359,2955.449951
5/26/2020,172.2568665,121.0930023,76.60064697,70.39860535,70.18621063,230.1786804,180.3399963,184.6688843,121.7709961,55.57256317,2991.77002
5/27/2020,172.4845123,120.5195007,76.93439484,70.34462738,70.22682953,227.1453094,185.7700043,184.2866364,122.0490036,56.66012573,3036.129883
5/28/2020,172.0955505,120.0550003,76.96825409,70.24358368,70.17185211,223.4973755,185.1000061,185.6629028,123.8011169,37.98203278,3029.72998
5/29/2020,173.8506317,122.1184998,76.89326477,71.00038147,70.77562714,223.1305695,185.5800018,186.5995026,125.3005219,56.09851837,3044.310059
6/1/2020,173.4521942,123.552002,77.83889771,71.06724548,70.91927338,229.8912048,183.8399963,185.7489166,123.9864273,38.06494141,3055.72998
6/2/2020,175.4254913,123.6204987,78.19924927,71.43573761,71.28579712,230.6941376,185.9400024,187.6699677,124.8793716,55.37644577,3080.820068
6/3/2020,175.8524933,123.9199982,78.629776,71.28417969,71.14513397,228.1564331,190.8200073,188.1574249,125.2162857,55.20707321,3122.870117
6/4/2020,173.5375366,123.0299988,77.95257568,70.0484314,69.94648743,224.3201141,192.0500031,185.0703125,123.5989304,56.13417816,3112.350098
6/5/2020,177.5980377,124.1500015,80.17272949,71.32231903,71.24469757,228.7611237,200.6600037,190.7761078,124.0791092,57.35544586,3193.929932
6/8/2020,178.6985321,126.2030029,80.64678192,71.71953583,71.65184021,229.3856201,201.5599976,190.7665253,123.6326523,56.7581749,3232.389893
6/9/2020,180.0647125,130.0429993,83.19343567,72.12486267,71.91963959,236.5923615,196.0700073,190.2695923,122.9503403,56.19657516,3207.179932
6/10/2020,186.7435913,132.3724976,85.33378601,72.60481262,72.54467773,234.66922,191.5099945,191.607605,124.500267,56.93647003,3190.139893
6/11/2020,176.7157898,127.8980026,81.23686218,69.53339386,69.43430328,222.4763184,178.0200043,180.5209351,118.6627502,36.87656021,3002.100098
6/12/2020,178.1104279,127.2509995,81.93824005,69.99601746,69.98008728,226.5901794,181.2100067,183.7513885,119.740921,52.88931274,3041.310059
6/15/2020,179.2487946,128.6340027,82.95157623,70.36741638,70.32639313,230.476059,181.5500031,183.2735291,118.9828262,53.57573318,3066.590088
6/16/2020,183.6412964,130.763504,85.14998627,71.6417923,71.45915985,233.5986481,182.3000031,184.3439636,121.686821,53.84317017,3124.73999
6/17/2020,184.2769623,132.048996,85.03148651,71.94242096,71.87522125,233.4796906,180.8600006,184.9938507,121.3161621,53.92338943,3113.48999
6/18/2020,186.2503204,132.6990051,85.06535339,71.12432861,71.03010559,233.8861237,180.7299957,185.3283691,120.8023376,53.55789948,3115.340088
6/19/2020,185.140274,133.7505035,84.57923889,70.91432953,70.56056976,236.7113037,179.7200012,183.6940155,121.1561127,36.80286789,3097.73999
6/22/2020,190.2823334,135.6909943,86.79212952,71.91188049,71.8493042,237.137558,180.1699982,186.3318634,120.7854919,37.3648262,3117.860107
6/23/2020,191.5534973,138.2205048,88.64470673,72.53348541,72.50901031,240.1312561,181.0099945,189.2086945,120.3389893,37.17749786,3131.290039
6/24/2020,136.7200012,187.6923065,87.0799408,70.9597702,70.92671204,231.9828186,177.5299988,182.9390411,117.7782745,36.94105911,3050.330078
6/25/2020,190.0640564,137.7290039,88.23595428,71.39031219,71.37581635,233.6283875,178.8500061,185.3953094,117.6519089,36.75988007,3083.76001
6/26/2020,186.2597504,134.6434937,85.52482605,67.48484039,67.35701752,214.1989899,175.3699951,180.8937225,116.0851364,36.33304214,3009.050049
6/29/2020,188.2615356,134.0189972,87.49591064,69.20000458,69.09406281,218.7192841,177.1900024,182.9103546,117.1212234,36.56028366,3053.23999
6/30/2020,193.0714417,137.9409943,88.22628021,70.23416901,70.01732635,225.093338,178.5099945,184.62117,118.4605942,36.78136444,3100.290039
7/1/2020,143.9349976,194.2004395,88.0594101,71.42038727,71.22736359,235.4820862,177.9900055,185.2041016,118.2499847,36.75374222,3115.860107
7/2/2020,144.5149994,195.6804047,88.0594101,72.80371857,72.54785156,231.3880615,178.8300018,187.010498,118.7469711,80.57733154,3130.01001
7/6/2020,152.852005,199.8926849,90.41500854,74.27571106,74.08331299,238.1883545,182.7200012,189.0079651,91.4386673,120.4400787,3179.719971
7/7/2020,150.0059967,197.5683289,90.13447571,73.79379272,73.56223297,238.7632904,181.1499939,92.65733337,185.605545,120.3306122,3145.320068
7/8/2020,154.0554962,201.9134064,92.23374939,74.47135925,74.09817505,241.45961,181.1999969,186.4369965,91.05867004,120.6844025,3169.939941
7/9/2020,159.1315002,203.3270111,92.63037109,75.21724701,74.84062958,242.3715668,178.8000031,92.95200348,183.703598,120.0273285,3152.050049
7/10/2020,160,202.7103424,92.79238892,76.36370087,76.22515869,242.9366302,102.9766693,182.8999939,184.0285645,40.12848282,3185.040039
7/13/2020,155.1999969,196.4488831,92.36434937,74.89878845,74.85797119,236.9194794,99.80400085,184.1300049,180.6548004,122.3185577,3155.219971
7/14/2020,154.1999969,197.663208,93.89280701,75.32621765,75.31563568,237.6431427,189.7100067,101.1200027,184.7740479,124.6013184,3197.52002
7/15/2020,150.4434967,197.3691254,94.5385437,75.12910461,74.97189331,238.1883545,190.5599976,103.0673294,187.8515167,124.887764,3226.560059
7/16/2020,149.9949951,193.4604645,93.37525177,75.18785095,75.03200531,238.8326569,191.0099945,100.0426636,184.9364777,125.7216568,3215.570068
7/17/2020,148.0984955,192.4737854,93.18661499,75.12762451,75.0664978,239.9230957,190.7599945,100.0559998,186.456131,125.8059082,3224.72998
7/20/2020,159.8419952,200.7464752,95.15039825,77.55144501,77.45494843,243.2835999,109.5333328,190.4799957,189.6865692,126.01651,3251.840088
7/21/2020,156.914505,198.0427094,93.83718109,77.18988037,77.06269073,239.6455383,104.5573349,192.2700043,187.7846527,126.134407,3257.300049
7/22/2020,154.9954987,200.888855,94.1007843,77.68865967,77.50500488,237.7819061,106.1553345,192.1000061,190.0593109,126.3618851,3276.02002
7/23/2020,149.3274994,192.1512299,89.81764221,75.12265015,75.07292938,230.5751801,193.25,100.8713303,188.6925964,126.0249329,3235.659912
7/24/2020,150.4454956,190.9748077,89.59515381,74.88422394,74.69968414,228.7016449,194.5200043,94.46666718,186.5134888,124.7698059,3215.629883
7/27/2020,152.760498,193.394043,91.71857452,75.79213715,75.75067902,231.4673462,192.1399994,102.6399994,188.1956329,123.9779968,3239.409912
7/28/2020,150.0164948,191.6578979,90.21186829,74.47383118,74.31313324,228.1167603,194.1199951,98.43267059,188.0331421,123.6831665,3218.439941
7/29/2020,151.6764984,193.593277,91.94109344,75.45747375,75.38695526,231.2591705,196.4100037,99.9406662,189.791687,123.4389114,3258.439941
7/30/2020,152.5939941,193.441452,93.05360413,76.19347382,75.85404205,232.4586334,194.3000031,99.16600037,185.4717255,123.691597,3246.219971
7/31/2020,158.2339935,102.7952576,194.4945679,73.69623566,73.4522934,251.4617615,195.7799988,95.38400269,181.9736938,122.7818298,3271.120117
8/3/2020,155.5944977,205.4331055,105.3854523,73.4391861,73.03076935,249.7666626,199.2599945,99,182.2508545,124.12117,3294.610107
8/4/2020,156.9414978,106.0892258,202.3498077,72.97064972,72.56121063,247.6551971,200.2400055,99.1333313,183.7800446,124.0116959,3306.51001
8/5/2020,160.2514954,106.4737778,202.0177765,73.25739288,72.98917389,246.9513855,203.6199951,99.00133514,187.4214935,125.0056763,3327.77002
8/6/2020,161.25,110.1885529,205.2528992,74.53820801,74.30124664,262.9706726,205.0200043,99.305336,189.9732819,124.2896652,3349.159912
8/7/2020,158.3730011,107.6833267,201.5813446,74.21231842,74.02336884,266.1031799,209.4799957,96.84733582,187.6699677,125.1741257,3351.280029
8/10/2020,157.4080048,109.248497,197.5683289,74.13555145,74.1031189,260.7105713,212.5800018,94.57133484,188.0809174,124.6939316,3360.469971
8/11/2020,154.033493,105.9994354,192.9480743,73.32923126,73.32152557,253.9003906,212.6600037,189.0175476,91.62599945,123.8011169,3333.689941
8/12/2020,158.1119995,109.5222626,198.4601593,74.65164948,74.62419128,257.627594,213.2400055,103.6506653,189.9446106,126.0670319,3380.350098
8/13/2020,158.0509949,111.4605713,197.9952393,75.21014404,75.11769867,259.0253296,211.9799957,108.0666656,189.12146,124.6687317,3373.429932
8/14/2020,157.401001,111.3611832,198.184967,74.67916107,74.52237701,258.9658813,210.9600067,110.0473328,188.2216949,124.8708878,3372.850098
8/17/2020,159.1204987,111.0704803,199.4942474,75.18687439,75.09737396,258.8865051,122.3759995,206.7799988,190.8922272,125.502655,3381.98999
8/18/2020,165.6244965,111.9959793,200.6421661,77.19879913,77.05575562,260.0562744,125.8059998,208.3300018,190.4902039,126.4292374,3389.780029
8/19/2020,163.0240021,112.1365051,199.4248962,76.65049744,76.50253296,260.3041077,125.2353363,207.2100067,192.3854065,126.6819687,3374.850098
8/20/2020,164.8684998,114.6247559,204.0657501,78.3454361,78.0696106,266.6682434,133.4553375,206.1199951,195.410141,127.5495605,3385.51001
8/21/2020,120.5316849,164.2359924,202.5822144,78.27957153,78.03594208,264.6856079,136.665329,207.4299927,195.391037,128.6783142,3397.159912
8/24/2020,121.9732513,165.3730011,203.2193756,78.66491699,78.51042175,269.0275574,134.2799988,212.6100006,197.5733795,129.0175476,3431.280029
8/25/2020,120.972641,167.3244934,205.8631439,79.65651703,79.53567505,278.3753967,134.889328,213.3500061,199.19104,128.9412079,3443.620117
8/26/2020,172.0924988,122.6177521,210.3138275,81.84381104,81.43161011,301.2644348,143.5446625,214.6600037,201.2585449,129.1447601,3478.72998
8/27/2020,170,121.1519241,215.4777832,80.94976807,80.65847778,290.6674805,149.25,216.8699951,201.9956207,129.7213593,3484.550049
8/28/2020,170.0899963,120.9556885,217.693634,81.44903564,81.19883728,291.1036682,147.5599976,218.5500031,206.4752808,43.25966644,3508.01001
8/31/2020,125.0575562,172.5480042,214.4792023,80.94234467,80.70850372,290.6476746,166.1066742,218.0399933,202.9145355,130.085968,3500.310059
9/1/2020,130.0389252,174.9559937,216.1339722,82.25639343,81.97396851,292.868103,158.3500061,218.5500031,204.2163239,45.50743103,3526.649902
9/2/2020,127.3447495,176.5724945,220.2993622,85.60319519,85.06008148,299.8666992,149.1233368,221.6799927,207.2122955,45.53518677,3580.840088
9/3/2020,168.3999939,117.1493835,206.6525116,81.32174683,80.7075119,288.5857849,135.6666718,218.1499939,200.0142517,44.56700897,3455.060059
9/4/2020,164.7310028,117.2268982,203.7519379,78.80558014,78.3152771,280.2688293,139.4400024,218.3200073,195.8983459,44.03976059,3426.959961
9/8/2020,157.4920044,109.3381348,192.7298431,75.90059662,75.46192169,268.79953,217.8000031,110.0699997,191.5527191,42.6892395,3331.840088
9/9/2020,163.4304962,113.6992569,200.9369354,77.11756897,76.63230133,271.3372803,122.0933304,219.6300049,195.3240051,43.13324356,3398.959961
9/10/2020,158.7554932,109.987442,195.3070068,75.88226318,75.58326721,265.7562256,123.7799988,217.8000031,192.91185,42.18356323,3339.189941
9/11/2020,155.8110046,108.5434418,194.0327148,75.3225708,75.07363129,264.2891235,124.2399979,217.9299927,192.0886841,42.14964294,3340.969971
9/14/2020,111.799736,155.1484985,195.3450775,75.25124359,74.73039246,263.8331299,139.8733368,219.9400024,196.2045898,42.3408165,3383.540039
9/15/2020,157.8065033,111.974205,198.5500031,76.34884644,76.03248596,270.0485535,149.9199982,218.9400024,196.5970917,42.35315704,3401.199951
9/16/2020,153.9049988,108.6694107,195.0027466,75.33148193,74.89185333,261.2260437,147.2533264,219.5899963,196.3482056,42.01398087,3385.48999
9/17/2020,150.4364929,106.9346695,192.9675903,74.07488251,73.65114594,252.6017456,141.1433258,218.0500031,196.482193,42.1465683,3357.01001
9/18/2020,147.7454987,103.5426712,190.5710754,72.31455231,71.8706131,250.3316803,147.3833313,218.2100067,193.9360657,126.4990768,3319.469971
9/21/2020,106.6826935,148.0234985,192.6157074,70.88658142,70.83297729,245.9898071,149.7966614,213.0200043,188.9970245,42.26373291,3281.060059
9/22/2020,156.4494934,108.3592911,197.2566223,72.58548737,72.30297852,252.5323792,141.4100037,214.1600037,191.9738464,42.64606857,3315.570068
9/23/2020,149.9929962,103.8140182,190.761261,70.09657288,69.80525208,246.8522644,126.7866669,209.6100006,187.0060272,41.93072891,3236.919922
9/24/2020,150.989502,104.8800964,193.2338562,70.74443054,70.47240448,247.3578033,129.2633362,208.7200012,187.1495972,42.14964294,3246.590088
9/25/2020,154.7565002,108.8147964,197.6370087,71.57012177,71.27477264,252.6017456,135.7799988,210.4499969,188.805542,42.32540512,3298.459961
9/28/2020,158.7024994,111.4120865,199.1776276,72.53892517,72.24552917,254.5843658,140.3999939,213.5399933,191.7441254,42.31922531,3351.600098
9/29/2020,157.2440033,110.5689392,197.1044312,72.7771759,72.61005402,259.5111389,139.6900024,210.4400024,190.901825,42.28532028,3335.469971
9/30/2020,157.4364929,112.2358398,200.0240173,72.79055023,72.58926392,259.6201477,143.0033264,212.9400024,191.4091187,43.13941193,3363
10/1/2020,161.0630035,113.1856079,202.0496368,73.80544281,73.69374847,264.3088989,149.386673,212.0200043,194.6443939,44.11683273,3380.800049
10/2/2020,156.25,109.5319595,196.0868835,72.23680115,72.09397125,257.6772461,138.363327,211.1799927,192.8353271,43.32132339,3348.419922
10/5/2020,159.9600067,112.9045715,200.0715637,73.60385895,73.44263458,262.3461914,141.8933258,212.3600006,194.8262482,43.72216034,3408.600098
10/6/2020,154.9980011,109.6676178,195.8205414,71.99014282,71.86712646,256.4083557,137.9933319,210.2599945,191.868515,43.36140442,3360.969971
10/7/2020,159.7845001,111.5283737,199.5484924,72.32942963,72.26931763,255.8730469,141.7666626,213.2899933,193.8021393,43.44157028,3419.439941
10/8/2020,159.5274963,111.4217911,200.2617645,73.59939575,73.47236633,261.4639587,141.9733276,215.1499939,194.2902679,43.58649826,3446.830078
10/9/2020,164.3325043,113.3600464,205.2355042,75.05014038,74.8106308,262.1479187,144.6666718,215.6799927,197.7935333,44.02433777,3477.139893
10/12/2020,172.1464996,120.5607376,210.55159,77.72135925,77.49211121,273.3495483,147.4333344,216.4100037,197.5638275,44.4776001,3534.219971
10/13/2020,172.1815033,117.3626099,211.9400482,77.84667206,77.61495209,273.736145,148.8833313,212.3099976,45.08810043,195.5728912,3511.929932
10/14/2020,168.1855011,117.4498138,210.0380707,77.66836548,77.43514252,269.4537659,153.7666626,210.9100037,44.3820076,193.5436554,3488.669922
10/15/2020,166.9324951,116.9846268,208.8968353,77.22505188,77.04040527,264.3981628,149.6266632,211.6499939,44.56392288,191.0070953,3483.340088
10/16/2020,163.635498,115.3467865,208.8968353,77.91252899,77.64614868,263.6150818,146.5566711,211.9100037,44.6194191,191.686676,3483.810059
10/19/2020,160.3605042,112.4006271,203.7233734,76.01055145,75.77643585,259.1244507,143.6100006,208.9900055,44.07675552,188.5375214,3426.919922
10/20/2020,160.8504944,113.8833771,204.13237,77.06655121,76.82297516,265.230835,140.6466675,210.0599976,44.36966705,189.2362823,3443.120117
10/21/2020,159.246994,113.2631149,204.2750397,78.91801453,78.55201721,276.3036499,140.8800049,210.1799927,44.52383804,189.9350128,3435.560059
10/22/2020,158.8200073,112.1777191,204.3605804,80.00868225,79.57577515,275.6989441,141.9299927,211.6100006,44.26174927,189.5138855,3453.48999
10/23/2020,160.2200012,111.4896088,205.634903,81.280159,80.8793869,282.3108215,140.2100067,212.7100067,44.35425568,189.53302,3465.389893
10/26/2020,160.352005,111.4992981,199.7862396,78.77635193,78.46782684,274.6977234,140.093338,208.4900055,43.8331604,184.8045349,3400.969971
10/27/2020,164.3164978,113.0014648,202.8009644,79.4603653,79.19045258,280.8239136,141.5599976,206.8800049,44.05208969,181.9233856,3390.679932
10/28/2020,158.1390076,107.7681122,192.7488403,75.11949158,74.82796478,265.3399353,135.3399963,200.6999969,43.17949677,173.1267548,3271.030029
10/29/2020,160.5505066,111.7609787,194.6889343,77.62674713,77.11023712,278.3853455,136.9433289,201.5099945,43.14249039,176.9555359,3310.110107
10/30/2020,151.8074951,105.5003281,192.5491333,80.2900238,80.04381561,260.8196106,129.3466644,201.8999939,42.78173828,173.9308472,3269.959961
11/2/2020,150.223999,105.4131241,192.4160004,80.5386734,80.4504776,259.0848694,133.5033264,204.3099976,43.29050064,176.831131,3310.23999
11/3/2020,152.4205017,107.0315781,196.3151398,81.73633575,81.50740051,262.9904785,141.3000031,206.6300049,44.02433777,180.2769623,3369.159912
11/4/2020,162.0579987,111.4023972,205.7870941,86.63591003,86.46968079,284.8783264,140.3266602,206.1699982,43.77149963,185.6659851,3443.439941
11/5/2020,166.1000061,115.3564682,212.3489838,87.34123993,87.29433441,292.1147461,146.0299988,207.4499969,44.23709488,189.1788483,3510.449951
11/6/2020,165.5684967,115.225441,212.7578888,87.26099396,87.15715027,290.8558655,143.3166656,208.8500061,44.94625854,189.9732971,3509.439941
11/9/2020,112.9245834,157.1869965,207.6890869,87.32290649,87.24084473,276.3432922,140.4199982,221.5,203.5749969,44.25867081,3550.5
11/10/2020,112.584816,151.7510071,200.6707153,86.20302582,86.06700134,270.0585022,136.7866669,228.4799957,204.1779938,44.88151169,3545.530029
11/11/2020,116.0020676,156.8695068,205.9392548,86.81323242,86.53804016,274.0732117,139.043335,227.3699951,203.5941315,45.62769699,3572.659912
11/12/2020,115.7302322,155.5140076,204.8835754,86.67108154,86.31960297,272.6854248,137.2533264,224.7200012,45.70478439,199.6445923,3537.01001
11/13/2020,115.7787704,156.440506,205.9012146,88.01733398,87.77773285,274.5391541,136.1666718,227.4199982,46.41702652,201.7727203,3585.149902
11/16/2020,116.7884293,156.5529938,206.5859375,88.233284,87.86539459,276.5315857,136.0299988,233.1000061,47.00286484,203.9008942,3626.909912
11/17/2020,115.9049911,156.7830048,203.9516602,87.67707062,87.25273895,272.6060486,147.2033386,233.1600037,46.05627441,201.9932251,3609.530029
11/18/2020,114.584671,155.272995,201.2628174,86.51950073,86.21163177,269.602478,162.2133331,230.0700073,45.96993637,199.2323456,3567.790039
11/19/2020,115.1768723,155.8509979,202.5404663,87.36846161,87.09967804,270.5639954,166.4233398,229.5299988,46.90420151,198.9831238,3581.870117
11/20/2020,113.9148254,154.9700012,200.6049042,86.29217529,86.00064087,267.3522339,163.2033386,227.0099945,46.32452393,195.4457855,3557.540039
11/23/2020,154.9194946,110.5267029,200.3379211,85.92910767,85.56380463,173.9499969,266.0932922,229.5399933,46.53728485,199.5486908,3577.590088
11/24/2020,155.9029999,111.8081589,203.9135284,87.614151,87.36367035,185.1266632,274.5093994,233.9199982,46.6698761,201.0058136,3635.409912
11/25/2020,159.2534943,112.6430588,203.9230499,87.74045563,87.37506866,191.3333282,273.1909485,233.1300049,46.81478882,202.165741,3629.649902
11/27/2020,159.7669983,113.1867065,205.2197723,88.81824493,88.5087738,195.2533264,275.3916626,231.5500031,46.74386597,202.2711945,3638.350098
11/30/2020,115.5749054,158.4019928,204.1137695,87.21098328,86.8931427,189.1999969,274.5588989,228.9100037,47.11079788,201.6481018,3621.629883
12/1/2020,119.1377792,161.0039978,206.1542206,89.06143188,88.92185211,194.9199982,284.055542,229.6799927,47.06453323,202.4629517,3662.449951
12/2/2020,119.4872894,160.1764984,205.353302,90.53993988,90.38839722,189.6066742,285.0170898,230.4199982,46.4108696,201.4851379,3669.01001
12/3/2020,119.3513489,159.3365021,204.2758636,90.48150635,90.23336792,197.793335,279.3964539,231.0200043,46.03469467,199.4432373,3666.719971
12/4/2020,118.6815262,158.1289978,204.390274,90.54192352,90.32846832,199.6799927,277.2651978,231.3500061,203.8817291,45.91444397,3699.120117
12/7/2020,120.1377106,157.8999939,204.3234863,90.12041473,89.99514008,213.9199982,283.0939636,229.2400055,203.8529358,45.66777039,3691.959961
12/8/2020,120.7493286,158.864502,205.9634857,90.07434082,89.71282196,216.6266632,280.9329529,228.1900024,203.9680023,46.08093643,3702.25
12/9/2020,118.2252197,155.2100067,201.9493866,88.36948395,88.05510712,201.4933319,275.5006409,227.5099945,45.71709824,200.9099426,3672.820068
12/10/2020,119.6425934,155.0744934,200.7288818,87.93361664,87.5493927,209.0233307,274.7076111,227.3500061,45.503582,199.0214386,3668.100098
12/11/2020,118.8368454,155.8209991,203.3413696,88.25260162,87.90354919,203.3300018,271.1686707,226.3899994,45.49119568,197.7081604,3663.459961
12/14/2020,118.2252197,157.8484955,204.2377014,87.17728424,86.78714752,213.2766724,271.8031311,222.8500061,198.6763306,45.07342529,3647.48999
12/15/2020,124.1471558,158.2559967,204.1709595,87.55915833,87.22399139,211.0833282,273.1512756,224.3800049,199.7404175,45.05175781,3694.620117
12/16/2020,124.0791855,162.0480042,209.0814209,87.32290649,87.03132629,207.5899963,273.2702637,221.9100037,199.6541443,45.00533295,3701.169922
12/17/2020,124.9432449,161.8040009,209.2149048,86.57499695,86.20518494,218.6333313,272.0906067,224.6799927,202.4437256,45.212677,3722.47998
12/18/2020,122.9627838,160.0825043,208.4234924,85.73841858,85.49742126,231.6666718,273.9938965,223.4299927,202.5683899,45.16625214,3709.409912
12/21/2020,124.4869614,160.3090057,212.2374573,86.15248871,85.91049957,216.6199951,270.4153442,223.4900055,200.3635254,45.1724472,3694.919922
12/22/2020,128.0303955,160.326004,213.524704,85.36643219,85.20025635,213.4466705,264.7649536,221.8800049,197.3246918,44.62470245,3687.26001
12/23/2020,127.1372452,159.263504,210.740509,85.80627441,85.59697723,215.3266602,265.776062,224.2400055,196.8070068,44.32141876,3690.01001
12/24/2020,128.1177826,158.6345062,212.3900604,86.12672424,85.89069366,220.5899963,265.0722046,226.5299988,200.0663605,44.40807724,3703.060059
12/28/2020,132.7000122,164.197998,214.4972534,87.97127533,87.86193848,221.2299957,274.5886536,228.4100037,203.833786,44.94035339,3735.360107
12/29/2020,130.9331055,166.1000061,213.7249298,87.11091614,87.05957031,221.9966736,274.3705444,229.5700073,205.5018158,44.65565109,3727.040039
12/30/2020,129.8166962,164.2924957,211.369812,86.15991974,85.99420166,231.593338,269.5033569,229.6499939,209.3267059,44.61850357,3732.040039
12/31/2020,128.8167572,162.8464966,212.0753784,86.80599213,86.77212524,235.2233276,270.7821045,231.8699951,209.6814117,44.60922623,3756.070068
1/4/2021,125.6324997,159.3314972,207.5654297,85.60121155,85.49297333,243.2566681,266.5988464,228.4499969,208.7515564,45.34575272,3700.649902
1/5/2021,127.1857605,160.9255066,207.7655945,86.22925568,86.18242645,245.0366669,268.6111755,227.4700012,205.6360321,45.10437393,3726.860107
1/6/2021,122.9045486,156.9190063,202.3783722,85.95040894,85.33200073,251.9933319,261.0178223,230.2700043,203.8241425,45.38598251,3748.139893
1/7/2021,127.0984573,158.1080017,208.1374512,88.52404022,87.88074493,272.0133362,266.4005737,232.8800049,204.9649811,45.38288498,3803.790039
1/8/2021,128.1954651,159.1349945,209.4056396,293.3399963,89.51266479,89.04418182,265.2408142,234.0299988,206.5371552,45.3766861,3824.679932
1/11/2021,125.2150497,155.710495,207.3747101,87.50714874,86.98675537,270.3966675,254.6041412,233.4299927,204.0830536,45.58093643,3799.610107
1/12/2021,125.0403061,156.0415039,204.9337463,283.1466675,86.50811768,86.05263519,248.9042358,233.0299988,46.10084152,200.2197571,3801.189941
1/13/2021,127.0692825,158.2944946,206.2781525,284.8033447,86.8969574,86.53903961,249.4494476,234.5099945,200.6894379,45.63045883,3809.840088
1/14/2021,125.1471252,156.3735046,203.1125793,281.6666565,86.19261169,85.73021698,243.5016632,235.0200043,45.48192215,137.1717987,3795.540039
1/15/2021,123.428772,155.2124939,202.7597504,275.3866577,85.99497223,85.56677246,249.1718597,233.4900055,136.8729858,44.76085663,3768.25
1/19/2021,124.0986176,156.0379944,206.3735046,281.5166626,88.70284271,88.38246918,258.8271179,234.5500031,138.990509,44.37402725,3798.909912
1/20/2021,128.1760101,163.1690063,213.9060669,93.45977783,93.11743164,283.4833374,265.1515808,234.7599945,138.6490173,45.03010178,3851.850098
1/21/2021,132.8746948,165.3495026,214.5067596,93.67524719,93.31948853,281.6633301,270.4945984,234.1600037,138.0939789,44.82585144,3853.070068
1/22/2021,135.0105591,164.611496,215.4412079,94.16064453,93.73604584,282.2133179,272.1104431,232.9199982,139.6480255,45.28385162,3841.469971
1/25/2021,138.7481537,164.6999969,218.8546753,94.07891846,293.6000061,93.82122803,275.5899048,233.0099945,141.7228699,45.24362564,3855.360107
1/26/2021,138.9811249,166.3065033,221.5244598,94.96253967,94.49829102,294.3633423,279.5947571,231.5700073,145.5652313,45.64902115,3849.620117
1/27/2021,137.9132233,161.6289978,222.0679626,288.0533447,90.68061066,90.08972931,269.7709656,227.3600006,143.3452148,44.51329422,3750.77002
1/28/2021,133.0883026,227.8175507,161.8809967,92.28142548,91.78658295,278.4766541,262.6931763,230.9499969,144.4381256,44.48543549,3787.379883
1/29/2021,128.108078,160.3099976,221.1717224,90.92578888,90.50675964,264.5100098,256.0811768,227.8699951,139.2894287,43.47657776,3714.23999
2/1/2021,130.224411,167.1439972,228.5040436,94.17549133,93.76129913,279.936676,259.729248,229.3200073,138.9307556,190.1541443,3773.860107
2/2/2021,131.0496216,169,228.3705597,95.47123718,95.0515213,290.9299927,264.7550049,232.2400055,137.6841431,194.228302,3826.310059
2/3/2021,130.0302734,231.6982422,165.6264954,102.5323486,101.9736481,284.8966675,264.3287964,232.6799927,137.0437317,193.0299988,3830.169922
2/4/2021,133.3795776,230.7542725,166.5500031,102.1509628,101.713623,283.3299866,264.170166,235.7700043,200.5936432,138.3159943,3871.73999
2/5/2021,132.9663849,167.6074982,230.9354248,103.915741,103.4570389,284.0766602,265.7661743,235.1600037,140.4164886,200.1334686,3886.830078
2/8/2021,133.1121368,231.1928711,166.1470032,103.6636276,103.2435684,287.8066711,264.2593689,237.4199982,140.8177338,198.3312378,3915.590088
2/9/2021,132.2371216,232.4324188,165.25,103.1980438,102.7913666,283.1533203,267.1044006,239.9100037,141.9705353,45.12913513,3911.22998
2/10/2021,131.6343384,231.5266571,164.3289948,103.7859726,103.3406372,268.2733459,269.5033569,239.9199982,142.4315338,197.8998718,3909.879883
2/11/2021,131.3815613,233.1189423,163.1065063,103.8112488,103.453064,270.5533447,268.0362854,239.7599945,141.791153,202.2588043,3916.379883
2/12/2021,131.6148987,233.5956879,163.885498,104.2183914,103.764122,272.0400085,268.1452942,242.4600067,142.2351685,201.5867615,3934.830078
2/16/2021,129.4954071,232.3656616,163.4474945,105.0995407,104.5402374,265.4066772,271.5850525,245.2799988,140.9458466,199.6088562,3932.590088
2/17/2021,127.2105789,233.3786926,165.4320068,105.417038,104.9325027,266.0499878,271.1885986,245.25,141.4496155,45.55308914,3931.330078
2/18/2021,126.1119308,232.9868622,166.411499,104.8667221,104.298027,262.4599915,267.0449524,243.5,141.5179443,201.0010376,3913.969971
2/19/2021,126.2674713,230.2918396,162.4949951,104.0712738,103.4560471,260.4333191,259.2831116,241.8500061,129.1050568,139.1613159,3906.709961
2/22/2021,122.5048218,224.1180725,159.0370026,102.2752838,101.7448273,238.1666718,258.0637817,244.9700012,130.3174286,139.0753937,3876.5
2/23/2021,122.3687057,222.9330444,159.7250061,102.5714874,102.0350571,232.9466705,263.5456848,245.5299988,131.36409,203.6509552,3881.370117
2/24/2021,121.8728561,224.1563263,157.9765015,103.7755737,103.2083969,247.3399963,262.0091553,248.4499969,210.6790314,133.6754456,3925.429932
2/25/2021,117.6338043,218.8427277,152.8580017,100.6150131,99.84738922,227.406662,252.4728699,243.6900024,131.8612366,205.2255554,3829.340088
2/26/2021,117.8963013,222.0824738,154.6464996,100.8874283,100.1425629,225.1666718,255.3773651,240.5099945,203.9197998,128.3636627,3811.149902
3/1/2021,124.2451782,226.4403992,157.3070068,103.0989838,102.5075607,239.4766693,262.6039429,249.2100067,207.9907379,131.2681274,3901.820068
3/2/2021,121.6492233,223.506485,154.7265015,102.8181458,102.2509995,228.8133392,256.7453613,249.2200012,207.1650085,130.8407593,3870.290039
3/3/2021,118.6741257,217.4760437,150.25,100.384697,99.62252808,217.7333374,253.1865997,251.5500031,133.3701477,206.2816925,3819.719971
3/4/2021,116.7976379,216.6828156,148.8784943,101.4931946,100.737915,207.1466675,255.3972321,245.4799957,131.3204498,203.0653076,3768.469971
3/5/2021,118.0518494,221.3370209,150.022995,104.4378052,103.8651352,199.3166656,261.9794312,253.1499939,206.8193359,131.6257477,3841.939941
3/8/2021,113.1322327,217.3135986,147.5975037,100.2588882,99.42884827,187.6666718,253.0875244,257.6099854,211.4855804,133.3701477,3821.350098
3/9/2021,117.7310257,223.4204407,153.1425018,101.6720047,101.0563889,224.5266724,263.4267273,259.019989,211.5719757,132.4281921,3875.439941
3/10/2021,116.6518173,222.1207123,152.8820038,101.7873917,100.8498459,222.6866608,262.5940247,263.9899902,214.2698975,135.3064575,3898.810059
3/11/2021,118.576889,226.6220093,155.6795044,104.7463837,104.0370026,233.1999969,271.4958496,260.9100037,217.1310577,134.6000061,3939.340088
3/12/2021,117.6726837,225.3031616,154.4745026,102.1286621,101.5338287,231.2433319,266.0634766,260.019989,215.4124756,136.196106,3943.340088
3/15/2021,120.5505753,224.4047699,154.0839996,102.3550339,101.7537384,235.9799957,271.3669739,254.6100006,214.3658905,135.5158386,3968.939941
3/16/2021,122.0867462,227.1762848,154.5930023,103.64431,103.2123718,225.6266632,276.8487549,251.5,215.7388611,133.8934937,3962.709961
3/17/2021,121.2992096,226.5359497,156.786499,103.572998,103.1296463,233.9366608,281.5377197,252,214.1258698,135.2715607,3974.120117
3/18/2021,117.1865616,220.496048,151.3995056,100.8557358,100.1143417,217.7200012,276.1945801,252.4600067,137.5044556,211.8599854,3915.459961
3/19/2021,116.6615295,220.142395,153.7480011,101.2014465,100.3926926,218.2899933,287.5845337,250.9900055,135.3152008,198.6487274,3913.100098
3/22/2021,119.9672241,225.532486,155.5435028,100.973114,100.5774384,223.3333282,290.9846802,250.3600006,131.6780853,199.704895,3940.590088
3/23/2021,119.1408005,227.052002,156.875,101.6848755,101.1044159,220.7200012,288.1000366,248.3099976,130.3610535,199.8488617,3910.52002
3/24/2021,116.7587662,225.0259857,154.3535004,101.2935715,100.6685715,210.0899963,279.6839294,249.6300049,131.3727722,139.109787,3889.139893
3/25/2021,117.2448883,222.0442352,152.3130035,101.2589111,100.6651077,213.4633331,276.3135681,250.75,133.0561676,139.1613464,3909.52002
3/26/2021,117.8476791,226.0007935,152.6015015,100.8225403,100.2822495,206.2366638,280.5562744,256.769989,135.2715607,205.0143585,3974.540039
3/29/2021,118.0227127,224.8157654,153.786499,101.8329773,101.3253174,203.7633362,288.2884216,258.8200073,133.1695099,205.955307,3971.090088
3/30/2021,116.5740356,221.576004,152.7644958,101.8126602,101.3590012,211.8733368,285.4929199,258.1900024,134.739563,141.7732239,3958.550049
3/31/2021,118.7616348,225.3222504,154.7039948,102.4610291,102.1539307,222.6433258,291.9661255,255.4700012,132.7770233,141.2061615,3972.889893
4/1/2021,231.6106873,119.5880432,158.0500031,105.8846054,105.4852371,220.5833282,296.0601501,258.2000122,134.0679474,208.2115173,4019.870117
4/5/2021,238.0328827,122.4075851,161.3365021,110.2334061,109.9022064,230.3500061,306.2209473,262.6600037,210.3046112,134.7785797,4077.909912
4/6/2021,122.708992,236.8765106,161.1909943,110.1937866,109.4217758,230.5399933,303.5939636,263.0599976,209.93013,133.8310852,4073.939941
4/7/2021,124.3521194,238.8261108,163.9694977,111.4285889,110.8962555,223.656662,310.364502,263.6199951,135.9279022,210.5254822,4079.949951
4/8/2021,126.7439346,242.0276642,164.9649963,112.2092133,111.4608765,227.9333344,310.295166,263.5100098,136.0946045,211.8984528,4097.169922
4/9/2021,129.3106689,244.5124512,168.6100006,113.2216187,112.4633331,225.6733398,309.7399902,266.0100098,213.645813,137.1123352,4128.799805
4/12/2021,127.5994873,244.5697632,168.9694977,111.6817017,111.173111,233.9933319,308.8280334,267.9299927,136.8228302,212.6376801,4127.990234
4/13/2021,130.7009888,247.0354767,170,112.2998428,111.6589966,254.1066742,307.0634766,267.1000061,212.2056427,135.1909485,4141.589844
4/14/2021,128.3675385,244.263916,166.6499939,111.684166,111.038887,244.0766602,300.1839294,267.5299988,213.1273651,132.6641693,4124.660156
4/15/2021,130.7690125,248.0007019,168.9544983,113.7555542,113.1854553,246.2833405,305.1403503,269.1400146,217.2559052,133.506424,4170.419922
4/16/2021,130.4384918,249.1857605,169.9720001,113.8100281,113.0616379,246.593338,303.5147095,272.1099854,217.3806915,134.497879,4185.470215
4/19/2021,131.0995636,247.2743683,168.6004944,114.0398636,113.4088287,238.2100067,299.6089172,270.2799988,216.7853851,133.9275513,4163.259766
4/20/2021,129.417572,246.8156433,166.7344971,113.6054688,112.8763962,239.6633301,300.0153503,267.8900146,214.3754883,143.0362091,4134.939941
4/21/2021,129.7967682,249.0328217,168.1009979,113.5886307,112.8437119,248.0399933,298.8456421,272.2099915,218.3792267,143.1306915,4173.419922
4/22/2021,128.280014,245.773941,165.4519958,112.3320236,111.5643845,239.8966675,293.9387817,269.5100098,218.4944153,141.9192657,4134.97998
4/23/2021,130.5940704,249.5775909,167.0440063,114.6787949,113.9125443,243.1333313,298.5086365,271.980011,220.8275604,131.7692871,4180.169922
4/26/2021,130.9829407,249.9597931,170.4499969,115.2454376,114.4078293,246.0666656,300.4020081,270.8599854,221.1539459,132.0938721,4187.620117
4/27/2021,130.6620941,250.3612518,170.8715057,114.2736435,113.4692612,234.9133301,300.9273682,273.6499939,220.7411041,132.6992493,4186.720215
4/28/2021,129.874588,243.2796021,172.9250031,117.8789902,116.8401947,231.4666595,304.4266357,272.9500122,224.1399078,133.5590515,4183.180176
4/29/2021,129.7773285,241.3204651,173.565506,120.354538,118.5102844,225.6666718,326.6416016,277.6000061,227.4139404,136.1560822,4211.470215
4/30/2021,127.8133621,241.0050659,173.3710022,119.3753128,116.5657806,236.4799957,322.2501221,274.9500122,224.2455292,134.945282,4181.169922
5/3/2021,128.8634338,240.6992493,169.3244934,118.6348267,116.0496979,228.3000031,319.7718506,279.1799927,223.3334503,134.5505219,4192.660156
5/4/2021,124.3034973,236.8096161,165.5935059,116.6080246,114.2542877,224.5333405,315.588623,280.2600098,222.7765808,136.4104767,4164.660156
5/5/2021,124.5465622,235.5480804,163.5269928,116.731369,114.6475601,223.6466675,312.27771,282.7600098,220.0690308,138.2002869,4167.589844
5/6/2021,126.1411057,238.6636047,165.3184967,117.9503098,115.7659073,221.1799927,317.2341919,289.7099915,222.0948944,140.9814606,4201.620117
5/7/2021,126.8130951,241.272644,164.5805054,118.8091812,116.4880219,224.1233368,316.3023682,290.9299927,222.8629456,141.4640045,4232.600098
5/10/2021,123.5407181,236.2266541,159.5245056,115.984436,113.5074005,209.6799927,303.3064575,292.3299866,141.4464417,216.9582672,4188.430176
5/11/2021,122.6252518,235.3187561,161.1954956,114.3548737,112.4331207,205.7333374,303.8616028,285.6300049,139.0951538,216.487793,4152.100098
5/12/2021,119.5671616,228.4091034,157.5970001,110.9035568,108.9755173,196.6300049,299.9161987,282.9100037,138.1388245,211.8311768,4063.040039
5/13/2021,121.7097626,232.2605591,158.0735016,112.037323,110.4014511,302.6026917,190.5633392,286.8999939,141.6921387,215.1292114,4112.5
5/14/2021,124.1250916,237.1536713,161.1450043,114.721405,112.8451996,313.1897278,196.5800018,290.6799927,143.8942566,218.2060547,4173.850098
5/17/2021,122.9758606,234.3152618,163.5195007,114.9814529,113.367218,312.7138367,192.2766724,289.2200012,144.4733276,217.7253113,4163.290039
5/18/2021,121.5929108,232.3083344,161.6139984,114.0908737,112.0571976,307.2617188,192.6233368,287.5899963,142.4378815,216.8887939,4127.830078
5/19/2021,121.437088,232.8830872,161.5899963,114.3523865,112.5044403,310.860199,187.8200073,286.2200012,141.3499756,215.9465027,4115.680176
5/20/2021,123.9887238,236.1015778,162.3840027,116.699173,114.2602386,315.8364258,195.593338,286.730011,141.1042938,217.7253113,4159.120117
5/21/2021,122.1577835,234.846756,160.154007,116.1548157,113.625267,313.4771423,193.6266632,287.7399902,142.7098694,218.0425873,4155.859863
5/24/2021,240.220459,123.7842026,162.2494965,119.2044373,116.9392395,321.8040466,202.1466675,289.730011,143.4819183,220.4944458,4197.049805
5/25/2021,241.1210022,123.5894241,162.9524994,119.3233109,117.0298767,324.936554,201.5633392,287.2000122,141.9991913,220.2060089,4188.129883
5/26/2021,240.90065,123.5407181,163.2579956,120.5348358,117.8936768,324.8077087,206.3766632,287.3299866,141.9816589,218.3310547,4195.990234
5/27/2021,238.8124237,122.0116959,161.5054932,118.9984055,117.0204697,329.853363,210.2833405,289.2999878,144.1925659,218.1291046,4200.879883
5/28/2021,239.1668091,121.3591766,161.1535034,119.44664,116.7317123,325.8683167,208.406662,289.4400024,144.0960846,218.5522003,4204.109863
6/1/2021,236.9828491,121.0377731,160.9324951,120.3505936,117.9367523,326.2648926,207.9666595,289.8399963,145.6840668,217.907959,4202.040039
6/2/2021,236.8870697,121.7974243,161.6994934,119.9280853,117.4122467,326.284729,201.706665,290.019989,145.6928558,220.8213348,4208.120117
6/3/2021,235.3640289,120.3170624,159.3504944,119.1023941,116.272583,323.2017517,190.9466705,291.9700012,145.7893372,219.3310089,4192.850098
6/4/2021,240.2301178,122.6057892,160.3110046,121.4377747,118.550415,327.4743042,199.6833344,292.519989,146.0262146,221.2828522,4229.890137
6/7/2021,243.1229706,122.615509,159.9004974,122.1475525,118.9828033,333.6499939,201.7100067,289.4599915,145.3419342,222.41745,4226.52002
6/8/2021,241.9351349,123.4336014,163.2055054,122.9776917,118.7916107,330.7752686,201.1966705,289.1900024,144.7628326,223.119339,4227.259766
6/9/2021,242.9121704,123.8134308,164.0574951,123.4011841,119.262146,327.3751831,199.593338,288.5799866,223.3693848,142.9555054,4219.549805
6/10/2021,246.4084778,122.8200378,167.4824982,124.8970261,120.6088333,329.5658875,203.3733368,284.9100037,224.9462891,140.7270355,4239.180176
6/11/2021,247.0311432,124.0276947,167.341507,124.5171204,120.3646469,328.3763733,203.2966614,286.8200073,225.9173584,17.7439518,4247.439941
6/14/2021,248.9469452,127.0760193,169.1934967,125.1664658,121.2913361,333.8383789,205.8966675,283.5299988,225.0712738,17.93656731,4255.149902
6/15/2021,247.4813385,126.2579727,169.1564941,124.8504639,120.2749863,333.8185425,199.7866669,283.9400024,224.0135803,17.70736885,4246.589844
6/16/2021,246.5426331,126.7546463,170.7624969,124.5171204,119.6341019,328.1979065,201.6233368,283.1099854,17.72902107,220.7637177,4223.700195
6/17/2021,249.914444,128.3518372,174.4620056,125.1852798,120.5959549,333.580658,205.5333405,278.6900024,18.57215881,223.2155457,4221.859863
6/18/2021,248.5063019,127.056572,174.3450012,124.389328,118.9788361,326.7902832,207.7700043,274.0400085,18.55374336,221.542511,4166.450195
6/21/2021,251.5715485,128.8485565,172.697998,125.2685013,120.6642914,329.3973389,206.9433289,277.1000061,18.34320641,225.3020172,4224.790039
6/22/2021,254.330307,130.484726,175.2720032,125.8078918,121.1774139,336.0787048,207.9033356,276.9200134,18.80060768,226.8500214,4246.439941
6/23/2021,254.1004181,130.2120209,175.1909943,125.2749481,120.9758301,337.6250916,218.8566742,274.6600037,18.9703331,225.6481476,4241.839844
6/24/2021,255.4606018,129.9295807,172.4539948,126.0877457,121.3452988,226.6066742,340.1925354,275.4899902,19.11791039,227.1481476,4266.490234
6/25/2021,253.8609009,129.6374359,170.072998,125.8034363,121.3537369,223.956665,338.3983154,278.3800049,18.94420052,228.1865692,4280.700195
6/28/2021,257.4051208,131.2638702,172.1945038,125.6295929,121.3809814,229.5733337,352.5441284,276.6099854,19.89385033,225.0808868,4290.609863
6/29/2021,259.97229,132.7734375,172.4069977,124.8360825,121.1199493,348.8268433,226.9199982,276.2099915,19.93541336,226.869278,4291.799805
6/30/2021,259.4933472,133.3869629,172.0079956,124.1401978,120.9386826,226.5666656,344.683136,277.9200134,19.91127396,224.8212738,4297.5
7/1/2021,260.1638794,133.6888733,171.6484985,125.1828079,121.2903519,351.3050232,225.9733276,280.1700134,20.11981583,226.1000824,4319.939941
7/2/2021,265.9591675,136.3087158,175.548996,127.5112534,124.0768127,351.6123047,226.3000031,279.1199951,20.3935585,229.4461365,4352.339844
7/6/2021,138.3149719,265.9687805,183.7870026,128.5533905,125.0005264,349.7089844,219.8600006,277.3200073,20.60410118,230.3788452,4343.540039
7/7/2021,140.7984619,268.1431885,184.8289948,128.8570251,125.2818604,347.4389038,214.8833313,279.2399902,20.2788372,230.7634277,4358.129883
7/8/2021,139.5031738,265.7388,186.5704956,127.9649582,123.8653336,342.6410522,217.6033325,274.1000061,19.81197739,227.503891,4320.819824
7/9/2021,141.3243713,266.236908,185.9669952,128.3587494,124.3353806,347.3695679,218.9833374,280.4899902,19.95880318,229.2923279,4369.549805
7/12/2021,140.7302704,265.6429749,185.9275055,129.338974,125.7786407,228.5666656,350.0856628,280.1099854,20.41894531,228.7153473,4384.629883
7/13/2021,141.8405151,269.1489563,183.8679962,129.7654419,126.1411743,349.0249023,222.8466644,279.2099915,20.15764809,233.0229797,4369.209961
7/14/2021,145.2589264,270.614502,184.0839996,130.8431854,127.0282364,344.6038513,217.793335,278.3099976,19.75100327,236.5228882,4374.299805
7/15/2021,144.6064453,269.1968689,181.5599976,130.0348206,125.8078461,341.4614258,216.8666687,279.7200012,238.9843903,18.87975311,4360.029785
7/16/2021,142.5709839,268.9286804,178.6815033,130.6084137,125.7731857,338.1901855,214.7400055,277.8999939,238.5709381,18.07817268,4327.160156
7/19/2021,138.7337646,265.3460693,177.4795074,128.0412292,123.4037094,334.0168457,215.406662,272.6600037,18.69409752,231.1576385,4258.490234
7/20/2021,142.3372498,267.5588074,178.6595001,129.8713989,125.0198441,338.6858215,220.1666718,276.8900146,233.3595123,18.52711105,4323.060059
7/21/2021,141.606781,269.5512085,179.2599945,131.356308,126.3467331,343.2160339,218.4299927,279.8800049,19.32147408,234.2825775,4358.689941
7/22/2021,142.9702606,274.0916748,181.9015045,132.0774994,127.2109909,348.1328735,216.4199982,277.7000122,19.50463295,234.7440796,4367.47998
7/23/2021,144.6843414,277.4730225,182.8320007,136.5228882,131.7612,366.5709229,214.4600067,278.4899902,19.46879768,239.4362793,4411.790039
7/26/2021,145.1031647,276.8790894,184.9909973,138.3342285,132.7715912,369.2176819,219.206665,278.7999878,240.6189575,19.2060051,4422.299805
7/27/2021,142.9410706,274.474762,181.3195038,135.51297,130.6566925,364.6082153,214.9266663,280.7799988,241.2727509,19.12039757,4401.459961
7/28/2021,274.1682434,141.1977692,181.5160065,135.1018829,134.8111572,370.0305481,215.6600037,278.1000061,19.41405106,237.4362946,4400.640137
7/29/2021,274.4364624,141.8405151,179.9960022,135.2593689,134.4976501,355.2008057,225.7833405,279.7600098,19.57232285,238.3785706,4419.149902
7/30/2021,142.0548248,272.9134521,166.3795013,133.9522552,133.4565735,353.1983643,229.0666656,278.2900085,19.41006851,236.9074554,4395.259766
8/2/2021,141.7236786,272.8272095,166.5740051,134.7135315,133.583374,236.5566711,348.886261,278.1400146,19.65992355,230.5518799,4387.160156
8/3/2021,143.5156708,275.030365,168.3119965,135.001297,134.3515625,236.5800018,348.1824036,281.7999878,19.72462845,227.9654083,4423.149902
8/4/2021,143.1163788,274.4461975,167.7359924,134.7521973,133.8518219,236.9733276,355.7955322,278.7799988,20.18153763,227.561554,4402.660156
8/5/2021,277.3293152,143.2234955,168.7994995,135.6551208,134.9671783,238.2100067,359.8102722,280.2099915,20.54287529,230.9653168,4429.100098
8/6/2021,277.2718201,142.5407257,167.246994,135.7501984,134.4590302,360.3456116,233.0333405,285.6300049,20.27311325,232.1095123,4436.52002
8/9/2021,276.1893311,142.4919586,167.0935059,136.7071381,135.6224365,237.9199982,358.4620972,287.230011,20.20244026,230.7634277,4432.350098
8/10/2021,274.3789978,142.0140533,166.0339966,136.800766,135.5174713,236.6633301,357.9862976,288.9400024,19.84507561,228.9076691,4436.75
8/11/2021,274.8675232,142.2676239,164.6054993,136.397583,134.9944305,235.9400024,356.8264771,291.2799988,19.60915565,226.0135345,4442.410156
8/12/2021,145.2230225,277.6071167,165.1750031,137.0910034,135.9008026,240.75,359.4930115,290.2399902,19.81421471,223.1732178,4460.830078
8/13/2021,145.4278717,280.5190735,164.6985016,137.1073761,136.4293213,239.0566711,360.0184937,287.8900146,20.09592628,224.0012207,4468
8/16/2021,147.3980713,282.1954346,164.9494934,137.6125641,137.0057983,363.3691101,228.7233276,289.4500122,19.8590126,226.6104889,4479.709961
8/17/2021,146.4909973,280.7393494,162.0980072,136.0122375,135.3733215,355.3296814,221.9033356,289.1000061,19.36925316,225.8113708,4448.080078
8/18/2021,279.0215149,142.7553253,160.0610046,135.28862,134.172287,229.6633301,352.3557739,286.3599854,18.95316124,223.0191498,4400.27002
8/19/2021,284.8183289,143.0869141,159.3874969,135.6288757,134.401062,352.028656,224.4900055,285.1300049,19.70770264,222.9614105,4405.799805
8/20/2021,292.1025391,144.5402374,159.9974976,137.1380615,136.1340942,356.2415771,226.7533264,285.269989,20.7210598,155.1330414,4441.669922
8/23/2021,292.3808289,146.0228271,163.2935028,139.775589,138.7214813,235.4333344,360.1870117,285.6199951,21.85785484,225.4358215,4479.529785
8/24/2021,290.4326477,145.9349823,165.2890015,141.0624084,139.9299927,236.1633301,362.328186,286.019989,21.69360161,225.5321503,4486.22998
8/25/2021,289.8472595,144.7060699,164.9589996,141.6087341,140.7397614,365.183136,237.0666656,287.2999878,22.1116848,223.9434662,4496.189941
8/26/2021,287.0448303,143.90625,165.8000031,140.789505,140.1072845,361.2080078,233.7200012,285.269989,21.96735191,221.9504089,4470
8/27/2021,287.6494751,144.9401398,167.4815063,143.1942444,142.6466217,369.3862305,237.3066711,286.6000061,22.53276062,224.0397491,4509.370117
8/30/2021,291.3636475,149.3488159,171.0785065,144.104599,143.2275848,377.346344,243.636673,285.6600037,22.58452225,222.6340332,4528.790039
8/31/2021,289.7225342,148.0906219,173.539505,144.0971527,143.3335876,245.2400055,376.0774536,285.769989,22.28683472,220.5832367,4522.680176
9/1/2021,289.674469,148.7538147,173.9499969,144.4736023,143.8466949,378.7242432,244.6966705,285.2600098,22.34259415,221.5652924,4524.089844
9/2/2021,149.8657684,289.0218811,173.1560059,142.8658142,141.9363861,244.1300049,372.0131531,285.0499878,22.29778862,141.5909424,4536.950195
9/3/2021,150.4997864,289.0122986,173.9024963,143.4165955,142.384613,244.5233307,372.9846191,281.8900146,22.74282646,140.7350006,4535.430176
9/7/2021,152.8308716,288.0909729,175.4644928,144.1536407,142.920517,250.9733276,378.8530884,278.8999939,22.56262207,140.4879303,4520.029785
9/8/2021,151.2897949,288.1197205,176.2749939,143.5240936,142.3365631,251.2899933,374.2832031,279.3399963,22.24103928,220.5736084,4514.069824
9/9/2021,150.2754364,285.2789612,174.2079926,143.5538025,142.1879883,251.6199951,374.7094727,278.6099854,22.07974625,219.0330658,4493.279785
9/10/2021,283.8009338,145.3010254,173.4575043,140.589386,139.548111,245.4233398,375.3934326,277.6000061,22.37942696,216.5489807,4458.580078
9/13/2021,285.0293274,145.8667603,172.8585052,142.1188965,140.9908905,247.6666718,373.2324219,279.9200134,22.05485916,141.0614777,4468.72998
9/14/2021,287.7166443,144.4719543,172.5,142.0604706,141.2008667,248.1633301,373.2522583,277.2000122,22.14446068,138.5996094,4443.049805
9/15/2021,292.5441284,145.3595886,173.789505,143.8435516,143.0681152,251.9433289,370.6650085,278.1799927,22.24302864,139.5614166,4480.700195
9/16/2021,292.9279175,145.125473,174.4120026,143.0188904,142.2563171,252.3300018,369.8125305,277.5100098,22.14446068,139.4996185,4473.75
9/17/2021,287.7934265,142.4626923,173.1260071,140.1361847,139.4728088,253.1633301,361.5450439,276.7600098,21.8039608,139.1378021,4432.990234
9/20/2021,282.4476624,139.4195709,167.786499,137.7126312,137.4119263,243.3899994,352.6036072,274.2000122,21.02041054,211.8696442,4357.72998
9/21/2021,282.9275818,139.8974609,167.1815033,138.3362122,137.7224731,246.4600067,354.368103,273.1799927,21.15283012,211.9851685,4354.189941
9/22/2021,286.5553284,142.2578888,169.0025024,139.6161041,138.9611969,250.6466675,340.2223206,274.0700073,21.84478188,214.4692535,4395.640137
9/23/2021,287.4959412,143.2137604,170.8000031,140.4957581,139.884903,251.2133331,342.9483643,278.1199951,22.38341141,142.2262573,4448.97998
9/24/2021,287.2943726,143.3015442,171.276001,141.294693,140.8744812,258.1300049,349.8873901,277.8699951,21.9841671,143.8675385,4455.47998
9/27/2021,282.3229675,141.7897034,170.2899933,140.1733093,139.7422638,263.7866821,350.5020752,279.7200012,21.56501579,147.344223,4443.109863
9/28/2021,272.1018677,138.4149017,165.7980042,134.9062042,134.5496521,259.186676,337.6845398,276.7900085,20.60822868,146.5500641,4352.629883
9/29/2021,272.5625305,139.3122864,165.0559998,133.2588196,133.0870972,260.436676,336.6536255,277.2900085,20.42702675,146.4353638,4359.459961
9/30/2021,270.5662842,138.0149841,164.2519989,132.4159698,132.0151062,258.4933472,336.4356079,272.9400024,20.6251564,144.4411011,4307.540039
10/1/2021,277.4571533,139.136673,164.1629944,135.2559662,135.1821136,258.4066772,340.0241089,275.7099915,20.65104103,147.4765778,4357.040039
10/4/2021,271.708374,135.7131653,159.4889984,132.5099182,132.3996277,260.5100098,323.3900757,273.6400146,19.64546776,147.3177338,4300.459961
10/5/2021,277.1308289,137.6346283,161.0500031,134.899292,134.74086,260.1966553,330.0615234,278.0499878,20.36131477,149.7234497,4345.720215
10/6/2021,281.3056641,138.5027161,163.1004944,136.2682953,136.0652313,260.9166565,330.7356567,280.2200012,20.60922623,150.043045,4363.549805
10/7/2021,282.9755859,139.76091,165.1215057,137.912674,137.8795624,264.5366821,326.354126,282.9500122,20.98257828,150.9929352,4399.759766
10/8/2021,282.9755859,139.3805695,164.4309998,138.7418976,138.467865,261.8299866,327.1768188,284.1400146,20.73965263,151.1083221,4391.339844
10/11/2021,282.3805542,139.2927551,162.3150024,137.6045837,137.5447235,263.980011,322.6168823,280.9299927,20.60424614,147.9302826,4361.189941
10/12/2021,281.0849304,138.024765,162.3665009,135.4302521,135.1628418,268.5733337,320.9515381,278.6199951,20.58034897,146.7939911,4350.649902
10/13/2021,284.37677,137.4395294,164.2140045,136.6061096,136.285141,270.3599854,321.7148438,277.8999939,20.84717369,142.9234924,4363.799805
10/14/2021,290.5574646,140.2192993,164.9929962,140.0851746,139.8205109,272.7733459,325.6700745,281.6400146,21.65063667,145.1161804,4438.259766
10/15/2021,291.9586487,141.2727814,170.451004,140.3456879,140.0354919,281.0100098,321.9329529,284.2099915,21.76612473,147.9036407,4471.370117
10/18/2021,294.9145813,142.9406586,172.3370056,141.6191254,141.4321747,290.0366821,332.4207764,282.5899963,22.12455177,147.8503876,4486.459961
10/19/2021,295.8167114,145.0961914,172.2075043,142.4725494,141.8868561,288.0899963,337.0303345,284.8299866,22.19225502,149.6435547,4519.629883
10/20/2021,295.0297852,145.5839081,170.753006,141.0787354,140.4327087,288.6000061,337.8134766,287.4899902,22.00607109,151.6586914,4536.189941
10/21/2021,298.244873,145.7984772,171.7505035,141.4408264,140.5485992,298,338.9039307,286.8200073,22.59248924,150.469162,4549.779785
10/22/2021,296.709259,145.0279388,166.7774963,137.3243103,136.2697906,303.2266541,321.7842102,289.2399902,22.62634087,152.4931641,4544.899902
10/25/2021,295.7207642,144.979187,166.0184937,137.4709015,136.151413,341.6199951,325.8286743,290.2600098,23.06441307,151.747467,4566.47998
10/26/2021,297.6209717,145.6424408,168.8034973,138.3614655,137.9953766,339.4766541,313.0608215,290.8500061,24.60860825,152.155838,4574.790039
10/27/2021,310.1549988,145.1840057,169.6244965,145.0535889,144.8392487,345.9533386,309.5021362,287.7799988,24.34377289,148.9866791,4551.680176
10/28/2021,311.2875977,148.8123932,172.3285065,144.7578888,144.4742279,359.0133362,314.1611633,289.7200012,24.83162689,151.232605,4596.419922
10/29/2021,318.264801,146.1105652,168.6215057,146.8793182,146.6505127,371.3333435,320.7532959,25.45488167,287.0100098,150.8153992,4605.379883
11/1/2021,316.1053467,145.2912903,165.9055023,142.4249878,142.1443939,402.8633423,327.1074829,25.7137413,286.2399902,150.7355042,4613.669922
11/2/2021,319.7139282,146.3251953,165.6374969,144.4943848,144.0616455,390.6666565,325.2240295,26.2852211,287.9299927,151.3302765,4630.649902
11/3/2021,320.5489197,147.7589874,169.1999969,145.4126892,145.216156,404.6199951,328.7331848,26.48136139,288.7200012,151.3834991,4660.569824
11/4/2021,322.8906555,147.2420502,173.8500061,147.2879181,146.8699341,409.9700012,332.9263916,29.67031479,287.6900024,149.3950195,4680.060059
11/5/2021,322.5260315,147.7695313,175.9494934,147.8407135,147.4489136,407.3633423,338.1604614,29.62153053,287.8800049,149.1819611,4697.529785
11/8/2021,323.4185181,146.9489899,174.4490051,147.9501648,147.6262512,387.6466675,335.6722412,30.66891289,288.7999878,150.0785522,4701.700195
11/9/2021,322.4204712,147.310379,178.8114929,147.848114,147.5147858,341.1666565,332.4505615,30.52256012,286.3500061,148.9422455,4685.25
11/10/2021,317.4777527,144.4874573,174.1024933,145.2502289,144.5182953,355.9833374,324.7878723,29.32981491,285.3200073,148.8002625,4646.709961
11/11/2021,319.0421143,144.4386292,173.625,145.371109,144.3925018,354.5033264,324.8869324,30.25673294,284.6499939,148.7913666,4649.27002
11/12/2021,323.1593628,146.5094452,176.2575073,148.2413788,147.2765503,344.4733276,337.9224854,30.25673294,285.9899902,148.1255646,4682.850098
11/15/2021,322.535553,146.5191956,177.2839966,147.9863281,147.0526886,337.7966614,344.5344238,29.89333153,284.6700134,147.8592529,4682.799805
11/16/2021,325.8369751,147.4960175,177.0350037,147.6772614,146.4821472,351.5766602,339.9744568,30.07055092,283.3599854,146.7939911,4700.899902
11/17/2021,326.058197,149.9282074,177.4499969,147.6633759,146.6514893,363.0033264,337.8035583,29.13267708,281.5899963,146.0039063,4688.669922
11/18/2021,328.1253357,154.206543,184.8029938,149.2949371,148.4261322,365.4599915,335.7416687,31.53609467,280.6300049,144.7433319,4704.540039
11/19/2021,329.8944397,156.8244171,183.8285065,148.545517,147.5227203,379.019989,342.2940674,32.84035492,279.9899902,142.852478,4697.959961
11/22/2021,326.7407837,157.2834625,178.6284943,145.6985321,144.9229584,385.6233215,338.0415039,31.81586647,284.9700012,145.8973541,4682.939941
11/23/2021,324.673584,157.664444,179.0019989,145.3800201,144.4078522,369.6766663,334.314209,31.60678291,288.5599976,149.3861237,4690.700195
11/24/2021,324.8947144,158.1821289,179.0204926,145.3408813,144.7426453,372,338.091095,32.53070831,287.2799988,148.2143707,4701.459961
11/26/2021,316.9817505,153.1711578,175.2279968,141.4660645,140.8427887,360.6400146,330.2201538,31.364851,283.0899963,143.7490845,4594.620117
11/29/2021,323.6640625,156.5215454,178.0785065,144.7430267,144.1587067,378.9966736,335.0874023,33.22963333,282.1199951,143.1276703,4655.27002
11/30/2021,317.8567505,161.4641876,175.3535004,141.1154327,140.5599823,381.5866699,321.6355591,32.53269577,276.6900024,140.9971466,4567
12/1/2021,317.3663025,160.9464569,172.1860046,140.2892303,139.7219391,365,307.8962097,31.30098152,275,140.1627045,4513.040039
12/2/2021,316.7990723,159.9598999,171.8679962,142.427475,141.6184082,361.5333252,307.6880493,31.98902893,279.0899963,143.1099548,4577.100098
12/3/2021,310.5687256,158.0844574,169.489502,141.1832428,140.6629944,338.3233337,304.1688843,30.56214714,277.4299927,140.517746,4538.430176
12/6/2021,313.6261902,161.4837036,171.3684998,142.4472809,141.805603,336.3366699,315.1029053,29.90894508,281.3800049,142.1778259,4591.669922
12/7/2021,167.2076874,322.019989,176.164505,146.6474915,145.8813324,350.5833435,319.9999084,32.28875351,284.9700012,144.3172607,4686.75
12/8/2021,171.0172119,322.0679626,176.1580048,147.3251038,146.7896729,356.3200073,327.6824341,31.69031143,283.7200012,142.6660614,4701.209961
12/9/2021,170.5092621,320.27005,174.1710052,146.7163544,146.2468719,334.6000061,326.948822,30.36000633,284.519989,142.4441681,4667.450195
12/10/2021,175.2857971,329.346405,172.2120056,147.2800446,146.6064301,339.0100098,326.8795166,30.06925201,288.230011,441.0332031,4712.02002
12/13/2021,171.661911,326.3274231,169.5675049,145.3280029,144.4519653,322.1366577,331.5782776,28.04093742,290.0100098,440.9502563,4668.970215
12/14/2021,170.2846222,315.6933594,169.091507,143.6102905,142.5505371,319.5033264,330.8346863,28.21619034,295.0299988,442.1674805,4634.089844
12/15/2021,175.1392365,321.7603455,173.3150024,145.9857788,145.0606537,325.3299866,338.6858215,30.32914162,294.5799866,455.927063,4709.850098
12/16/2021,168.2626495,312.3858032,168.8710022,143.4794769,143.0834503,308.9733276,331.9846497,28.26597214,300.1700134,454.5252075,4668.669922
12/17/2021,167.1686096,311.3282471,170.0175018,141.4631042,140.3891144,310.8566589,330.8842773,27.68247795,293.6600037,449.2316589,4620.640137
12/20/2021,165.8108673,307.5880432,167.0789948,141.0653839,140.2722168,299.980011,322.6168823,27.60082245,289.6099854,446.1053467,4568.02002
12/21/2021,168.975708,314.6838379,170.4170074,142.8672943,142.1201324,312.8433228,331.290741,28.95104408,293.2399902,449.3146362,4649.22998
12/22/2021,171.564209,320.3662415,171.0370026,145.5702209,145.0348816,336.2900085,327.5734558,29.2746582,294.4100037,455.6964722,4696.560059
12/23/2021,172.1893616,321.7987366,171.0684967,145.7618866,145.531662,355.6666565,332.3216858,29.51363373,294.4899902,456.8493042,4725.790039
12/27/2021,176.1453705,329.2598572,169.6694946,146.6747437,146.5123291,364.6466675,343.1664734,30.8130722,296.6700134,460.6488037,4791.189941
12/28/2021,175.1295013,328.1061096,170.6609955,145.3043518,145.0739441,362.8233337,343.2061462,30.19272232,298.2900085,463.821228,4786.350098
12/29/2021,175.2174377,328.7791138,169.201004,145.2725983,145.1298676,362.063324,339.9546509,29.87309265,299.4599915,466.2558594,4793.060059
12/30/2021,174.0648193,326.2504272,168.6445007,144.8224182,144.6325989,356.7799988,341.3623047,29.45986748,299.980011,465.195282,4778.72998
12/31/2021,173.4494324,323.3659973,166.7169952,143.4866333,143.3220062,352.2600098,333.4220886,29.28560829,299,463.0834656,4766.180176
1/3/2022,177.7863922,321.8564453,170.4044952,143.7133026,143.6248016,399.9266663,335.5929565,29.99258232,300.7900085,463.2125549,4796.560059
1/4/2022,175.5299988,316.3375854,167.5220032,143.0614929,143.0383911,383.1966553,333.6004944,29.16513062,308.5299988,148.9866791,4793.540039
1/5/2022,170.8609314,304.1940002,164.3569946,136.4763489,136.3619232,362.706665,321.348114,27.48631096,309.9200134,451.6018372,4700.580078
1/6/2022,168.008667,301.7903137,163.2539978,136.4490967,136.2603912,354.8999939,329.5658875,28.05786324,313.2200012,147.816803,4696.049805
1/7/2022,168.1747589,301.9441223,162.5540009,135.7254639,135.7190247,342.3200073,328.9017334,319.7799988,27.13083839,149.2813721,4677.029785
1/10/2022,168.1942596,302.1652222,161.4859924,137.3623962,137.2737885,352.706665,325.2141418,318.9299927,27.28318405,149.4242401,4670.290039
1/11/2022,171.0172119,302.8479309,165.3619995,138.7037506,138.4188385,354.7999878,331.459259,319.7999878,27.69840622,149.5760956,4713.069824
1/12/2022,171.4567719,306.0112,165.2070007,140.3189392,140.0973663,368.7399902,330.3589783,320.3900146,27.87963104,150.424469,4726.350098
1/13/2022,168.1942596,293.059967,161.2140045,137.8255615,137.2806854,343.8533325,323.63797,321.2600098,26.46169853,150.2369232,4659.029785
1/14/2022,169.0538788,298.2520142,162.1380005,138.4749146,138.165741,349.8699951,329.0107727,324.1300049,26.82713318,432.2351685,4662.850098
1/18/2022,165.8597412,290.9929504,158.9174957,135.0117188,134.7161102,343.5033264,315.3804932,320.2900085,25.7925663,425.1341553,4577.109863
1/19/2022,162.3725891,291.6466064,156.298996,134.3792267,133.842865,331.8833313,316.8079224,314.75,24.96013069,426.545105,4532.759766
1/20/2022,160.6925049,289.9833069,151.6674957,132.2538452,132.0509338,332.0899963,313.8042908,311.0100098,24.04704094,426.9877319,4482.72998
1/21/2022,158.6412506,284.6278076,129.1227875,128.8713684,142.6430054,314.6333313,300.5308533,305.2200012,23.2743454,425.3000793,4397.939941
1/24/2022,157.8695374,284.9548035,129.5710602,129.1487427,144.5440063,310,306.0226135,303.730011,23.27235222,426.3144836,4410.129883
1/25/2022,156.0722198,277.3782959,125.7385025,125.5463638,139.9859924,306.1333313,297.5370789,307.1900024,22.22882462,421.3068542,4356.450195
1/26/2022,155.9843597,285.2816772,128.027359,128.0148315,138.8724976,312.4700012,292.0652161,309.2600098,22.67491341,422.7731628,4349.930176
1/27/2022,155.525238,288.2911377,127.9094772,127.7890091,139.6374969,276.3666687,292.0751343,307.6700134,21.85044479,425.6966553,4326.509766
1/28/2022,166.3774109,296.3867798,132.0940247,132.0388794,143.9779968,282.1166687,299.0835876,312.8999939,22.74262238,219.9105377,4431.850098
1/31/2022,170.7241974,299.0020142,134.4252625,134.0281219,149.5735016,312.2399902,310.53302,313.019989,24.38160896,435.8133545,4515.549805
2/1/2022,170.5581207,296.8675537,136.5847931,136.3465576,151.1934967,310.4166565,316.223053,313.9599915,24.53296089,224.1158295,4546.540039
2/2/2022,171.7595673,301.3865051,146.6474915,146.6049652,150.6125031,301.8866577,320.1882324,319.6000061,25.13438416,227.0672913,4589.379883
2/3/2022,168.8878021,289.6467896,141.7412262,141.312027,138.8455048,297.0466614,315.230011,235.6902924,23.8459034,450.7532959,4477.439941
2/4/2022,168.6041565,294.1560974,141.9423218,141.6741333,157.6394958,307.7733459,314.9899902,235.0260925,24.21532059,445.5888977,4500.529785
2/7/2022,167.8901978,289.3583984,157.9355011,137.888916,137.6343842,302.4466553,316.5100098,24.62257385,222.9521332,446.0777588,4483.870117
2/8/2022,170.9906006,292.8292847,161.4134979,138.0850372,137.9067993,307.3333435,321.4400024,25.00095367,218.2632904,455.0324402,4521.540039
2/9/2022,172.4087372,299.2231445,161.1894989,140.2573547,140.1257782,310.6666565,322.3800049,26.59114647,229.980423,459.3577271,4587.180176
2/10/2022,168.3400726,290.7332764,159.0034943,137.3133545,137.3020477,301.5166626,319.8500061,25.71390343,226.08461,448.862793,4504.080078
2/11/2022,164.9365082,283.6759338,153.2935028,133.0167694,132.8714905,286.6666565,319.1400146,23.84689522,217.6387787,440.9409485,4418.640137
2/14/2022,165.1712036,283.6375427,155.1670074,134.2485504,134.0304871,291.9200134,314.2799988,24.16353607,215.8049011,437.5011597,4401.669922
2/15/2022,168.9953766,288.8968201,156.510498,135.3208313,135.1454315,307.4766541,316.2000122,26.38204765,219.0761566,441.0332031,4471.069824
2/16/2022,168.7606812,288.5595703,158.1004944,136.439682,136.1974945,307.7966614,315.6499939,26.39797211,214.6549988,442.7115784,4475.009766
2/17/2022,165.1712036,280.1099548,154.6524963,131.2896881,131.0670776,292.1166687,313.5499878,24.4025135,205.9018402,433.7568665,4380.259766
2/18/2022,163.625946,277.412262,152.6015015,129.2433472,129.1738129,285.6600037,314.7999878,23.54120445,204.3653564,431.423584,4348.870117
2/22/2022,160.7114105,277.2099304,150.1974945,128.5898895,128.188324,273.8433228,314.1600037,23.2902813,200.3208771,426.5358582,4304.759766
2/23/2022,156.5547333,270.0320129,144.8269958,126.3853607,126.3879013,254.6799927,309.9899902,22.29154968,196.7224426,423.870575,4225.5
2/24/2022,159.1660919,283.82901,151.3580017,131.4402313,131.4286499,266.9233398,308.2799988,23.64675713,205.7928162,420.4307861,4288.700195
2/25/2022,161.2297668,286.4496155,153.7884979,133.2573242,133.1920624,269.956665,319.2399902,24.0540123,208.6477356,438.7460327,4384.649902
2/28/2022,161.4938049,287.8755798,153.5630035,133.7839661,133.6253357,290.1433411,321.4500122,24.28103828,209.1929626,438.8566589,4373.939941
3/1/2022,159.6159821,284.1758423,132.9091187,132.7978363,151.1419983,288.1233215,316.8399963,23.37690735,201.7186127,439.2071838,4306.259766
3/2/2022,162.9021912,289.2244263,133.4871674,133.3030396,152.0525055,293.2966614,323.6400146,24.1208477,206.2983551,447.6270752,4386.540039
3/3/2022,162.5794678,285.1104126,133.0478058,132.6373749,147.8984985,279.7633362,327.7399902,23.61692619,201.2031403,448.7429199,4363.490234
3/4/2022,159.5866394,279.271759,130.8823242,130.6631317,145.6410065,279.4299927,325.3399963,22.84211159,198.3184509,459.8649597,4328.870117
3/7/2022,155.8016205,268.7217407,125.2779236,125.1872635,137.4530029,268.1933289,322.7200012,21.26458931,185.8380585,449.0011597,4201.089844
3/8/2022,153.9824829,265.7734985,126.0842819,125.9064102,136.0144958,274.7999878,318.519989,21.4259243,188.6335144,436.6341553,4170.700195
3/9/2022,159.3715057,277.9614563,132.6099701,132.1623993,139.279007,286.3233337,325.3999939,22.91978264,196.7720337,447.8022766,4277.879883
3/10/2022,155.0387573,275.1576843,131.4371033,131.1812286,146.8175049,279.4333191,325.2999878,22.56524467,193.5107117,453.2157288,4259.52002
3/11/2022,151.3320007,269.8393555,129.2512817,128.6463165,145.5245056,265.1166687,326.6000061,22.00952721,185.9768524,446.6300659,4204.310059
3/14/2022,147.3122559,266.34198,125.5518036,124.7637711,141.8529968,255.456665,329.980011,21.24268341,185.0053711,451.3010559,4173.109863
3/15/2022,151.6840668,276.6608276,147.3665009,128.4439087,127.9801788,267.2966614,332.5499878,22.87895393,190.3583221,460.5412598,4262.450195
3/16/2022,156.0852661,283.636322,153.1040039,132.4361115,132.0242004,280.0766602,336.1099854,24.39572334,201.8573914,460.8650513,4357.859863
3/17/2022,157.0926514,284.4360046,157.2389984,133.3375702,132.5774384,290.5333252,344.9700012,24.66461754,206.0307312,468.9675598,4411.669922
3/18/2022,160.3788452,289.4556274,161.2505035,135.5178833,134.842392,301.7966614,342.4100037,26.3447094,214.605423,468.1351318,4463.120117
3/21/2022,161.7481384,288.2319946,161.4915009,135.197937,134.8186188,307.0533447,349.6600037,26.62456131,209.6489563,469.5594482,4461.180176
3/22/2022,165.1125793,292.9530334,164.8890076,138.9612885,138.5496216,331.3266602,349.9299927,26.41541672,214.7640076,467.3951416,4511.609863
3/23/2022,166.4720306,288.5499878,163.4080048,137.2039337,136.9721222,333.0366821,348.1600037,25.52906036,211.6018066,465.4619141,4456.240234
3/24/2022,170.2472992,292.9916382,163.6495056,140.2375641,139.986084,337.9733276,352.3699951,28.03476143,217.6586456,474.9242859,4520.160156
3/25/2022,170.8829651,292.5869446,164.7734985,140.3375854,140.193634,336.8800049,358.7600098,27.57863808,219.8890381,474.5264587,4543.060059
3/28/2022,171.7436676,299.3505554,168.9904938,140.6181335,140.1221466,363.9466553,359.5700073,28.10347748,221.6436157,474.6836853,4575.52002
3/29/2022,175.0299072,303.8884583,169.3150024,141.905899,141.162262,366.5233459,355.1199951,28.53868866,227.8590546,472.3991394,4631.600098
3/30/2022,173.8660278,302.39505,166.3009949,141.3060913,140.6005859,364.6633301,357.6099854,27.5766449,225.8665466,481.7319031,4602.450195
3/31/2022,170.7754211,297.047821,162.9974976,138.3392181,137.7566528,359.2000122,352.9100037,27.17429924,220.4243317,471.6961365,4530.410156
4/1/2022,170.4819641,298.1172485,163.5599976,139.3798676,138.8294525,361.5299988,351.8800049,26.60264969,222.8926544,474.1195679,4545.859863
4/4/2022,174.5213318,303.4645081,168.3464966,142.2947388,141.6238556,381.8166809,345.4299927,27.24799728,231.8539886,471.7423706,4582.640137
4/5/2022,171.2155609,299.5238953,164.0549927,139.7394409,139.2658081,363.7533264,344.7999878,25.82484436,229.8217926,478.9015503,4525.120117
4/6/2022,168.0564728,288.5595703,158.7559967,135.8888855,135.2609253,348.5866699,344.7099915,24.30708313,221.3561554,491.8414917,4481.149902
4/7/2022,168.3596344,290.3612976,157.7845001,135.1845703,134.6076202,352.4200134,346.5100098,24.10890198,221.009201,496.6512756,4500.209961
4/8/2022,166.35466,286.1220093,154.460495,132.7531128,132.0311432,341.8299866,353.1000061,220.3945923,23.02435303,504.9851074,4488.279785
4/11/2022,162.1099854,274.8396912,151.121994,128.5786591,127.6091995,325.3099976,352.019989,214.5756836,21.82727814,497.1044312,4412.529785
4/12/2022,163.9780426,271.7566223,150.7875061,127.1699905,126.5106735,328.9833374,349.7399902,212.2758789,21.41596794,493.6543884,4397.450195
4/13/2022,166.6578369,277.1135254,155.5410004,129.0635681,128.6696014,340.7900085,346.2200012,213.118515,22.11210442,496.6975098,4446.589844
4/14/2022,161.66008,269.6081848,151.7064972,126.0590134,125.5354385,328.3333435,344.3299866,208.3503571,21.17097473,494.6811218,4392.589844
4/18/2022,161.444931,270.2729187,152.7850037,126.7603683,126.4730301,334.7633362,346.6499939,208.9352264,21.69382477,493.9966431,4391.689941
4/19/2022,163.7237396,274.8783264,158.1154938,129.3062592,128.7835236,342.7166748,348.5,215.4183044,22.10712433,497.3450928,4462.209961
4/20/2022,163.5574951,275.8996582,153.9980011,127.0422058,126.8330841,325.7333374,348.8200073,21.39405632,198.6753235,505.0314331,4459.450195
4/21/2022,162.7652588,270.5523682,148.2960052,123.7652359,123.6380005,336.2600098,343.6000061,20.10037994,497.1044312,186.4328156,4393.660156
4/22/2022,158.2369385,264.019928,144.3500061,118.5078278,118.4916992,335.0166626,335.5599976,19.43510628,182.5072937,481.842865,4271.779785
4/25/2022,159.3030396,270.4655762,146.0740051,122.0935822,121.9139023,332.6733398,336.9500122,19.82052994,185.3622437,484.9229736,4296.120117
4/26/2022,153.3565521,260.3491211,139.3910065,118.384697,117.5316086,292.1400146,330.6499939,475.2202759,179.3747864,18.71108818,4175.200195
4/27/2022,153.1315918,272.8743286,138.1670074,113.9412918,113.2171631,293.8366699,329.5799866,475.2479858,173.4270325,18.33961296,4183.959961
4/28/2022,160.0463409,279.0502014,144.5964966,118.2910843,117.4053116,292.5033264,331.269989,203.9390869,19.70101738,485.0615234,4287.5
4/29/2022,154.1878662,267.3825378,113.8877945,113.033905,124.2815018,290.2533264,322.8299866,198.7248688,470.3826904,18.47107697,4131.930176
5/2/2022,154.4910583,274.0786438,116.0577316,115.4840851,124.5,300.980011,318.1900024,209.2921143,19.45303917,463.5380859,4155.379883
5/3/2022,155.9776764,271.4868774,117.0211029,116.2280045,124.2535019,303.0833435,318.9899902,210.1842499,19.52175522,462.1229858,4175.47998
5/4/2022,162.3740845,279.3873901,121.4249115,121.1085663,125.9284973,317.5400085,326.7999878,221.4651947,20.25075912,469.5225525,4300.169922
5/5/2022,153.3272095,267.218689,115.6510925,115.4073105,116.4069977,291.0933228,318.6799927,206.4668884,18.76685905,457.5906677,4146.870117
5/6/2022,154.0520172,264.6943665,114.6554718,114.5747833,114.7724991,288.5499878,318.8800049,201.9961395,18.59854889,462.1229858,4123.339844
5/9/2022,148.9391327,254.9151764,112.0229492,111.4504623,108.7890015,262.3699951,312.9599915,194.5019836,449.9136047,156.2264709,3991.23999
5/10/2022,151.3388214,259.6554565,113.5093842,113.3167038,108.8590012,266.6799927,312.5299988,195.9294128,451.3843079,156.0150452,4001.050049
5/11/2022,143.4932404,251.0324097,112.8917313,112.5316849,105.3720016,244.6666718,311.5400085,187.0970001,449.6638184,155.1692505,3935.179932
5/12/2022,139.6341248,246.0223694,112.0992355,111.7803268,106.9304962,242.6666718,308.0599976,189.5752411,442.865448,156.7022095,3930.080078
5/13/2022,144.0906982,251.5815887,115.4222565,114.9566116,113.0550003,256.5299988,310.3599854,196.890976,448.9701843,17.6335125,4023.889893
5/16/2022,142.552948,251.9477234,113.7154312,113.3662415,110.8105011,241.456665,309.2900085,198.2986145,452.503479,156.887207,4008.01001
5/17/2022,146.1770172,257.0733643,115.606514,115.3751144,115.3684998,253.8699951,314.6000061,200.8561707,455.565094,18.10258293,4088.850098
5/18/2022,137.9298553,245.368927,111.3463669,110.8447342,107.1125031,236.6033325,306.6400146,190.5665436,436.0024109,154.6142426,3923.679932
5/19/2022,134.5310364,244.4611206,109.706398,109.3435287,107.3190002,236.4733276,304.1499939,189.6248016,442.6341858,153.2398834,3900.790039
5/20/2022,134.7661285,243.901062,108.2873383,107.881424,107.5910034,221.3000031,304.0499878,191.8552094,449.2753296,155.9181061,3901.360107
5/23/2022,140.1728363,251.7136383,110.6187439,110.4371109,107.5569992,224.9666595,310.2000122,194.5217896,455.1488037,159.1012115,3973.75
5/24/2022,137.4792786,250.7189941,104.971138,104.9321213,104.0999985,209.386673,309.1700134,179.7019196,460.2174988,160.8390656,3941.47998
5/25/2022,137.6360016,253.5195313,104.8464203,104.8076782,106.7750015,219.6000061,308.6400146,182.2297363,460.7076721,159.2608032,3978.72998
5/26/2022,140.8290863,256.7836914,107.2798767,106.7764435,111.0774994,235.9100037,312.5,189.961853,464.5370483,159.1189423,4057.840088
5/27/2022,146.5688019,263.8719788,111.7406387,111.2577896,115.1464996,253.2100067,319.1099854,193.4313812,469.0507507,18.73399353,4158.240234
5/31/2022,145.785202,262.5489807,112.9690094,112.6896744,120.2095032,252.7533264,315.980011,191.9542999,18.59556007,459.4960327,4132.149902
6/1/2022,145.6579285,263.0801392,113.0660782,112.8184433,121.6839981,246.7899933,312.2099915,186.9978638,18.24499893,455.5834961,4101.22998
6/2/2022,148.1065979,265.1660767,116.6412277,116.5137863,125.5110016,258.3333435,314.9500122,197.1289063,19.51179504,455.3153381,4176.819824
6/3/2022,142.3962402,260.7624207,113.4890823,113.4613266,122.3499985,234.5166626,310.9400024,189.1192474,18.64336777,449.1643982,4108.540039
6/6/2022,143.1406097,259.5359192,115.9126129,115.7193527,124.7900009,238.2799988,312.1499939,192.5590363,18.70909309,453.391449,4121.430176
6/7/2022,145.6579285,263.1573486,116.12957,116.0452499,123,238.886673,313.6499939,193.9468231,18.84852409,459.7920532,4160.680176
6/8/2022,144.9232941,261.1390381,116.13797,116.089325,121.1800003,241.8666687,308.7399902,194.9282227,18.57558632,456.4900208,4115.77002
6/9/2022,139.7124634,255.7116852,113.8397369,113.7530518,116.1500015,239.706665,300.7999878,182.3982544,452.6976929,17.97792244,4017.820068
6/10/2022,134.3155518,244.3163147,110.3820038,110.1137009,109.6500015,232.2299957,291.7099915,174.0416412,448.2579346,152.9921875,3900.860107
6/13/2022,129.1733093,233.9541626,105.8736877,105.3896561,103.6699982,215.7366638,281.5599976,434.4484558,162.8301086,151.4493561,3749.629883
6/14/2022,130.0352478,236.1077118,106.1882172,105.7096024,102.3099976,220.8899994,277.6400146,162.304718,427.0951233,149.126358,3735.47998
6/15/2022,132.6504669,243.128479,109.354744,108.729866,107.6699982,233,278.9299927,167.8757935,429.4815063,150.7223206,3789.98999
6/16/2022,127.3906784,236.5712585,105.6354599,105.0340347,103.6600037,213.1000061,268.5599976,150.8021393,159.4696198,423.3643188,3666.77002
6/17/2022,128.8598785,239.1593628,106.8534241,106.1335754,106.2200012,216.7599945,268.0799866,162.314621,150.2524109,419.6235046,3674.840088
6/21/2022,133.0814209,245.0405884,110.9639893,110.4925919,108.6800003,237.0366669,271.769989,445.8558044,153.4000244,155.6828613,3764.790039
6/22/2022,132.5720825,244.4514771,110.9827957,110.436615,108.9499969,236.0866699,269.7900085,454.5441284,155.8205566,154.4932861,3759.889893
6/23/2022,135.4321594,249.9850769,111.6272125,111.1840057,112.4400024,235.0700073,267.519989,463.9472961,159.2962646,157.3680725,3795.72998
6/24/2022,138.7525787,258.5219116,117.4257813,116.8629761,116.4599991,245.706665,278.2799988,460.0765381,161.6281891,168.6787415,3911.73999
6/27/2022,138.7525787,255.8083038,115.5282516,114.7416611,113.2200012,244.9199982,278.3999939,469.377594,161.4774475,168.0145721,3900.110107
6/28/2022,134.6192017,247.6866608,111.5152664,110.9517059,107.4000015,232.6633301,273.8599854,471.9580688,156.8845978,159.28125,3821.550049
6/29/2022,136.372467,251.3370972,111.2032166,110.6485977,108.9199982,228.4900055,273.4899902,478.7065125,156.9289093,162.5129089,3818.830078
6/30/2022,133.9139862,248.0246277,108.346283,107.9359207,106.2099991,224.4733276,273.019989,476.7757263,157.3899536,159.8462982,3785.379883
7/1/2022,136.078598,250.6802826,108.0575256,107.7125473,109.5599976,227.2633362,277.5,480.275238,159.1721344,158.6369171,3825.330078
7/5/2022,138.6546478,253.8381958,112.8184204,112.1953888,113.5,233.0666656,275.6900024,468.9876709,157.9485626,166.7259064,3831.389893
7/6/2022,139.9867096,257.0830994,114.1324768,113.4920425,114.3300018,231.7333374,275.6499939,478.3164673,168.2921448,158.0904083,3845.080078
7/7/2022,143.3463593,259.1979065,118.1865845,117.6633606,116.3300018,244.543335,279.2799988,477.4718323,170.6910706,158.267746,3902.620117
7/8/2022,144.022171,258.4833069,119.0409698,118.2284698,115.5400009,250.7633362,280.8299866,481.4169312,169.3924713,158.0726929,3899.379883
7/11/2022,141.896698,255.44133,115.4291992,114.5861359,111.75,234.343338,278.5100098,479.8574829,158.1347656,161.4621277,3854.429932
7/12/2022,142.866394,244.9729919,113.7718887,112.9457321,109.2200012,233.0700073,277.2799988,477.5090332,155.9181213,161.8487091,3818.800049
7/13/2022,142.5039978,244.0555573,111.1343765,110.303894,110.4000015,237.0399933,277.4700012,465.2747192,155.5545959,162.066803,3801.780029
7/14/2022,145.422821,245.368927,110.3943939,109.327179,110.6299973,238.3133392,274.4100037,466.3793335,155.7673492,156.6741638,3790.379883
7/15/2022,147.0879364,247.918396,111.7089386,110.723877,113.5500031,240.0666656,278.480011,491.7391052,158.0283661,163.2662659,3863.159912
7/18/2022,144.0515747,245.5330963,108.878746,108.0022812,113.7600021,240.5466614,276.2600098,482.1038208,165.7742462,154.4817505,3830.850098
7/19/2022,147.9009094,250.632019,113.544548,112.7372284,118.2099991,245.5299988,283.5499878,495.1734924,174.2497864,152.2296295,3936.689941
7/20/2022,149.8990326,253.2781677,113.6237793,112.8263855,122.7699966,247.5,286.0400085,181.4962006,482.1967163,17.73785019,3959.899902
7/21/2022,152.1616364,255.760025,113.9606094,113.2622299,124.6299973,271.706665,286.8500061,484.9720459,181.57547,17.97990608,3998.949951
7/22/2022,150.9275055,251.433548,107.3432922,122.4199982,106.8829269,272.2433472,285.9299927,483.9974365,167.7964783,17.25175095,3961.629883
7/25/2022,149.8108978,249.9560394,107.1946869,106.4966049,121.1399994,268.4333191,287.9899902,491.4790955,165.199295,152.9123535,3966.840088
7/26/2022,148.4885864,243.2636719,104.4506912,104.0300827,114.8099976,258.8599854,285.3099976,493.4470825,153.9940796,157.7645721,3921.050049
7/27/2022,153.5720825,259.5262756,112.5341263,111.9942932,120.9700012,274.8200073,290.2999878,496.2503357,168.1037903,17.72092056,4023.610107
7/28/2022,154.1206055,266.9332886,113.5148392,113.1433792,122.2799988,280.8999939,293.8999939,502.6365662,17.91416359,154.4551544,4072.429932
7/29/2022,159.1746674,271.1148682,134.9499969,115.5455933,115.2235718,297.1499939,300.6000061,503.4256897,18.09246826,154.7388763,4130.290039
8/1/2022,158.1951599,268.4785156,135.3899994,114.3964844,113.7773361,297.2766724,295.8599854,496.9650879,18.3693943,154.1980133,4118.629883
8/2/2022,156.7259674,265.3978271,134.1600037,114.8125381,114.0447769,300.5866699,292.1700134,497.0393066,18.45405769,153.3202057,4091.189941
8/3/2022,162.7203674,272.7855835,139.5200043,117.6655121,116.9669876,307.3966675,294.9599915,501.8570557,18.81962967,167.3306122,4155.169922
8/4/2022,162.4069519,273.9251099,142.5700073,117.7546692,117.0759354,308.6333313,292.9100037,495.4519958,19.14038467,169.0851593,4151.939941
8/5/2022,162.181366,273.2104797,140.8000031,117.1107788,116.3627319,288.1700134,292.0700073,496.6679688,18.91526604,165.6552887,4145.189941
8/8/2022,161.710556,270.7093201,139.4100037,117.031517,116.1943283,290.4233398,292.3399963,498.0976257,168.7679443,17.72390366,4140.060059
8/9/2022,161.7595978,272.6213684,137.8300018,116.3975143,115.5306396,283.3333435,292.769989,498.7102356,167.062912,17.01965141,4122.470215
8/10/2022,165.9968262,279.2461548,142.6900024,119.5179749,118.571701,294.3566589,295.1099854,499.137146,176.7875214,18.02672768,4210.240234
8/11/2022,165.2611542,277.1795654,140.6399994,118.6957626,117.7198029,286.6300049,296.4700012,494.6258545,175.9449158,17.8723259,4207.27002
8/12/2022,168.802002,281.901886,143.5500031,121.4992218,120.5330582,300.0299988,301.5499878,504.6880493,178.9287262,18.63635254,4280.149902
8/15/2022,169.871109,283.4083862,143.1799927,121.7270355,120.9292679,309.3200073,302.8200073,505.5606995,179.3153381,18.95808983,4297.140137
8/16/2022,169.7141724,282.6744385,144.7799988,121.3605194,120.5528488,306.563324,306.6499939,506.9344788,177.9076843,18.80569267,4305.200195
8/17/2022,171.2050629,281.9293213,142.1000061,119.1910629,118.4231339,303.9966736,304.2600098,505.8947449,173.3279419,18.26380157,4274.040039
8/18/2022,170.8127136,280.8163757,142.3000031,119.7260056,119.0372696,302.8699951,304.269989,506.0989075,18.70010185,173.1395721,4283.740234
8/19/2022,168.2331238,276.9259338,138.2299957,117.0117111,116.1051865,296.6666565,297.2799988,508.9766235,17.77968597,166.4979095,4228.47998
8/22/2022,164.3588562,268.796814,133.2200012,113.9903183,113.1631699,289.9133301,288.6900024,505.4956665,161.6306152,16.96784973,4137.990234
8/23/2022,164.0253143,267.5289612,133.6199951,113.6931458,112.7867584,296.4533386,289.6499939,497.3549194,17.11428261,159.7075195,4128.72998
8/24/2022,164.3195648,266.8999329,133.8000031,113.6237793,112.6183701,297.0966797,293.519989,497.9676819,161.8387909,17.15512085,4140.77002
8/25/2022,166.7716522,269.8613281,137.2799988,116.5956345,115.5504456,296.0700073,298.1300049,502.7109375,17.84344101,167.3107452,4199.120117
8/26/2022,160.4845123,259.4481201,130.75,110.2557068,109.2999268,288.0899963,289.9599915,491.2749634,160.3716888,85.84997559,4057.659912
8/29/2022,158.2874298,256.6802368,129.7899933,109.3046875,108.3886032,284.8200073,287.4500122,491.7575989,87.82365417,157.7844086,4030.610107
8/30/2022,155.8647919,254.4931641,128.7299957,108.878746,107.9131393,277.7000122,285.4200134,485.3248901,155.7919006,84.48157501,3986.159912
8/31/2022,154.2071381,253.0415344,126.7699966,108.1258698,107.1999207,275.6099854,280.7999878,482.0667114,161.5116577,83.84999847,3955
9/1/2022,154.9329529,252.0060577,127.8199997,109.5127258,108.7055969,277.1600037,282.4299927,486.4016418,163.9205017,147.5843964,3966.850098
9/2/2022,152.824173,247.8059235,127.5100021,107.6602783,106.8334122,270.2099915,277.6700134,479.3005066,158.9244232,83.84999847,3924.26001
9/6/2022,151.5686798,245.0865173,126.1100006,106.47155,105.8032074,274.4200134,276.5899963,480.5351563,157.1598969,145.656311,3908.189941
9/7/2022,152.9712982,249.7704773,129.4799957,109.4433975,108.4183197,283.7000122,281.0400085,484.2480774,158.9937744,146.4507751,3979.870117
9/8/2022,151.5000458,250.1866302,129.8200073,108.3933334,107.3584137,289.2600098,283.3399963,489.659729,160.6492462,147.6290131,4006.179932
9/9/2022,154.3542786,255.9351501,133.2700043,110.7311859,109.6070175,299.6799927,285.769989,488.2444153,167.6775055,147.9146881,4067.360107
9/12/2022,160.2981262,258.0545044,136.4499969,110.8203583,109.815033,304.4200134,288.5100098,494.6787109,167.4891968,85.6219101,4110.410156
9/13/2022,150.8919373,243.8671265,126.8199997,104.3218918,103.3366776,292.1300049,278.2900085,478.5789795,83.62194061,151.7969818,3932.689941
9/14/2022,152.3337555,244.0896454,128.5500031,104.8766556,104.0102615,302.6099854,278.4200134,474.6773987,85.67455292,146.977417,3946.01001
9/15/2022,149.4501038,237.4701843,126.2799988,102.9251404,101.9399643,303.75,276.7000122,486.9127808,147.3523254,83.18334961,3901.350098
9/16/2022,147.812088,236.8508453,123.5299988,102.6576614,101.8310013,303.3500061,274.8099976,485.1529541,149.6017303,81.76231384,3873.330078
9/19/2022,151.5196686,236.6378937,124.6600037,102.8756027,102.0984726,309.0700073,278.9500122,487.5087891,148.4234314,81.75354767,3899.889893
9/20/2022,153.8932648,234.6346436,122.1900024,100.8745499,100.1866455,308.730011,277.1300049,486.8103638,147.2541351,81.08687592,3855.929932
9/21/2022,150.774231,231.2474213,118.5400009,99.07163239,98.3441925,300.7999878,270.7399902,476.8283997,145.7456055,79.77986908,3789.929932
9/22/2022,149.8130493,233.2120209,117.3099976,99.62637329,99.19608307,288.5899963,268.5100098,481.8381348,148.3341675,79.44654083,3757.98999
9/23/2022,147.5472717,230.2506409,113.7799988,98.23951721,97.80927277,275.3299866,267.769989,478.2530518,148.8161926,139.1876984,3693.22998
9/26/2022,147.8807526,229.7957916,115.1500015,97.88288879,97.24464417,276.0100098,264.3200073,473.3645325,147.9057159,135.1828766,3655.040039
9/27/2022,148.8518066,228.7893372,114.4100037,97.16963959,96.58097839,282.9400024,265.4700012,473.3737488,147.227356,75.20973206,3647.290039
9/28/2022,146.9685364,233.2991028,118.0100021,99.79477692,99.10693359,287.8099976,271.7799988,478.5603027,148.4948425,77.94654083,3719.040039
9/29/2022,139.7496185,229.844162,114.8000031,97.16963959,96.50171661,268.2099915,269.5799866,473.8020935,146.8613892,77.78865814,3640.469971
9/30/2022,135.5516357,225.3924866,113,95.24784851,94.74840546,265.25,267.019989,470.2729797,145.8170319,76.58692169,3585.620117
10/3/2022,139.7201691,232.9797211,115.8799973,98.36829376,97.71022797,242.3999939,272.7999878,480.0222473,145.6742249,80.63075256,3678.429932
10/4/2022,143.3002472,240.8573761,121.0899963,101.4491119,100.6819458,249.4400024,280.4899902,487.1549072,147.8343201,83.56931305,3790.929932
10/5/2022,143.5944824,241.1670532,120.9499969,101.2609024,100.4739227,240.8099976,279.3599854,490.7864685,86.94647217,147.3790588,3783.280029
10/6/2022,142.6430664,238.8347473,120.3000031,101.2807007,100.4640274,238.1300049,276.3099976,483.3930664,89.525383,144.5227814,3744.52002
10/7/2022,137.405426,226.6893005,114.5599976,98.63574982,97.74984741,223.0700073,269.0400085,470.0961304,88.62188721,142.9963684,3639.659912
10/10/2022,137.7291107,221.8601379,113.6699982,97.78382111,96.93757629,222.9600067,266.9299927,464.5183716,86.70085907,143.1838226,3612.389893
10/11/2022,136.3166504,218.1439209,112.2099991,97.13002777,96.26398468,216.5,267.3099976,465.4030762,85.96401215,145.2546692,3588.840088
10/12/2022,135.6889496,218.4729614,112.9000015,97.37767792,96.64039612,217.2400055,264,465.5426941,86.34119415,145.2189636,3577.030029
10/13/2022,140.2498322,226.6893005,98.77442932,112.5299988,98.12625885,221.7200012,275.7799988,474.8077698,89.35873413,147.4147797,3669.909912
10/14/2022,135.7281799,221.1923676,96.26818848,95.64981842,106.9000015,204.9900055,272.6700134,477.8060608,87.00787354,146.7989044,3583.070068
10/17/2022,139.6809845,229.8732452,99.83440399,113.7900009,99.02768707,219.3500061,277.019989,485.9537964,88.26224518,148.7001495,3677.949951
10/18/2022,140.9953003,230.8119507,116.3600006,100.4386826,99.82014465,220.1900024,281.6700134,486.2611389,88.4201355,148.1824493,3719.97998
10/19/2022,141.1031799,228.8570862,115.0699997,99.34899902,98.69087982,222.0399933,278.3399963,484.5011902,91.04291534,147.0041962,3695.159912
10/20/2022,140.6421509,228.5377197,115.25,99.58674622,99.02768707,207.2799988,273.5299988,485.0226135,91.16571045,147.3790588,3665.780029
10/21/2022,144.4477997,234.3152771,119.3199997,100.5278397,100.1767349,214.4400024,282.5100098,496.9879456,92.85866547,150.5924683,3752.75
10/24/2022,146.5860443,239.2799377,119.8199997,102.0038605,101.5536499,211.25,287.480011,504.3160706,93.50780487,152.6186829,3797.340088
10/25/2022,149.4206696,242.5800171,120.5999985,103.9454803,103.4951706,222.4199982,289.2399902,503.0312805,92.8762207,152.3777466,3859.110107
10/26/2022,146.4879456,223.8633881,115.6600037,94.0351944,93.93032074,224.6399994,288.519989,505.7781067,93.98147583,153.7166443,3830.600098
10/27/2022,142.0251312,219.4407349,110.9599991,91.73114777,91.35073853,225.0899963,289.8800049,504.5024719,94.34114075,153.8058624,3807.300049
10/28/2022,152.7555084,228.2667694,95.6738205,95.38237,103.4100037,228.5200043,299.6300049,513.2925415,97.10424805,156.0909882,3901.060059
10/31/2022,150.4015045,224.6473236,93.77183533,93.619133,102.4400024,227.5399933,295.0899963,516.9334717,97.20074463,155.2876282,3871.97998
11/1/2022,147.7630157,220.8149567,89.65086365,89.61723328,96.79000092,227.8200073,294.1300049,509.6330566,98.16564941,154.5020905,3856.100098
11/2/2022,142.2507324,213.0051117,86.2530365,86.15024567,92.12000275,214.9799957,289.4599915,506.0202942,96.14811707,152.1277466,3759.689941
11/3/2022,136.2185974,207.3436584,82.70662689,82.64358521,89.30000305,215.3099976,283.8500061,506.1878662,97.45513153,152.3866425,3719.889893
11/4/2022,135.9533386,214.2534943,85.88651276,85.76389313,90.98000336,207.4700012,287.4700012,501.1223145,98.51651001,153.0650024,3770.550049
11/7/2022,136.4838562,220.5246277,87.81822205,87.65589142,90.52999878,197.0800018,290.1900024,507.5008545,99.68318176,154.4039459,3806.800049
11/8/2022,137.0536957,221.4924011,88.07579041,88.06202698,89.98000336,191.3000031,292.6099854,514.9779053,99.99897003,155.1715698,3828.110107
11/9/2022,132.5048676,217.2728882,86.57994843,86.49691772,86.13999939,177.5899963,288.6499939,503.4409485,95.52531433,153.9308777,3748.570068
11/10/2022,144.2944336,235.147522,93.28643036,93.05454254,96.62999725,190.7200012,303.2000122,506.7093811,96.92881775,155.7339325,3956.370117
11/11/2022,147.0748138,239.1443939,95.82240295,95.50124359,100.7900009,195.9700012,309.7200012,486.1400452,99.95509338,151.0745087,3992.929932
11/14/2022,145.6797028,233.7636261,95.12897491,94.7979126,98.48999786,190.9499969,308.9100037,100.2469101,478.3834534,153.4488525,3957.25
11/15/2022,147.4088287,234.170105,97.79373169,97.51209259,98.94000244,194.4199982,309.980011,100.9189224,468.382782,153.8773041,3991.72998
11/16/2022,146.1807861,234.5971222,98.061203,97.91823578,97.12000275,186.9199982,308.7600098,99.8401413,476.3069153,154.8323822,3958.790039
11/17/2022,148.0769501,234.5485687,97.57579803,97.43286896,94.84999847,183.1699982,307.4400024,99.97279358,479.8359985,156.082077,3946.560059
11/18/2022,148.6369324,234.1021729,96.88236237,96.5116272,94.13999939,180.1900024,310.7600098,493.5147705,99.10621643,157.2781525,3965.340088
11/21/2022,145.414444,234.9076538,94.9308548,94.69888306,92.45999908,311.2000122,167.8699951,481.5866699,98.12471771,158.0867004,3949.939941
11/22/2022,147.546402,237.7997437,96.41676331,96.13520813,93.19999695,315.7600098,169.9100037,487.0804443,100.9631348,158.8503265,4003.580078
11/23/2022,148.4208374,240.2745056,97.89278412,97.53191376,94.12999725,183.1999969,316.1799927,493.244751,100.4591293,159.0209656,4027.26001
11/25/2022,145.5127106,240.187149,96.68423462,96.54135132,93.41000366,182.8600006,317.4299927,500.610199,100.1054306,159.2276154,4026.120117
11/28/2022,141.6909637,234.6262207,95.34690857,95.14463806,93.94999695,182.9199982,313.269989,495.6286316,97.09899139,159.3084717,3963.939941
11/29/2022,138.694397,233.2384338,94.54450226,94.2927475,92.41999817,180.8300018,315.1300049,491.6524963,97.74450684,158.1944885,3957.629883
11/30/2022,145.4340973,247.6114044,100.4981232,100.0380707,96.54000092,194.6999969,318.6000061,510.0521545,98.45188904,159.9104004,4080.110107
12/1/2022,145.7092133,247.1746674,100.3297195,100.0380707,95.5,194.6999969,315.8399963,499.9490356,97.97439575,160.5751801,4076.570068
12/2/2022,145.2179718,247.4949646,99.88394165,99.49325562,94.12999725,194.8600006,316.1499939,500.7897034,97.14319611,160.7009583,4071.699951
12/5/2022,144.0586853,242.8171997,98.93294525,98.54229736,91.01000214,182.4499969,310.5700073,499.7435608,94.48162079,160.6111145,3998.840088
12/6/2022,140.4039001,237.887085,96.3969574,96.06587982,88.25,179.8200073,307.7799988,503.741272,91.85541534,158.203476,3941.26001
12/7/2022,138.4684601,237.1591949,94.25723267,94.04509735,88.45999908,174.0399933,305.8200073,507.0943604,159.1647339,91.65203857,3933.919922
12/8/2022,140.1484375,240.0997772,93.06848145,92.82669067,90.34999847,173.4400024,305.9899902,511.7738647,92.33290863,159.1916656,3963.51001
12/9/2022,139.667038,238.1782074,92.1967392,91.95497894,89.08999634,179.0500031,306.3900146,503.6291809,91.55477142,157.8800507,3934.379883
12/12/2022,141.9562073,245.059021,92.68213654,92.43044281,90.55000305,311.4500122,167.8200073,509.849823,93.8095932,159.7666321,3990.560059
12/13/2022,142.9189911,249.338913,94.95065308,94.72859192,92.48999786,312.3299866,160.9499969,502.7138367,94.83531189,18.01177979,4019.649902
12/14/2022,140.6986542,249.6300507,94.41571045,94.1738739,91.58000183,309.2900085,156.8000031,502.844574,94.13676453,161.4915009,3995.320068
12/15/2022,134.1062622,241.6622772,90.34427643,90.00354767,88.44999695,301.9100037,157.6699982,492.8690491,93.23484039,159.4522247,3895.75
12/16/2022,132.1511993,237.4697876,90.00746918,89.40919495,87.86000061,300,150.2299957,489.1517334,92.58048248,157.8171844,3852.360107
12/19/2022,130.0487366,233.3548737,88.31352234,87.60636902,84.91999817,300.0299988,149.8699951,489.0584106,92.99607849,157.6464996,3817.659912
12/20/2022,129.9799347,234.6650543,88.78901672,88.18090057,85.19000244,302,137.8000031,485.8919678,94.3401413,157.8171844,3821.620117
12/21/2022,133.0746918,237.2174377,89.40319824,88.73561859,86.76999664,307.8200073,137.5700073,492.7383728,95.55155182,159.6229095,3878.439941
12/22/2022,129.9111786,231.1615753,87.43186188,86.93276978,83.79000092,302.6900024,125.3499985,492.3180847,93.62389374,159.0389709,3822.389893
12/23/2022,129.5476837,231.6856537,88.9673233,88.38892365,85.25,306.4899902,123.1500015,496.2597046,96.09978485,159.443222,3844.820068
12/27/2022,127.7497635,229.9678802,87.1049881,86.56626129,83.04000092,305.5499878,496.8948059,97.43501282,109.0999985,159.3983002,3829.25
12/28/2022,123.8297272,227.6095886,85.64876556,85.20918274,81.81999969,303.4299927,493.5883789,95.83450317,112.7099991,158.7065887,3783.219971
12/29/2022,127.3371353,233.8983459,88.11539459,87.61627197,84.18000031,309.0599976,121.8199997,494.9240417,96.5595932,159.5150909,3849.280029
12/30/2022,127.6515045,232.7434845,87.89746857,87.39833832,84,308.8999939,123.1800003,495.2042542,97.53227234,158.6975708,3839.5
1/3/2023,122.8767395,232.5105591,88.85836029,88.27996063,85.81999969,309.9100037,484.4255371,94.1809845,160.0810852,108.0999985,3824.139893
1/4/2023,124.1441269,222.3397675,87.87765503,87.24976349,85.13999939,314.5499878,471.2183533,113.6399994,94.45511627,161.8238983,3852.969971
1/5/2023,122.8276138,215.7501373,85.95585632,85.38747406,83.12000275,312.8999939,96.56843567,457.6375732,110.3399963,160.6291199,3808.100098
1/6/2023,127.3469696,218.2928467,87.33280945,86.51672363,86.08000183,318.6900024,97.73563385,113.0599976,457.6749268,161.9317017,3895.080078
1/9/2023,127.8676605,220.4182281,87.96681976,87.19033051,87.36000061,315.5299988,119.7699966,95.91410065,457.730957,157.7362976,3892.090088
1/10/2023,128.4374695,222.0971832,88.40266418,87.58654785,89.87000275,316.3500061,118.8499985,97.34657288,453.9387817,157.3589935,3919.25
1/11/2023,131.1491089,228.8129883,91.39435577,90.65732574,95.08999634,320.3699951,123.2200012,98.47840118,460.8505249,157.1074677,3969.610107
1/12/2023,131.0704956,231.4721222,91.04762268,90.27101135,95.26999664,318.9299927,123.5599976,100.1142731,462.9708557,156.3168793,3983.169922
1/13/2023,132.3967896,232.1708679,91.92927551,91.25167847,98.12000275,317.6400146,122.4000015,100.0523682,457.2732544,155.8048401,3999.090088
1/17/2023,133.5561218,233.2578278,91.29527283,90.42948914,96.05000305,314.8599854,131.4900055,99.85784912,453.0794983,17.643013,3990.969971
1/18/2023,132.8389282,228.8517609,90.9188385,90.2611084,95.45999908,308.2999878,128.7799988,97.80640411,444.8226318,17.3190937,3928.860107
1/19/2023,132.8978577,225.0862732,93.02886963,92.17292023,93.68000031,305.230011,127.1699982,98.4342041,452.4069519,214.1979675,3898.850098
1/20/2023,135.452301,233.1316833,98.3484726,97.09604645,97.25,309.8699951,133.4199982,100.2292099,454.6112671,17.77955437,3972.610107
1/23/2023,138.6354523,235.4220276,100.2603683,98.84938049,97.51999664,310.4200134,143.75,99.70751953,19.12904167,453.761322,4019.810059
1/24/2023,140.0305786,234.8979797,98.27912903,96.77908325,96.31999969,311.2999878,143.8899994,100.6359558,19.20079994,459.1693726,4016.949951
1/25/2023,139.3722992,233.5101776,95.82240295,94.32244873,97.18000031,311.8999939,144.4299927,19.25860977,100.1054306,460.0100403,4016.219971
1/26/2023,141.4354858,240.6820984,98.22961426,96.60077667,99.22000122,310.9500122,160.2700043,104.128746,19.73601341,459.9912415,4060.429932
1/27/2023,143.3709259,240.8374023,99.76506805,98.43334198,102.2399979,177.8999939,309.1700134,20.29714012,102.2276077,453.9854126,4070.560059
1/30/2023,140.4922943,235.5482025,97.03094482,96.02625275,100.5500031,166.6600037,307.3299866,100.4149094,19.09814644,453.7426453,4017.77002
1/31/2023,141.7597198,240.4977112,98.93294525,97.90834045,103.1299973,173.2200012,311.519989,102.5813065,19.47189713,466.2586365,4076.600098
2/1/2023,142.8796844,245.2919312,100.478302,99.48336029,105.1500015,181.4100037,310.5700073,20.87321663,101.458313,464.2130737,4119.209961
2/2/2023,148.1752167,256.7922668,107.7791519,106.7244415,112.9100037,188.2700043,311.8599854,21.63665771,187.1267242,98.28388977,4179.759766
2/3/2023,151.7906494,250.7267303,104.2327347,103.7923431,103.3899994,189.9799957,308.5100098,21.02968597,184.9062653,98.96473694,4136.47998
2/6/2023,149.0692444,249.1933136,102.4991608,101.9300766,102.1800003,194.7599945,308.4299927,21.01872444,184.4403076,98.7967453,4111.080078
2/7/2023,151.9380341,259.664978,107.0262833,106.6253662,102.1100006,196.8099976,312.9700012,22.09911537,189.9519043,101.6175003,4164
2/8/2023,149.2558746,258.859436,99.0617218,98.43334198,100.0500031,201.2899933,308.480011,22.13101006,100.7332382,181.8332062,4117.859863
2/9/2023,148.2243347,255.8411713,94.56432343,94.11444092,98.23999786,207.3200073,307.2099915,22.26256752,101.1134567,176.37117,4081.5
2/10/2023,148.5883636,255.3365479,93.96994781,93.67858124,97.61000061,196.8899994,309.8900146,21.19413567,105.3755264,172.6340179,4090.459961
2/13/2023,151.3828125,263.3139648,94.10865021,93.71820068,99.54000092,194.6399994,313.7399902,21.71539879,104.9656372,177.8680267,4137.290039
2/14/2023,150.7432556,264.1389465,94.05910492,93.78755951,99.69999695,209.25,310.7900085,22.89445305,103.7359848,177.9176025,4136.129883
2/15/2023,152.8391113,262.02771,96.18891907,96.02625275,101.1600037,214.2400055,309.6300049,22.68814278,103.424118,175.6177979,4147.600098
2/16/2023,151.2450562,255.0517731,94.88131714,94.60972595,98.15000153,202.0399933,308.1799927,21.92868614,103.12117,170.9389038,4090.409912
2/17/2023,150.1036835,251.0725708,93.7024765,93.46065521,97.19999695,208.3099976,308.2399902,21.3167305,99.15600586,466.1558838,4079.090088
2/21/2023,146.098938,245.8284912,91.18632507,90.92477417,94.58000183,197.3699951,302.7200012,20.5861721,99.05796814,458.898407,3997.340088
2/22/2023,146.5220337,244.6998901,90.9386673,90.78609467,95.79000092,200.8600006,303.1600037,20.68484497,97.77484894,456.6381226,3991.050049
2/23/2023,147.0041962,247.8716278,90.21551514,90.03327942,95.81999969,202.0700073,303.0700073,23.58514595,98.67483521,459.2533875,4012.320068
2/24/2023,144.3573456,242.4718933,88.51165009,88.28984833,93.5,196.8800049,304.019989,23.20840454,98.68375397,452.3789063,3970.040039
2/27/2023,145.5479279,243.3864899,89.25460815,89.02289581,93.76000214,207.6300049,304.6600037,23.42268753,98.5055542,451.4356079,3982.23999
2/28/2023,145.0460968,242.6664886,89.45272827,89.21109009,94.23000336,205.7100067,305.1799927,23.13864136,97.93526459,173.4171295,3970.149902
3/1/2023,142.9797516,239.6018066,89.66075134,89.50826263,92.16999817,202.7700043,304.6199951,22.62236786,98.80848694,171.9103546,3951.389893
3/2/2023,143.5701599,244.3107452,91.44387817,91.1328125,92.12999725,190.8999939,307.75,23.23630905,99.26291656,173.0106964,3981.350098
3/3/2023,148.608017,248.3775635,93.13782501,92.76726532,94.90000153,197.7899933,312.4500122,23.81039047,183.6373901,100.5193024,4045.639893
3/6/2023,151.3631439,249.9147491,94.68318176,94.23330688,93.75,193.8099976,316.9700012,23.47551727,183.2904205,101.410347,4048.419922
3/7/2023,149.1689301,247.2684174,93.28643036,92.97527313,93.55000305,187.7100067,311.1199951,23.2143364,182.9038239,99.4500351,3986.370117
3/8/2023,150.4185181,246.8305817,93.76193237,93.36160278,93.91999817,182,311.3699951,24.10451317,183.3598022,97.99762726,3992.01001
3/9/2023,148.1751404,245.4879913,91.79058838,91.44978333,92.25,172.9199982,304.8200073,23.36187363,180.1083527,97.24023438,3918.320068
3/10/2023,146.1186218,241.8589783,90.15608215,89.77571869,90.73000336,173.4400024,303.6300049,22.89236259,177.9473419,96.037323,3861.590088
3/13/2023,148.0570221,247.044632,90.79997253,90.25119781,92.43000031,174.4799957,302.8800049,22.89336014,179.3252411,94.93243408,3855.76001
3/14/2023,150.1430206,253.7286377,93.36566925,93.08423615,94.87999725,183.2599945,305.3299866,23.98688889,192.3310394,95.28884888,3919.290039
3/15/2023,150.5366058,258.2527161,95.64409637,95.20406342,96.19999695,180.4499969,297.8800049,24.15136528,196.0285797,90.54846954,3891.929932
3/16/2023,153.350769,268.721405,100.1216812,99.37438965,100.0400009,184.1300049,302.0100098,25.46021461,203.1460571,442.4513245,3960.280029
3/17/2023,152.5143738,271.8639221,101.4986343,100.6621323,98.94999695,180.1300049,293.5100098,25.64363098,193.9072113,440.0891418,3916.639893
3/20/2023,154.8759003,264.8589172,100.9736099,100.2658997,97.70999908,183.25,301.0599976,25.81807709,196.088028,447.0818481,3951.570068
3/21/2023,156.7257538,266.3668823,104.8469086,103.9310226,100.6100006,197.5800018,303.8500061,26.11613083,200.4001923,95.37793732,4002.870117
3/22/2023,155.2990112,264.9171753,103.2421417,102.3956451,98.69999695,191.1499939,299.730011,26.38428307,198.0706024,93.19486237,3936.969971
3/23/2023,156.3813629,270.1418762,105.2630005,104.6046219,98.70999908,192.2200012,27.10499382,298.3699951,202.501709,92.14344025,3948.719971
3/24/2023,157.6802216,272.9730835,105.0648727,104.4461288,98.12999725,190.4100037,26.6942997,298.9200134,204.2166748,446.1726074,3970.98999
3/27/2023,155.7417755,268.8964844,102.0929947,101.4942093,98.04000092,191.8099976,302.1400146,26.44708252,201.074234,94.2730484,3977.530029
3/28/2023,155.1218719,267.7776184,100.4089584,100.0776901,97.23999786,189.1900024,302.3200073,26.32646561,198.9330597,95.44923401,3971.27002
3/29/2023,158.1918793,272.9147339,100.9439011,100.4342957,100.25,193.8800049,305.2999878,26.89864731,203.562439,97.08875275,4027.810059
3/30/2023,159.7563629,276.3588257,100.369339,99.93901062,102,195.2799988,27.29638672,305.0799866,206.0307312,97.5610199,4050.830078
3/31/2023,162.2556305,280.4937439,103.0241852,102.7522354,103.2900009,207.4600067,27.68914223,308.769989,210.0950317,97.71250153,4109.310059
4/3/2023,163.5052795,279.4526978,103.9256668,103.376297,102.4100037,194.7700043,27.87654686,310.3099976,211.2152252,103.4775772,4124.509766
4/4/2023,162.9739227,279.4040527,104.1336746,103.7329102,103.9499969,192.5800018,27.36616707,309.0700073,212.8508453,102.4885025,4100.600098
4/5/2023,161.1339111,276.6409607,103.9652863,103.4852676,101.0999985,185.5200043,310.3900146,26.79597473,209.6390381,104.2438889,4090.379883
4/6/2023,162.0194702,283.7043762,107.878212,107.3980331,102.0599976,185.0599976,312.5100098,26.95148468,214.2188263,102.5152588,4105.02002
4/10/2023,159.4316559,281.5542603,105.9465179,105.4366913,102.1699982,184.5099945,312.6199951,27.49176788,212.8806,102.0608368,4109.109863
4/11/2023,158.2213898,275.171814,105.1243134,104.3569641,99.91999817,186.7899933,313.7000122,27.08306503,211.9884186,102.7825699,4108.939941
4/12/2023,157.532608,275.8139648,104.2327347,103.653656,97.83000183,180.5399933,314.5499878,26.41119766,212.137085,102.6756363,4091.949951
4/13/2023,162.9050446,281.9920349,107.1748657,106.4173737,102.4000015,185.8999939,318.0499878,26.37929535,218.4318542,103.1567993,4146.220215
4/14/2023,162.5606537,278.3922424,108.4329605,107.8437881,102.5100021,185,319.7399902,26.67336273,219.5619049,103.406311,4137.640137
4/17/2023,162.5803528,280.9801636,105.4214783,104.971138,102.7399979,187.0399933,323.7900085,26.91659355,216.9547882,102.2033997,4151.319824
4/18/2023,163.8004303,280.5618591,104.1336746,103.5149841,102.3000031,184.3099976,324.6300049,27.57948875,215.9932404,104.1993408,4154.870117
4/19/2023,164.941864,280.6396484,104.0346069,103.197998,104.3000031,180.5899963,323.0899963,27.84265518,213.8223114,103.8696518,4154.52002
4/20/2023,163.9775543,278.3630066,104.9063568,104.2975311,103.8099976,323.8200073,27.01827049,162.9900055,211.2152252,103.0409775,4129.790039
4/21/2023,162.3737183,278.0225525,104.9162674,104.4164047,106.9599991,324.3299866,27.03322411,165.0800018,211.0367432,103.3706665,4133.52002
4/24/2023,162.6787567,274.1405334,105.7781067,104.971138,106.2099991,326.0499878,26.95646667,162.5500031,210.9375916,105.3220596,4137.040039
4/25/2023,161.1437683,267.9625244,103.6284561,102.8711014,102.5699997,324.3399963,160.6699982,26.15799713,205.7432404,103.8250885,4071.629883
4/26/2023,161.1339111,287.372345,103.4699707,102.7324219,104.9800034,320.5299988,26.87073708,153.75,207.5771637,102.8716736,4055.98999
4/27/2023,165.7093353,296.5761719,107.3531876,106.5758514,109.8199997,326.230011,27.13988304,160.1900024,236.4832916,104.1013184,4135.350098
4/28/2023,166.9589691,298.9403381,107.2046051,106.3282166,105.4499969,328.5499878,27.6612339,164.3099976,238.2279968,105.4468079,4169.47998
5/1/2023,166.8704071,297.2864075,106.6993713,106.1895294,102.0500031,330.1700134,28.81856155,161.8300018,241.0630798,102.176651,4167.870117
5/2/2023,165.8372803,297.1404724,104.9856033,104.3272476,103.6299973,325.8599854,28.1207695,160.3099976,237.1573944,98.10455322,4119.580078
5/3/2023,164.7647247,296.1578064,105.1243134,104.4164047,103.6500015,323.2200012,27.71406174,160.6100006,234.9666443,96.17098236,4090.75
5/4/2023,163.1313934,297.1404724,104.2228317,103.7032013,104,320,27.474823,161.1999969,231.4871979,456.7554016,4061.219971
5/5/2023,170.7866211,302.2386169,105.2184143,104.5748978,105.6600037,323.8800049,28.5892868,170.0599976,230.7536316,96.83926392,4136.25
5/8/2023,170.7177277,300.2926941,107.2244186,106.7541504,105.8300018,29.05879021,326.1400146,171.7899933,231.2393494,97.22241211,4138.120117
5/9/2023,169.0154724,298.6874084,106.9272232,106.3381271,106.6200027,324.8699951,28.48062706,169.1499939,231.3384705,97.24914551,4119.169922
5/10/2023,170.7767639,303.8536072,111.2265015,110.6966476,110.1900024,28.79364204,322.9899902,168.5399933,231.0510101,96.00167847,4137.640137
5/11/2023,170.9637299,301.7131653,115.803154,115.471199,112.1800003,322.6400146,28.48760796,172.0800018,233.7374115,458.1426697,4130.620117
5/12/2023,170.0375061,300.6040649,116.813591,116.4023514,110.2600021,322.4899902,28.25035858,167.9799957,231.7746735,460.4579773,4124.080078
5/15/2023,169.5448303,301.08078,115.862587,115.4117737,111.1999969,28.86142349,323.5299988,166.3500061,236.7806702,456.3616333,4136.279785
5/16/2023,169.5448303,303.2991028,118.9632111,118.3834991,113.4000015,29.12060165,323.75,166.5200043,236.7410431,449.6690063,4109.899902
5/17/2023,170.1557617,306.165741,120.3401794,119.7009583,115.5,30.08254623,327.3900146,173.8600006,240.3791199,454.440094,4158.77002
5/18/2023,172.4810944,310.5729675,122.3610306,121.6722031,118.1500015,31.57780457,329.7600098,176.8899994,244.7011719,227.9043274,4198.049805
5/19/2023,172.5894775,310.3973999,122.0935822,121.6028519,116.25,31.16511154,180.1399994,330.3900146,243.5016632,95.50453949,4191.97998
5/22/2023,171.6435699,313.1665344,124.6889954,123.8712845,115.0100021,31.07739258,188.8699951,329.1300049,246.1583557,225.6408539,4192.629883
5/23/2023,169.0423126,307.3942871,122.133194,121.4047394,114.9899979,30.59093285,185.7700043,323.1099854,244.5921021,95.63037109,4145.580078
5/24/2023,169.3182373,306.0194397,120.4986801,119.7603989,116.75,30.44140434,182.8999939,320.2000122,247.0406342,96.69989777,4115.240234
5/25/2023,170.451355,317.7883301,123.1832428,122.3160858,115,37.85987473,184.4700012,319.019989,250.4902954,94.96526337,4151.279785
5/26/2023,172.8555298,324.5844421,124.2531204,123.4354324,120.1100006,38.82281113,193.1699982,320.6000061,259.7589417,451.3562012,4205.450195
5/30/2023,174.6980896,322.9462891,123.4705353,122.5042648,121.6600037,39.98413467,201.1600037,322.1900024,260.2346802,449.790802,4205.52002
5/31/2023,174.6488342,320.1966858,122.2124481,121.7118378,120.5800018,37.71432877,203.9299927,321.0799866,262.4155884,456.717926,4179.830078
6/1/2023,177.4471741,324.282135,123.2030563,122.5538177,122.7699966,39.64420319,207.5200043,270.2368774,323.1199951,462.7076721,4221.02002
6/2/2023,178.2945251,327.0316772,124.0549927,123.4948578,124.25,39.20260239,213.9700012,329.480011,270.2368774,468.2848816,4282.370117
6/5/2023,176.9446259,327.5583191,125.4418564,124.8222275,125.3000031,39.04710388,217.6100006,328.5799866,269.0275574,466.9819946,4273.790039
6/6/2023,176.5800629,325.3546448,126.7098541,126.1099777,126.6100006,38.53173447,221.3099976,333.4100037,268.7598572,457.0272217,4283.850098
6/7/2023,175.2104492,315.3116455,121.7864914,121.3452988,121.2300034,37.36033249,224.5700073,335.4200134,261.3053894,97.54475403,4267.52002
6/8/2023,177.920105,317.1447754,121.5190201,120.9887009,124.25,38.39216232,234.8600006,335.9500122,262.2767334,97.23917389,4293.930176
6/9/2023,178.3043671,318.6365967,121.7171478,121.0778656,123.4300003,244.3999939,38.65137482,335.2900085,262.6436157,462.6982422,4298.859863
6/12/2023,181.0928345,323.5704041,123.1832428,122.4745789,126.5699997,249.8300018,39.36118317,333.6000061,268.6904297,461.7327881,4338.930176
6/13/2023,180.6198883,325.9494934,123.2624969,122.6627808,126.6600037,258.7099915,40.89648056,336.3900146,268.9581604,460.5329285,4369.009766
6/14/2023,181.250473,328.9233398,123.2129669,122.5042648,126.4199982,42.86543274,256.7900085,335.8999939,270.9704895,94.51587677,4372.589844
6/15/2023,183.2802582,339.414978,124.6097336,123.9108887,127.1100006,42.52248764,255.8999939,339.8200073,279.3766174,95.17197418,4425.839844
6/16/2023,182.2062683,333.7888794,122.8959732,122.365593,125.4899979,42.56136703,260.5400085,338.3099976,278.553833,94.48890686,4409.589844
6/20/2023,182.2949524,329.6156616,122.6879425,121.9396667,125.7799988,274.4500122,43.6739502,338.6700134,281.8548584,220.9481659,4388.709961
6/21/2023,181.2603607,325.2377014,120.1222382,119.4136963,124.8300018,42.91329193,259.4599915,338.6099854,279.188324,448.7194824,4365.689941
6/22/2023,184.255722,331.2342224,122.7077484,121.9891891,130.1499939,264.6099854,42.89334488,282.400116,336.9599915,450.8842468,4381.890137
6/23/2023,183.9404297,326.6611938,121.8657379,121.1868134,129.3300018,42.07984924,256.6000061,286.2166443,335.25,223.953064,4348.330078
6/26/2023,182.5511627,320.4014282,117.9726028,117.2245255,127.3300018,40.50767136,241.0500031,334.1199951,276.0458984,450.8936462,4328.819824
6/27/2023,185.3001709,326.2224426,117.8933563,117.2146225,129.1799927,41.7478714,250.2100067,284.551178,335.3399963,454.1878662,4378.410156
6/28/2023,186.4727325,327.4704895,119.9439392,119.0471802,129.0399933,256.2399902,40.99118423,282.8065186,334.1499939,94.73155975,4376.859863
6/29/2023,186.807724,326.6904907,118.8839874,117.9773712,127.9000015,257.5,40.69709015,336.9100037,279.0792236,95.8999939,4396.439941
6/30/2023,191.1234589,332.0435486,119.8349609,118.571701,130.3600006,261.769989,42.17256546,284.481781,341,231.689682,4450.379883
7/3/2023,189.6356659,329.5571899,119.4288101,118.7698288,130.2200012,279.8200073,42.28321838,342,283.5301514,232.1677399,4455.589844
7/5/2023,188.5222015,329.7130432,121.479393,120.6023941,130.3800049,282.480011,42.18751907,291.8074646,341.5599976,233.6116943,4446.819824
7/6/2023,188.995163,332.7553101,119.7953339,118.9778366,128.3600006,276.5400085,41.97416687,289.4481506,341.4599915,233.055603,4411.589844
7/7/2023,187.8817444,328.8063965,119.0127563,118.3537827,129.7799988,274.4299927,42.37294006,288.0008545,340.8999939,230.6848297,4398.950195
7/10/2023,185.8421173,323.5508423,115.7734375,115.3523331,127.1299973,269.6099854,42.05093002,291.5397949,341.1300049,232.3531189,4409.529785
7/11/2023,185.3198853,324.1748657,116.6055603,116.0358353,128.7799988,269.7900085,42.27524948,295.6933899,343.3699951,234.684845,4439.259766
7/12/2023,186.9850769,328.7868347,118.4976425,117.8089676,130.8000031,271.9899902,43.76765823,306.6471252,345.3500061,236.3043823,4472.160156
7/13/2023,187.7438049,334.1106567,123.6587448,123.3660889,134.3000031,45.83631897,277.8999939,310.6817017,343.5400085,237.3775635,4510.040039
7/14/2023,187.891571,336.6262512,124.5205688,124.2377777,134.6799927,281.3800049,45.32987213,306.1812439,341.0899963,237.2312012,4505.419922
7/17/2023,191.1431427,337.1040649,123.8865967,123.4750595,133.5599976,290.3800049,46.31883621,307.9159851,344.25,238.0410156,4522.790039
7/18/2023,190.8870087,350.5207214,122.9157867,122.5934372,132.8300018,293.3399963,47.34867859,309.3335571,345.3399963,234.8994598,4554.97998
7/19/2023,192.2368774,346.2207031,121.6279755,120.8797455,135.3600006,291.2600098,46.93294907,313.2591248,342.4299927,474.0849609,4565.720215
7/20/2023,190.2957916,338.2156372,118.4084702,118.0764236,129.9600067,45.38071442,262.8999939,299.8865356,346.6099854,474.5932007,4534.870117
7/21/2023,189.1232452,335.1929321,119.1811447,118.8886948,130,44.17341995,260.019989,291.6984253,345.7600098,476.7485657,4536.339844
7/24/2023,189.9213715,336.4994812,120.736412,120.3844528,128.8000031,44.47549057,269.0599976,349.6300049,289.0715027,478.7721863,4554.640137
7/25/2023,190.7786102,342.2230835,121.6379013,121.0580444,129.1300049,45.53923035,265.2799988,291.9066162,347.5799866,480.8898315,4567.459961
7/26/2023,191.6456604,329.3426208,128.4434052,128.0515137,128.1499939,45.31292343,264.3500061,295.9709167,349.7999878,478.1321106,4566.75
7/27/2023,190.3844452,322.4685669,128.6514435,128.1802826,128.25,45.759552,255.7100067,308.99646,349.3099976,475.5250244,4537.410156
7/28/2023,192.9561462,329.9276428,131.7619934,131.3302917,132.2100067,46.60695267,266.4400024,322.646637,349.8099976,473.3413696,4582.22998
7/31/2023,193.5670624,327.5388794,131.8610687,131.4689941,133.6799927,46.58601379,267.4299927,315.8265991,351.9599915,476.5979614,4588.959961
8/1/2023,192.7393799,327.9483337,130.6525116,130.3100281,131.6900024,46.3646965,261.0700073,319.9007874,352.2600098,475.0638123,4576.72998
8/2/2023,189.7538605,319.3288574,127.432991,127.1698837,128.2100067,44.13355255,254.1100006,311.5738831,351.1900024,475.1202698,4513.390137
8/3/2023,188.3645477,318.5098572,127.5617676,127.2392273,128.9100037,44.37878799,259.3200073,310.4636841,353.8099976,475.1767273,4501.890137
8/4/2023,179.3192749,319.6018982,127.3339539,126.9024429,139.5700073,44.54328918,253.8600006,308.025116,349.9899902,473.1720276,4478.029785
8/7/2023,176.2253571,321.8737793,130.7020416,130.2901917,142.2200012,45.27802658,251.4499969,313.8042908,362.5799866,480.7110901,4518.439941
8/8/2023,177.1613922,317.9150391,130.6029663,130.1614075,139.9400024,44.52733994,249.6999969,309.918457,363.730011,509.8709717,4499.379883
8/9/2023,175.5749969,314.1903992,128.928833,128.4378204,137.8500061,42.42378998,242.1900024,302.5531006,358.019989,514.3967896,4467.709961
8/10/2023,175.3582458,314.8728943,128.988266,128.4675598,138.5599976,42.2583046,245.3399963,303.0784912,356.980011,509.6167603,4468.830078
8/11/2023,175.41745,313.000824,128.9486542,128.3387451,138.4100037,40.7299881,242.6499939,299.0142517,358.3500061,516.4006348,4464.049805
8/14/2023,177.0651703,315.9552307,130.5930786,130.0920715,140.5700073,43.61912155,239.7599945,303.5245667,358.480011,527.02948,4489.720215
8/15/2023,175.0819855,313.8295898,129.047699,128.5567169,137.6699982,43.80554581,232.9600067,299.3215332,354.5,535.4736938,4437.859863
8/16/2023,174.2137756,313.0674744,127.8985825,127.4868927,135.0700073,43.35293579,225.6000061,354.1099854,291.7282104,535.1013794,4404.330078
8/17/2023,171.6780243,309.6280823,129.2359314,128.695343,133.9799957,43.21137238,219.2200012,353.1900024,282.6082764,526.6962891,4370.359863
8/18/2023,172.161499,309.2371521,126.9079742,126.2585602,133.2200012,43.16651154,215.4900055,352.5599976,280.7842712,535.2875366,4369.709961
8/21/2023,173.4934998,314.5136108,127.7202911,127.1599731,134.6799927,46.82329178,231.2799988,352.0899963,287.3764038,538.8337402,4399.77002
8/22/2023,174.8649139,315.0802612,128.4731445,127.8632813,134.25,45.52826691,233.1900024,350.5700073,285.0964661,542.3701172,4387.549805
8/23/2023,178.7030182,319.5164185,131.9601288,131.1222839,135.5200043,46.97183228,236.8600006,354.2600098,291.6786499,542.0761108,4436.009766
8/24/2023,174.0262909,312.6473389,129.1963043,128.5567169,131.8399963,47.0186882,230.0399933,354.2999878,284.2537537,536.8255005,4376.310059
8/25/2023,176.2265167,315.5884094,129.4637756,128.6557617,133.2599945,45.87718964,238.5899963,355.9299927,283.014679,542.3604126,4405.709961
8/28/2023,177.7854462,316.2919312,130.5534363,129.7751007,133.1399994,46.69169617,238.8200073,355.5499878,287.7332764,542.6248169,4433.310059
8/29/2023,181.6629639,320.8941956,134.2187195,133.3015747,134.9100037,48.63472748,257.1799927,358.2900085,295.3959656,542.6052246,4497.629883
8/30/2023,185.1458893,321.2654419,135.6452179,134.5991974,135.0700073,49.11325455,256.8999939,361.0599976,292.5311279,536.8156738,4514.870117
8/31/2023,185.3629303,320.2590637,136.0612793,134.8864594,138.0099945,49.20397949,258.0799866,360.2000122,293.3142395,542.8990479,4507.660156
9/1/2023,186.9317474,321.1383972,135.5164337,134.3812561,138.1199951,48.360569,245.0099945,362.4599915,293.7999573,545.7498169,4515.77002
9/5/2023,187.1685181,325.9165344,135.4272766,134.4902496,137.2700043,48.39944839,256.4899902,360.4700012,297.5370789,546.8077393,4496.830078
9/6/2023,180.4691467,325.2619019,134.0998535,133.1925507,135.3600006,46.92085648,251.9199982,361.6700134,296.5657043,548.5319214,4465.47998
9/7/2023,175.1905212,322.3598022,134.9220581,133.9850616,137.8500061,46.103302,251.4900055,361.7999878,296.0700989,561.5409546,4451.140137
9/8/2023,175.8022461,326.6199951,135.9126587,135.0944824,138.2299957,45.43630219,248.5,363.1499939,295.2968445,574.5012207,4457.490234
9/11/2023,176.966507,330.2060242,136.4476318,135.6294098,143.1000061,45.0434761,273.5799866,304.8826294,365.519989,583.4157104,4487.459961
9/12/2023,173.9473724,324.1772461,134.7933044,134.0643005,141.2299957,44.73638916,267.480011,367.7799988,299.0339966,587.0794067,4461.899902
9/13/2023,171.8852386,328.3691406,136.2098846,135.4213562,144.8500061,45.3495636,271.2999878,367.8200073,302.4044189,586.6680908,4467.439941
9/14/2023,173.3948364,330.9486389,137.6859131,136.7982788,144.7200012,45.44527054,276.0400085,309.0064697,369.5,579.5463257,4505.100098
9/15/2023,172.6745605,322.6627197,137.0023651,136.1048584,140.3899994,274.3900146,43.76927567,367.8599854,297.6957703,563.9215088,4450.319824
9/18/2023,175.5950623,321.5292053,137.6561584,136.9072418,139.9799957,43.83508682,265.2799988,370.4299927,299.9161987,559.6307983,4453.529785
9/19/2023,176.6803894,321.1286621,137.5273895,136.7388153,137.6300049,266.5,43.39041138,370.480011,302.4143677,563.2357178,4443.950195
9/20/2023,173.1481781,313.4290161,133.3271637,132.4793549,135.2899933,262.5899963,42.11322021,366.8200073,297.0613708,558.024231,4402.200195
9/21/2023,171.608963,312.2173767,130.1274567,129.2104645,129.3300018,255.6999969,40.89485931,363.2799988,293.1556396,538.9121094,4330
9/22/2023,172.4575043,309.7550354,130.0185242,129.0222473,129.1199951,41.48609924,244.8800049,360.1600037,296.4764709,539.3136597,4320.060059
9/25/2023,173.7302856,310.2729187,130.9298706,129.8741455,131.2700043,42.09627914,246.9900055,361.7099915,298.2111816,541.0281372,4337.439941
9/26/2023,169.6652985,304.9964905,128.2353973,127.3581009,125.9800034,41.78620148,244.1199951,359.4200134,296.3575134,538.7945557,4273.529785
9/27/2023,168.1556702,305.6315918,130.2265472,129.3095245,125.9800034,42.34153748,240.5,357.7799988,295.1481323,108.919136,4274.509766
9/28/2023,168.4122009,306.4621582,131.8808899,131.062851,125.9800034,42.96069717,246.3800049,301.3139954,357.0599976,108.2576523,4299.700195
9/29/2023,168.9252625,308.5238647,130.6128845,129.6265106,127.1200027,43.36947632,250.2200012,297.5966492,350.2999878,106.5450211,4288.049805
10/2/2023,171.4313965,314.4353638,133.9017334,132.9052887,129.4600067,44.64865112,251.6000061,304.1491089,348.0799866,527.3134766,4288.390137
10/3/2023,170.0993805,306.217865,132.0492859,131.1817169,124.7200012,43.38742065,246.5299988,298.3203125,343.0400085,104.9592667,4229.450195
10/4/2023,171.3425751,311.6604004,134.9914246,133.9652252,127,43.9098587,261.1600037,302.9198608,343.6900024,520.6228638,4263.75
10/5/2023,172.5759125,312.0512085,134.714035,133.7968292,125.9599991,44.55493546,260.0499878,302.1367493,345.0599976,530.4384155,4258.189941
10/6/2023,175.12146,319.7704468,137.4283295,136.2831573,127.9599991,45.62572861,260.5299988,312.6841125,346.3399963,553.6943359,4308.5
10/9/2023,176.6014557,322.2718506,138.1911011,137.1152649,128.2599945,45.13818741,259.6700134,315.588623,345.4500122,560.1010132,4335.660156
10/10/2023,176.0094452,320.8746338,137.8938904,136.7586365,129.4799957,45.66162872,263.6199951,319.0382996,348.5599976,567.4970093,4358.240234
10/11/2023,177.40065,324.8124695,140.3704681,139.225174,131.8300018,46.66662216,262.9899902,324.9662476,348.4299927,592.9375,4376.950195
10/12/2023,178.2985229,323.5811768,138.9736786,137.66008,132.3300018,46.80521774,258.8699951,321.3381042,345.6600037,598.0511475,4349.609863
10/13/2023,176.4633331,320.2297668,137.2797546,136.0652466,129.7899933,45.32563019,251.1199951,311.9505615,345.0899963,596.7776489,4327.779785
10/16/2023,176.3350372,325.0273438,139.1717987,137.7888336,132.5500031,45.95774841,253.9199982,318.3544006,346.230011,604.0658569,4373.629883
10/17/2023,174.7859955,324.4606018,139.6671143,138.4029999,131.4700012,43.80715942,254.8500061,321.1795349,345.3900146,595.9057007,4373.200195
10/18/2023,173.4934998,322.5552063,137.973175,136.6596069,128.1300049,42.07035065,242.6799927,314.2107544,340.8900146,594.857605,4314.600098
10/19/2023,173.118576,323.7375183,137.6759949,136.4515991,128.3999939,41.97563553,220.1100006,310.0869446,338.6600037,578.7528076,4278
10/20/2023,170.5730133,319.1939697,135.457016,134.3218384,125.1699982,41.26376343,211.9900055,305.9631348,335.8599854,572.7184448,4224.160156
10/23/2023,170.691391,321.7832947,136.6061096,135.2133484,126.5599976,42.84704208,212.0800018,311.2765808,336.8399963,564.8914185,4217.040039
10/24/2023,171.1254883,322.9656372,138.8052673,137.5015717,128.5599976,43.53297806,216.5200043,309.8292236,338.6300049,580.3496094,4247.680176
10/25/2023,332.8736572,168.8167419,125.4814911,124.4260025,121.3899994,41.65459442,212.4199982,296.9226074,336.8999939,574.5012207,4186.77002
10/26/2023,164.6629333,320.3860779,122.2817917,121.127388,119.5699997,40.20592117,205.7599945,285.8398743,336.1600037,556.515564,4137.22998
10/27/2023,165.975174,322.2621155,122.2421722,121.0184326,127.7399979,40.37940598,207.3000031,294.1469116,331.7099915,548.8060913,4117.370117
10/30/2023,329.5904846,168.0175323,124.5701294,123.2868423,132.7100067,41.03842926,197.3600006,300.0253296,337.4100037,554.1744385,4166.819824
10/31/2023,330.3721924,168.4911652,124.1243439,122.9104233,133.0899963,40.65856934,200.8399963,298.6473999,341.3299866,542.6345825,4193.799805
11/1/2023,338.1500244,171.6484375,126.3730316,125.2580719,137,42.19897079,205.6600037,309.1352539,343.75,543.1536865,4237.859863
11/2/2023,175.2003937,340.3485107,127.3735733,126.2882919,138.0700073,43.37644958,218.5099945,308.1638184,349.019989,568.4570923,4317.779785
11/3/2023,344.7259521,174.2927094,129.146759,127.8830948,138.6000061,44.87099075,219.9600067,311.8613586,351.8099976,556.2315674,4358.339844
11/6/2023,348.370636,176.8382416,130.216629,129.0222473,139.7400055,45.6147728,219.2700043,313.0509033,346.6300049,583.0531616,4365.97998
11/7/2023,352.2790833,179.3936768,131.1577301,129.7354736,142.7100067,45.81816101,222.1799927,316.0446167,346.1700134,587.6967163,4378.379883
11/8/2023,354.888031,180.4494171,132.0096283,130.5972748,142.0800018,46.43531418,222.1100006,316.9962463,346.2999878,606.5050659,4382.779785
11/9/2023,352.4353943,179.9758148,130.4543762,129.0123749,140.6000061,46.81019592,209.9799957,317.7595825,348.1799927,579.262207,4347.350098
11/10/2023,361.2098694,184.1548615,132.8021393,131.3401947,143.5599976,48.19107056,214.6499939,325.9079895,350.5599976,585.5219116,4415.240234
11/13/2023,358.288269,182.5741577,132.3860779,130.8449249,142.5899963,48.47521973,223.7100067,326.3243408,350.0100098,600.2160034,4411.549805
11/14/2023,361.7961121,185.1823425,134.1592712,132.3604889,145.8000031,49.50813293,237.4100037,333.3823853,354.25,599.4700928,4495.700195
11/15/2023,361.9430237,185.7454529,135.1004028,133.3510895,143.1999969,48.7424202,242.8399963,329.8136902,356.7900085,577.6040649,4502.879883
11/16/2023,368.3071594,187.4250031,137.3985901,135.6392975,142.8300018,49.33266449,233.5899963,331.2808228,359.8599854,577.8101196,4508.240234
11/17/2023,187.4052277,362.1192017,135.6551208,134.0345764,145.1799927,49.15120697,234.3000031,332.1234131,358.9299927,580.71521,4514.02002
11/20/2023,369.5505676,189.1440125,136.6259155,134.9656982,146.1300049,50.25889969,235.6000061,337.0105286,361.3299866,586.4957275,4547.379883
11/21/2023,188.3437805,365.2719727,137.3193359,135.6789246,143.8999939,49.79528427,241.1999969,334.0465698,361,581.5886841,4538.189941
11/22/2023,369.9520874,189.0056763,138.706192,137.1846008,146.7100067,48.57093811,234.2100067,338.5172729,361.7999878,584.0324707,4556.620117
11/24/2023,369.540802,187.681839,136.923111,135.4015808,146.7400055,47.63373566,235.4499969,335.2857056,362.6799927,589.9307861,4559.339844
11/27/2023,370.696167,187.5040283,136.754715,135.1242065,147.7299957,48.09834671,236.0800018,331.786377,361.3399963,580.5386353,4550.430176
11/28/2023,374.7006836,188.1066589,137.3193359,135.9067535,147.0299988,47.67860031,246.7200012,336.039032,360.0499878,580.6072388,4554.890137
11/29/2023,370.9311218,187.0890808,135.1201782,133.7175751,146.3200073,47.99664688,244.1399994,329.308136,358.6900024,580.8624878,4550.580078
11/30/2023,370.9898376,187.6621246,132.6634674,131.2807617,146.0899963,46.63073349,240.0800018,324.3021545,360,580.0576172,4567.799805
12/1/2023,188.9365387,366.6818542,132.0691071,130.6170807,147.0299988,46.62574387,238.8300018,321.9924011,357.0700073,573.1877441,4594.629883
12/4/2023,187.1483612,361.4240723,129.4043274,128.0515137,144.8399963,45.3744812,235.5800018,317.2341919,356.6600037,574.7973022,4569.779785
12/5/2023,191.090271,364.7334595,131.1478119,129.7552948,146.8800049,46.43141937,238.7200012,315.5193176,355.0299988,577.2213745,4567.180176
12/6/2023,190.0035553,361.0911865,130.1967926,128.7944489,144.5200043,45.37149048,239.3699951,314.686554,352.3800049,578.3009644,4549.339844
12/7/2023,191.930069,363.1962891,137.1509552,135.6392975,146.8800049,46.46133804,242.6399994,323.7469482,352.7000122,577.3392334,4585.589844
12/8/2023,193.3527374,366.4077148,135.3579254,133.7175751,147.4199982,47.36870193,243.8399963,329.853363,353.0799866,586.9373779,4604.370117
12/11/2023,190.8531799,363.5388794,133.436142,132.0336151,145.8899994,46.49224472,239.7400055,322.4483948,357.0599976,573.1877441,4622.439941
12/12/2023,192.3647766,366.5545654,132.3860779,131.2708893,147.4799957,47.51927185,237.0099945,331.3105774,360.019989,573.8944092,4643.700195
12/13/2023,195.5756226,366.5447693,132.7129822,131.3204193,148.8399963,47.94902802,239.2899933,331.8260193,362.0299988,586.397644,4707.089844
12/14/2023,195.7238159,358.2811584,131.9502106,130.6963196,147.4199982,48.2102623,251.0500031,330.2697754,358.1199951,107.3101578,4719.549805
12/15/2023,195.1903381,362.980835,132.5842133,131.3501129,149.9700012,48.74869919,253.5,332.0044556,356.5,109.5649872,4719.189941
12/18/2023,193.5305634,364.8606567,135.902771,154.0700073,134.519928,49.93227386,252.0800018,341.6200256,359.6499939,111.2389145,4740.560059
12/19/2023,194.5679016,365.4579773,136.804245,135.3619385,153.7899933,49.46064377,257.2200012,347.3100586,361.7999878,111.0274887,4768.370117
12/20/2023,192.4833374,362.8731384,138.3495941,137.0360107,152.1199951,47.97195435,247.1399994,346.2394409,355.3500061,108.1825867,4698.350098
12/21/2023,192.3351135,365.7321167,140.4695282,139.096405,153.8399963,48.848423,254.5,351.0075378,356.1400146,109.8301086,4746.75
12/22/2023,191.2681427,366.7503357,141.3808899,140.1563263,153.4199982,48.68888092,252.5399933,350.3137207,356.4700012,109.3127518,4754.629883
12/26/2023,190.724762,366.8287659,141.47995,140.1860352,153.4100037,49.13658524,256.6099854,351.7411499,356.8299866,110.2782669,4774.75
12/27/2023,190.8235321,366.2510986,140.1129303,139.0468597,153.3399963,49.274189,261.4400024,354.7150269,356.9500122,109.7209778,4781.580078
12/28/2023,191.2483826,367.4356689,139.9544067,138.9081879,153.3800049,49.37887955,253.1799927,355.2008057,357.5700073,109.3546448,4783.350098
12/29/2023,190.2110138,368.1798706,139.6076813,138.3732605,151.9400024,49.37887955,248.4799957,350.8786926,356.6600037,108.7545013,4769.830078
1/2/2024,363.1179199,183.4040375,138.2505341,136.8676147,149.9299927,48.02879333,248.4199982,343.2754822,362.4599915,581.196228,4742.830078
1/3/2024,362.8535767,182.0307465,139.0430145,137.6105499,148.4700012,47.43152618,238.4499969,341.4713135,366.75,606.222229,4704.810059
1/4/2024,360.249176,179.7189636,136.7447968,135.1043701,144.5700073,47.85927582,237.9299927,344.0982666,363.6799927,603.0817261,4688.680176
1/5/2024,360.0631714,178.9977112,136.1008911,134.4506073,145.2400055,48.95510101,237.4900055,348.886261,365.5899963,607.0565186,4697.240234
1/8/2024,366.8580933,183.3249969,139.211441,137.531311,149.1000061,52.10198593,240.4499969,355.5377808,368.1799927,614.397583,4763.540039
1/9/2024,367.9350586,182.9100342,141.2223816,139.6214142,151.3699951,52.98642349,234.9600067,354.3185425,366.8999939,613.8577881,4756.5
1/10/2024,374.7691956,183.9473724,142.4507599,140.938858,153.7299957,54.1929245,367.2450256,233.9400024,367.9200134,618.4801636,4783.450195
1/11/2024,376.590332,183.354599,142.3219757,140.7407532,155.1799927,54.66356659,366.4520569,227.2200012,363.3399963,623.9074097,4780.240234
1/12/2024,380.3500366,183.6806335,142.8866577,141.3053894,154.6199951,54.5518837,371.2300415,218.8899994,363.6199951,630.9736328,4783.830078
1/16/2024,382.1124268,181.4182434,142.7281189,141.1469116,153.1600037,56.21905136,364.2612,219.9100037,361.1000061,622.7788086,4765.97998
1/17/2024,381.3291626,180.47966,141.5492859,140.1365051,151.7100067,55.89100266,365.163269,215.5500031,359.2900085,617.223999,4739.209961
1/18/2024,385.637146,186.358017,143.6295776,142.1275482,153.5,56.9419632,372.8557129,211.8800049,362.3800049,611.7672729,4780.939941
1/19/2024,390.336792,189.2526855,146.5816193,145.0002289,155.3399963,59.31906128,380.1120911,212.1900024,366.9899902,118.0053177,4839.810059
1/22/2024,388.2220154,191.5546722,146.3240814,144.6139069,154.7799988,59.4815979,378.456543,208.8000031,368.0599976,118.9114075,4850.430176
1/23/2024,390.5620422,192.8290863,147.2849579,145.6539764,156.0200043,59.69996262,381.8467712,209.1399994,372.1400146,119.4774628,4864.600098
1/24/2024,394.1455078,192.1572723,148.9393005,147.2983551,156.8699951,61.18465424,387.2988586,207.8300018,376.5899963,122.1625977,4868.549805
1/25/2024,396.4072876,191.8312683,152.1984406,150.4384613,157.75,61.43891907,389.7572937,380.8500061,182.6300049,119.8369675,4894.160156
1/26/2024,395.4868774,190.102356,152.3470306,150.7554474,159.1199951,60.85461807,390.7089844,385.3999939,183.25,117.3895569,4890.970215
1/29/2024,401.1559143,189.4206543,153.3871765,152.0630035,161.2599945,62.28447723,397.5291138,383.1799927,190.9299927,118.6454315,4927.930176
1/30/2024,400.0494995,185.7751007,151.6139679,150.0323639,159,62.59257507,396.5774536,387.1499939,191.5899963,632.9954224,4924.970215
1/31/2024,389.2696533,182.1789246,140.4695282,138.7794189,155.1999969,61.34918213,386.7438049,383.7399902,187.2899933,633.6137085,4845.649902
2/1/2024,395.3400574,184.609314,141.3710022,139.829422,159.2799988,62.84485245,391.3433533,386.4400024,188.8600006,648.1583862,4906.189941
2/2/2024,402.6245117,183.6114807,171.8099976,142.1931915,141.0379333,65.96878815,470.8551331,390.75,187.9100037,655.2442627,4958.609863
2/5/2024,397.170929,185.4194336,170.3099976,143.5701599,142.3256836,69.13162994,455.4107361,390.7600098,181.0599976,693.0778198,4942.810059
2/6/2024,397.0142517,187.0199127,169.1499939,144.0456543,142.7417145,68.02583313,450.7615662,393.7399902,185.1000061,691.9296265,4954.22998
2/7/2024,405.3953552,187.1286011,170.5299988,145.3037262,144.1681213,69.89640808,465.5021667,397.6600037,187.5800018,711.9014893,4995.060059
2/8/2024,405.4541016,186.0517426,169.8399963,145.8386688,144.5346527,69.43973541,465.9085693,397.4899902,189.5599976,722.0100098,4997.910156
2/9/2024,411.7594299,186.8134308,174.4499969,148.8105316,147.5955505,71.92453766,464.0350342,398.3599854,193.5700073,726.4067383,5026.609863
2/12/2024,406.5800476,185.1317596,172.3399963,147.3344879,146.1393738,72.0391922,464.8181458,397.7099915,188.1300049,723.560791,5021.839844
2/13/2024,397.8269348,183.0445099,168.6399994,144.9966125,143.7718964,71.91954803,456.1145935,394.7999878,184.0200043,729.1646729,4953.169922
2/14/2024,401.6720886,182.164093,170.9799957,145.7593994,144.5643921,73.68641663,469.1600342,398.6799927,188.7100067,744.5408936,5000.620117
2/15/2024,398.7980347,181.877243,169.8000031,142.5894165,72.44800568,141.4242706,479.8164673,403.4500122,200.4499969,745.0030518,5029.72998
2/16/2024,396.3457947,180.3439484,169.5099945,72.40314484,140.4298859,139.1954803,469.1997375,405.9899902,199.9499969,768.8735962,5005.569824
2/20/2024,395.1000061,179.6020508,167.0800018,140.8657532,139.7897949,69.25128937,467.6433105,407.1499939,193.7599945,742.9187622,4975.509766
2/21/2024,394.5016479,180.3538361,168.5899963,142.490387,141.2063293,67.27700806,464.4480286,409.25,194.7700043,733.3331909,4981.799805
2/22/2024,403.790863,182.3817444,78.31102753,174.5800018,143.9565125,142.731781,482.4094543,415.1600037,197.4100037,756.6630249,5087.029785
2/23/2024,402.5058899,180.5516815,78.58921051,174.9900055,143.9267883,142.6030273,480.325531,417.2200012,191.9700012,756.5646973,5088.799805
2/26/2024,399.7593079,179.2063446,78.86341858,174.7299957,137.4481354,136.2732697,478.0531006,409.1400146,199.3999939,758.904541,5069.529785
2/27/2024,399.70047,180.6605072,78.47354889,173.5399933,138.7854614,137.5709381,483.3224487,408.9100037,199.7299957,752.1011963,5078.180176
2/28/2024,399.9359131,179.4635468,77.43855286,173.1600037,136.1405487,135.0944824,480.3156738,412.1400146,202.0399933,744.8653564,5069.759766
2/29/2024,405.7428894,178.8007965,78.88336945,176.7599945,138.4684753,137.1548767,486.3789063,409.3999939,201.8800049,740.972168,5096.27002
3/1/2024,407.5673828,177.7225037,82.04122162,178.2200012,136.7844238,135.8473206,498.455719,407.1099854,202.6399994,768.9325562,5137.080078
3/4/2024,406.9984741,173.2117462,84.99066162,177.5800018,132.9408264,132.0930328,494.3772278,403.3900146,188.1399994,778.9213257,5130.950195
3/5/2024,394.962677,168.2854156,85.7195816,174.1199951,132.524765,131.4194489,486.4681702,400.7399902,180.7400055,764.4790649,5078.649902
3/6/2024,394.4133606,167.2962036,88.44779205,173.5099945,131.3162079,130.1614075,492.2932739,403.9599915,176.5399933,766.6222534,5104.759766
3/7/2024,401.3288269,167.1774902,92.40552521,176.8200073,133.9710846,133.1133423,508.27005,402.3900146,178.6499939,767.0056152,5157.359863
3/8/2024,398.4645081,168.888855,87.27912903,175.3500061,135.0112305,134.1336365,502.0777893,403.1499939,175.3399963,749.2893677,5123.689941
3/11/2024,396.7969666,170.8870392,85.53013611,171.9600067,137.6363678,136.3723297,479.888916,404.7600098,177.7700043,721.9876099,5117.939941
3/12/2024,407.3515625,171.3618622,91.65166473,175.3899994,138.3099518,137.1944885,495.9252625,404.980011,177.5399933,742.2207031,5175.27002
3/13/2024,407.1750183,169.2845001,90.62957001,176.5599976,139.4492188,138.4723358,491.7772827,408.1300049,745.0620117,169.4799957,5165.310059
3/14/2024,417.1017456,171.1343536,87.69395447,178.75,142.985672,141.7511444,488.0657959,406.730011,747.9032593,162.5,5150.47998
3/15/2024,408.4698486,170.7584381,87.58727264,174.4199982,140.8360443,139.8492432,480.394989,408.1300049,741.4539185,163.5700073,5117.089844
3/18/2024,409.3526306,171.8465729,88.20349121,174.4799957,147.086853,146.2879639,493.1764221,408.4100037,173.8000031,749.8007202,5149.419922
3/19/2024,413.364502,174.1811218,89.14380646,175.8999939,146.5320892,145.6440887,492.4420776,411.7600098,759.7501221,171.3200073,5178.509766
3/20/2024,417.1116333,176.7431946,90.11504364,178.1499939,148.2755737,147.3379822,501.651062,416.1099854,175.6600037,759.8287964,5224.620117
3/21/2024,421.1725769,169.5219269,91.17501831,178.1499939,147.3444214,146.208725,503.8739929,413.7799988,757.272644,172.8200073,5241.529785
3/22/2024,420.5545959,170.4221497,94.0209198,178.8699951,150.3459778,149.3488312,505.6800232,411.6000061,757.6166382,170.8300018,5234.180176
3/25/2024,414.7868042,169.0075378,94.73188019,179.7100067,149.7317657,148.6554565,499.1702576,409.9200134,760.1040039,172.6300049,5218.189941
3/26/2024,413.5999451,167.8798523,92.29782104,178.3000031,150.2766113,149.2498016,492.0948181,411.5700073,177.6699982,761.8342896,5203.580078
3/27/2024,413.3840942,171.4410095,89.99339294,179.8300018,150.5143738,149.4479065,490.0803223,416.9299927,179.8300018,765.059021,5248.490234
3/28/2024,412.6876831,169.6307373,90.09909058,180.3800049,150.8313904,149.507309,481.8636475,420.519989,175.7899933,764.8428345,5254.350098
4/1/2024,416.4642029,168.1963806,90.10607147,180.9700012,155.0315857,154.0243378,487.5895386,420.2000122,175.2200012,747.7263184,5243.77002
4/2/2024,413.3939819,167.0192108,89.19766998,180.6900024,154.4074707,153.1031342,493.563446,418.9200134,751.0787964,166.6300049,5205.810059
4/3/2024,412.422821,167.8204651,88.71104431,182.4100037,154.9027863,153.4597321,502.8617554,420.2399902,762.9061279,168.3800049,5211.490234
4/4/2024,409.9019165,166.9994354,85.66075134,180,150.5143738,149.111084,507.0097351,415.3200073,755.1292725,171.1100006,5147.209961
4/5/2024,417.3960266,167.7512207,87.75776672,185.0700073,152.4956207,151.0625458,523.3041382,418.6199951,770.9873047,164.8999939,5204.339844
4/8/2024,416.4837646,166.6334381,86.88525391,185.1900024,154.6749725,153.3903961,515.276001,415.9700012,764.184021,172.9799957,5202.390137
4/9/2024,418.141571,167.840271,85.1113205,185.6699982,156.6562347,155.1239014,512.9440308,414.6900024,176.8800049,744.4721069,5209.910156
4/10/2024,415.1792603,165.9706421,86.79151917,185.9499969,156.1807098,154.6682434,515.8516235,409.1099854,749.1322021,171.7599945,5160.640137
4/11/2024,419.7600098,173.1523438,90.35834503,189.0500031,159.2813416,157.9074249,519.1560669,407.6099854,174.6000061,746.7824707,5199.060059
4/12/2024,413.8451843,174.6460724,87.93526459,186.1300049,157.6963654,156.2432556,507.9822693,403.2600098,171.0500031,738.9665527,5123.410156
4/15/2024,405.7428894,170.8276825,85.75647736,183.6199951,154.8631744,153.4002838,496.4015808,400.2600098,738.1112061,161.4799957,5061.819824
4/16/2024,406.664856,167.5533905,87.16646576,183.3200073,154.5363159,152.9446259,495.9351807,396.9200134,734.1491699,130.0396881,5051.410156
4/17/2024,403.9772034,166.1882782,83.79606628,181.2799988,155.40802,154.0045471,490.3879395,397.7399902,738.1112061,155.4499969,5022.209961
4/18/2024,396.5517578,165.2386169,84.4302597,179.2200012,155.982605,154.539444,497.9595642,399.8900146,733.3724976,123.183815,5011.120117
4/19/2024,391.500061,163.2206116,154.2589111,152.6375427,174.6300049,75.9833374,477.3882141,405.0799866,714.0635376,147.0500031,4967.22998
4/22/2024,393.3049622,164.0515747,156.4680023,79.29190063,177.2299957,154.8068848,478.0431824,408.7799988,718.9990234,119.805275,5010.600098
4/23/2024,399.7887878,165.1001129,82.18864441,158.4195099,179.5399933,156.7682495,492.3032227,408.7399902,733.1168823,122.2249374,5070.549805
4/24/2024,401.2503357,167.1972656,159.5884399,157.6300507,79.45046234,176.5899963,489.7230835,405.9500122,719.854248,162.1300049,5071.629883
4/25/2024,391.4216003,168.0578918,82.39705658,156.4680023,154.5295715,173.6699982,438.0019531,404.9100037,170.1799927,712.6479492,5048.419922
4/26/2024,398.5626221,167.4742584,172.0603027,87.4855423,170.3292084,179.6199951,439.8973389,402.1000061,168.2899933,721.1422119,5099.959961
4/29/2024,394.570282,171.628952,87.50747681,166.3246155,164.5838623,180.9600067,429.3089905,400.9599915,194.0500031,724.7699585,5116.169922
4/30/2024,381.8969727,168.4931488,86.15634155,163.0952148,161.2456665,175,426.8778076,396.730011,183.2799988,767.9298706,5035.689941
5/1/2024,387.3999023,167.4742584,164.0165253,82.80487823,162.3154602,179,435.8287354,398.5799866,179.9900055,763.6530762,5018.390137
5/2/2024,390.2445374,171.1640167,85.57299805,166.8793945,165.0494232,184.7200012,438.2996216,400.6000061,180.0099945,743.1644897,5064.200195
5/3/2024,398.8961182,181.40242,88.53655243,167.4043884,165.6636047,186.2100067,448.500946,400.8699951,181.1900024,722.5775757,5127.790039
5/6/2024,405.6448364,179.7504425,91.87800598,168.2365265,166.5155029,188.6999969,462.1159668,404.9200134,184.7599945,753.7529297,5180.740234
5/7/2024,401.5249634,180.4329681,90.29653168,171.3569641,169.6358032,188.7599945,464.6564026,406.1400146,177.8099976,764.6558838,5187.700195
5/8/2024,402.7020874,180.7693176,90.15494537,169.5540466,167.7834167,188,468.9830017,406.3699951,761.9325562,174.7200012,5187.669922
5/9/2024,404.4481201,182.5795898,88.49466705,169.970108,168.3579559,189.5,471.7814636,408.8200073,758.5407715,171.9700012,5214.080078
5/10/2024,406.8218384,181.3215637,89.62245178,168.692215,167.0602875,187.4799957,472.5555115,412.0499878,747.1856079,168.4700012,5222.680176
5/13/2024,405.8213196,184.5210876,90.14196777,169.2964935,167.5457001,186.5700073,464.4281616,411.2200012,171.8899994,744.9243164,5221.419922
5/14/2024,408.6071167,185.6601868,91.09625244,170.3168182,168.734375,187.0700073,468.2387695,410.2399902,177.5500031,751.0984497,5246.680176
5/15/2024,415.7511597,187.9285889,94.36093903,172.2485352,170.8839111,185.9900055,477.8545837,412.7600098,775.0687866,173.9900055,5308.149902
5/16/2024,413.6973877,188.0474396,94.09069824,173.7839813,172.5381927,183.6300049,469.6081848,413.1199951,174.8399963,759.4103394,5297.100098
5/17/2024,412.9308777,188.077179,92.21605682,175.6265106,174.4004822,184.6999969,468.2983398,416.9400024,177.4600067,758.307312,5303.27002
5/20/2024,417.9721069,189.236145,94.51049805,176.7855682,175.2523499,183.5399933,465.25177,413,771.2871094,174.9499969,5308.129883
5/21/2024,421.6079407,190.533783,95.1147995,177.8553925,176.173584,183.1499939,461.0740662,414.3699951,186.6000061,790.9736328,5321.410156
5/22/2024,423.0623169,189.0974274,94.68003082,176.3298645,174.717453,183.1300049,464.1999817,413.9899902,790.7175293,180.1100006,5307.009766
5/23/2024,419.6032715,185.1154175,103.503891,173.4174347,171.9141388,181.0500031,462.215271,405.8800049,796.1734009,173.7400055,5267.839844
5/24/2024,422.7085876,188.1861115,106.1662827,174.6755524,173.3405609,180.75,474.5600281,407.4100037,795.1688232,179.2400055,5304.720215
5/28/2024,422.8657837,188.1960754,113.5771408,176.3496857,174.7372589,182.1499939,476.2470093,403.8999939,795.5922852,176.75,5306.040039
5/29/2024,421.7357178,188.4931946,114.4985199,175.7354736,174.2419586,182.0200043,470.7295532,404.0899963,799.206604,176.1900024,5266.950195
5/30/2024,407.486908,189.4837646,110.1858139,171.9315033,170.4877167,179.3200073,463.4754944,408.6099854,802.6830444,178.7899933,5235.47998
5/31/2024,407.9389038,190.4346924,109.3212891,172.3277893,170.8740234,176.4400024,463.2571716,414.3999939,807.8828735,178.0800018,5277.509766
6/3/2024,406.356781,192.1979065,114.6730118,172.7834778,171.5377045,178.3399963,473.8356018,414.7900085,818.6370239,176.2899933,5283.399902
6/4/2024,408.8626709,192.5148773,116.1059341,173.4868164,172.1518555,179.3399963,473.3394165,409.5299988,819.9467773,174.7700043,5291.339844
6/5/2024,416.6651001,122.0918808,194.0205078,175.4085846,173.7565918,181.2799988,491.2711487,409.8500061,819.1295166,175,5354.029785
6/6/2024,417.1662292,120.6539688,192.6436462,176.67659,175.0641479,185,489.9810486,411.0799866,824.5753784,177.9400024,5352.959961
6/7/2024,416.507843,120.544281,195.0308838,174.2991028,172.815567,184.3000031,489.1871948,413.7200012,837.0826416,177.4799957,5346.990234
6/10/2024,420.4582214,121.443718,191.2965088,175.1718292,173.5593262,187.0599976,498.7534485,410.8099976,851.8646851,173.7899933,5360.790039
6/11/2024,425.184906,205.1940155,120.5761414,176.7189789,175.1559753,187.2299957,503.5861816,408.5,852.6723022,142.9520569,5375.319824
6/12/2024,433.4197083,211.0581207,124.8542633,178.077652,176.3162537,186.8899994,504.9456482,408.769989,854.1297607,146.3257294,5421.029785
6/13/2024,433.9307556,129.2520752,212.2170715,175.2809143,173.7080841,183.8300018,500.2419128,405.9200134,164.2780151,869.9163208,5433.740234
6/14/2024,434.903595,131.5158081,210.4836121,176.8974609,175.3245392,183.6600037,500.7981873,405.5400085,169.7621307,865.1103516,5431.600098
6/17/2024,440.6030884,130.6183014,214.6241302,177.3040924,175.7708435,184.0599976,503.2517395,407.3200073,178.9427795,871.5708008,5473.22998
6/18/2024,438.6082458,135.2055969,212.266571,174.9933167,173.6386566,182.8099976,496.1593628,407.9500122,176.3646088,877.9229126,5487.029785
6/20/2024,437.9793701,130.418869,207.700119,176.2429199,174.838623,186.1000061,498.3546448,409.1499939,169.7151642,872.5359497,5473.169922
6/21/2024,441.988678,126.2204895,205.5308075,178.7718811,178.141037,189.0800018,491.4807434,409.6199951,162.2859192,870.4580078,5464.620117
6/24/2024,439.9152527,206.1746674,117.783844,179.2974701,177.7344055,185.5700073,495.583252,413.980011,876.5933228,156.2818298,5447.870117
6/25/2024,443.1384277,207.0958862,125.7418137,184.0479431,182.5045319,186.3399963,507.195282,410.9700012,890.8731079,155.1609039,5469.299805
6/26/2024,444.3274841,211.2364044,126.050972,183.8396759,182.3557892,193.6100006,509.6984253,410.2600098,887.5740967,196.3699951,5477.899902
6/27/2024,445.0055237,212.0783844,123.6476135,185.3173828,183.8731384,197.8500061,516.0955811,407.9500122,895.2359009,197.4199982,5482.870117
6/28/2024,439.2077026,208.6312256,123.1988602,181.9057465,180.6401062,193.25,500.8578186,406.7999878,891.6314087,197.8800049,5460.47998
7/1/2024,448.8183289,214.7033691,123.9567642,182.9669495,181.4731903,197.1999969,501.3147278,405.1900024,209.8600006,900.4849854,5475.089844
7/2/2024,451.3241272,218.1901398,122.3312683,185.0694427,183.7045441,200,506.1026001,231.2599945,407.1000061,892.9412842,5509.009766
7/3/2024,452.7883301,219.4580536,127.9257584,185.8429871,184.2797241,197.5899963,506.5595398,246.3899994,405.769989,169.7299347,5537.02002
7/5/2024,459.4606934,224.2028198,125.4825439,190.3752899,189.0200958,200,536.3098755,251.5200043,411.1700134,900.6819458,5567.189941
7/8/2024,458.1635742,225.6688538,127.845993,188.907486,187.4631195,199.2899933,525.7904053,252.9400024,409.0799866,171.3632202,5572.850098
7/9/2024,451.5796509,226.5207214,131.0172119,188.8678131,187.4135132,199.3399963,526.4658813,262.3299866,410.519989,918.3396606,5576.97998
7/10/2024,458.1733704,230.7801208,134.5374908,191.069519,189.5952606,199.7899933,531.1246338,263.2600098,413.7900085,925.5090942,5633.910156
7/11/2024,446.8234558,225.4212036,127.0482101,185.7537384,184.0318298,195.0500031,509.281311,241.0299988,418.7799988,919.9547729,5584.540039
7/12/2024,445.6933289,228.3631592,128.8831482,185.2380524,183.5359192,194.4900055,495.5435181,248.2299957,424.4400024,933.9981689,5615.350098
7/15/2024,232.1867218,446.096283,128.0853577,186.6364136,184.9838409,192.7200012,492.851593,252.6399994,434.4200134,936.0269165,5631.220215
7/16/2024,232.6027527,441.7331848,126.0110779,183.9685974,182.3954468,193.0200043,486.5240784,256.5599976,438.8999939,927.3015137,5667.200195
7/17/2024,226.7188416,435.8370972,117.6641769,181.112381,179.5195007,187.9299927,458.9094238,248.5,445.6099854,891.8383179,5588.27002
7/18/2024,222.0632172,432.7416992,120.7556229,177.740448,176.2171173,183.75,472.677002,249.2299957,441.8200073,157.5568848,5544.589844
7/19/2024,222.1919861,429.5381165,117.6043625,177.9090576,176.1873474,183.1300049,473.6107178,239.1999969,434.4700012,844.4489136,5505
7/22/2024,435.2671509,221.8452911,123.1988602,181.8363342,180.1641083,182.5500031,484.1499634,251.5099945,435.980011,852.8199463,5564.410156
7/23/2024,437.1441345,222.8853607,122.2514877,182.0842896,180.2831268,186.4100037,485.431366,246.3800049,434.0100098,864.9528809,5555.740234
7/24/2024,216.4764709,421.4703369,113.9345169,172.9304962,171.1990662,180.8300018,458.1942139,432.7999878,215.9900055,846.8223877,5427.129883
7/25/2024,215.4363861,411.1522522,111.9699554,167.7634888,165.8934021,179.8500061,450.3866272,433.2900085,220.25,808.7200317,5399.220215
7/26/2024,215.901947,417.9032593,112.7477951,167.2874451,165.6157074,182.5,462.5946655,437.6600037,219.8000031,148.8309479,5459.100098
7/29/2024,216.179306,419.3379517,111.2818451,169.7172394,168.1247559,183.1999969,462.6045837,438.3099976,232.1000061,795.5233154,5463.540039
7/30/2024,216.734024,415.5940247,103.443573,170.4412079,168.8784637,181.7100067,460.1014099,441.2600098,222.6199951,778.2104492,5436.439941
7/31/2024,219.9830475,411.1031189,116.6968613,171.7205658,170.1180878,186.9799957,471.6637878,438.5,232.0700073,157.7138977,5522.299805
8/1/2024,216.2982025,409.884613,108.908432,171.0263367,169.3445435,184.0700073,494.4210205,431.8099976,216.8600006,819.7990723,5446.680176
8/2/2024,217.7839813,401.4139099,106.9737854,167.0097656,165.2785492,167.8999939,484.8850098,428.3599854,207.6699982,792.2440186,5346.560059
8/5/2024,207.2939911,388.3049927,100.1726227,159.3138275,157.9299774,161.0200043,472.5577698,413.7200012,198.8800049,763.4873657,5186.330078
8/6/2024,205.2732544,392.6877136,103.9621201,159.2146606,156.9779053,161.9299927,490.7953796,422.1400146,200.6399994,781.135376,5240.029785
8/7/2024,207.8388214,391.5282288,98.6368866,159.4229279,157.6225281,162.7700043,485.6598816,427.019989,191.7599945,760.4147949,5199.5
8/8/2024,211.2958527,395.7143555,104.6801453,162.4873962,160.6869049,165.8000031,506.23172,431.5400085,198.8399963,832.4736938,5319.310059
8/9/2024,214.1982117,398.9866638,104.4607544,164.0246124,162.3133087,166.9400024,514.3175049,431.6700134,878.1394653,200,5344.160156
8/12/2024,215.7254181,399.7630005,108.7189636,162.5965118,160.9447479,166.8000031,512.5095825,430.3900146,870.9503784,197.4900055,5344.390137
8/13/2024,219.4344177,406.8383179,115.8192978,164.5601501,162.7992554,170.2299957,525.015686,432.4100037,207.8300018,894.2609863,5434.430176
8/14/2024,219.880661,409.638916,117.7539368,160.6923676,159.0406799,170.1000061,523.2475586,438.4700012,917.5321045,201.3800049,5455.209961
8/15/2024,222.8557739,414.4823914,122.5207443,161.822937,159.9629669,177.5899963,533.7470703,440.8399963,214.1399994,918.7155762,5543.220215
8/16/2024,224.1747437,411.9622803,124.2359924,163.3800049,161.6092072,177.0599976,523.9030151,444.5100098,216.1199951,909.3861694,5554.25
8/19/2024,224.016037,129.6410217,414.9746704,167.0097656,165.2884369,178.2200012,525.7507935,448.769989,222.7200012,909.0805054,5608.25
8/20/2024,224.6309052,418.1937866,126.8986206,167.5651703,165.7942047,178.8800049,523.2177124,448.3599854,221.1000061,936.8516235,5597.120117
8/21/2024,224.5218201,417.5440674,128.1451263,166.2461548,164.475235,180.1100006,531.5914917,446.6000061,223.2700043,938.8238525,5620.850098
8/22/2024,222.6673279,409.087616,123.3982925,164.1238098,162.442215,176.1300049,528.3831177,449.0299988,940.9935913,210.6600037,5570.640137
8/23/2024,224.9581757,129.0127411,410.3083801,166.0477753,164.2471466,177.0399933,524.479248,453.3800049,220.3200073,939.583374,5634.609863
8/26/2024,225.2953644,407.0596619,126.1108017,166.5436554,164.7826691,175.5,517.6450806,454.4899902,937.4039307,213.2100067,5616.839844
8/27/2024,226.1383209,127.9457092,407.4042969,165.0064697,163.3149414,173.1199951,515.6386108,460.6300049,941.2993774,209.2100067,5625.799805
8/28/2024,224.611084,404.2146606,125.2631378,163.141983,161.5001373,170.8000031,513.3341064,464.5899963,935.8358765,205.75,5592.180176
8/29/2024,227.8836975,406.6954346,117.2652893,162.0510406,160.4389801,172.1199951,514.7644043,468.3699951,927.2165527,206.2799988,5591.959961
8/30/2024,227.1002502,410.6529236,119.0403824,163.7469177,162.0257568,178.5,517.8339233,475.9200134,946.7628784,214.1100006,5648.399902
9/3/2024,220.9219513,403.0726929,107.701767,157.3006134,156.0556335,176.25,508.3475342,476.8299866,943.321167,210.6000061,5528.930176
9/4/2024,219.0178833,402.5410767,105.9167099,156.5071869,155.153183,173.3300018,509.3210144,478.5700073,219.4100037,933.2420654,5520.069824
9/5/2024,220.5351868,402.0390015,106.9139557,157.2906799,155.936615,177.8899994,513.4135132,464.9200134,230.1699982,900.1455688,5503.410156
9/6/2024,218.9881287,395.453064,102.5460434,150.8740845,171.3899994,149.6690063,496.9341431,459.4200134,210.7299957,890.2442627,5408.419922
9/9/2024,219.0773773,399.4105225,106.1759949,175.3999939,148.5007019,147.6730347,501.4240417,459.6099854,216.2700043,895.727478,5471.049805
9/10/2024,218.2840118,407.758667,107.8014832,179.5500031,148.9674225,147.6233673,501.4240417,458.9200134,226.1699982,888.8043823,5495.52002
9/11/2024,220.8128662,416.4611511,116.5871658,184.5200043,151.0925446,150.1059418,508.4170837,453.1000061,228.1300049,908.1732178,5554.129883
9/12/2024,220.9219513,420.3595581,118.8211746,187,154.4589844,153.6113129,522.0952148,450.8699951,229.8099976,922.1080322,5595.759766
9/13/2024,220.6541901,423.8937378,118.7812805,186.4900055,157.2693176,156.3619995,521.1217651,447.6099854,230.2899933,910.9542236,5626.02002
9/16/2024,424.6320496,214.5254822,116.4674911,184.8899994,157.885025,156.9578247,530.2293701,451.7799988,226.7799988,910.7865601,5633.089844
9/17/2024,428.3828735,214.9915314,115.2806778,186.8800049,159.1660767,158.2090607,533.2519531,456.6799927,227.8699951,893.6663208,5634.580078
9/18/2024,218.8591919,424.110321,113.0666199,186.4299927,159.6923676,158.6956177,534.8726807,456.6000061,227.1999969,892.4729614,5618.259766
9/19/2024,226.9713287,431.8677979,117.5545654,189.8699951,162.1055145,161.0093842,555.9016724,459.7099915,243.9199982,902.4038696,5713.640137
9/20/2024,226.3068848,428.5010071,115.6895752,191.6000061,163.4957581,162.4492645,558.1387939,455.3099976,238.25,908.7648926,5702.549805
9/23/2024,224.5912476,426.7683716,115.9488831,193.8800049,161.9366913,160.721405,561.1812744,250,454.980011,170.3059082,5718.569824
9/24/2024,225.4837799,422.4958801,120.5465469,193.9600067,162.5026855,161.1583099,560.1075439,254.2700043,454.5599976,172.1769562,5732.930176
9/25/2024,224.4920654,425.3900757,123.1794815,192.5299988,161.857193,160.3639069,565.059082,257.019989,452.3599854,172.8466339,5722.259766
9/26/2024,225.6325378,424.6025391,123.7080612,191.1600037,162.6913757,161.5952454,564.5917358,254.2200012,454.1799927,175.3774567,5745.370117
9/27/2024,225.9002838,421.363678,121.075119,187.9700012,164.1412354,162.8067627,564.1143799,260.4599915,457.4700012,170.0597076,5738.169922
9/30/2024,231.0670776,423.6082458,121.1150284,166.0280457,164.693512,186.3300018,569.1654053,261.6300049,460.2600098,169.8726044,5762.47998
10/1/2024,224.3334351,414.1476746,116.6869049,167.2494812,165.8255463,185.1300049,573.1723022,258.019989,457.4100037,164.91922,5708.75
10/2/2024,224.8986816,410.6430664,118.5319519,166.1471863,164.7034149,184.7599945,569.5333252,249.0200043,456.6700134,168.0606232,5709.540039
10/3/2024,223.7978973,410.0622559,122.5212479,166.0478821,164.7034149,181.9600067,579.4362183,452.9599915,240.6600037,169.2718964,5699.939941
10/4/2024,224.9185181,409.5896912,124.5857086,167.388504,165.8950348,186.5099945,592.5309448,461.9700012,250.0800018,173.9495392,5751.069824
10/7/2024,219.8509216,127.378212,403.1711121,163.247467,161.8435059,180.8000031,581.4348145,453.5,240.8300018,172.4132996,5695.939941
10/8/2024,223.8970642,132.5343475,408.2607117,164.5483856,163.2337646,182.7200012,589.4984131,453.7999878,244.5,177.9772339,5751.129883
10/9/2024,227.635788,132.2950134,410.967926,185.1699982,161.926712,160.731308,587.132019,455.8999939,241.0500031,183.1177521,5792.040039
10/10/2024,227.1399078,134.449234,409.3731689,186.6499939,162.0458832,160.9497681,580.4902344,454.9299927,238.7700043,182.8617096,5780.049805
10/11/2024,225.6622772,134.43927,409.8456726,188.8200073,163.3765869,162.1017151,586.5751953,460.2099915,178.7158203,217.8000031,5815.029785
10/14/2024,229.3811798,137.700531,412.6218567,165.1938782,187.5399933,163.8097076,587.0425415,459.980011,179.5331573,219.1600037,5859.850098
10/15/2024,231.9100189,131.2478333,412.2279968,165.740036,187.6900024,164.3062286,582.9163208,462.6799927,219.5700073,173.2995911,5815.259766
10/16/2024,229.8572083,135.3568115,409.6487732,165.5811615,164.008316,186.8899994,573.4904785,465.6900024,221.3300018,174.1268158,5842.470215
10/17/2024,230.2241211,136.5635834,410.2394714,187.5299988,163.3666534,161.7938385,573.6296997,465.8500061,220.8899994,178.7650604,5841.470215
10/18/2024,233.0504761,137.6306915,411.657074,188.9900055,163.9028931,162.2804413,573.1723022,464.7999878,220.6999969,177.1500397,5864.669922
10/21/2024,143.3254395,234.5182037,412.2674255,189.0700073,164.6477051,162.9259338,571.869751,464.1600037,218.8500061,177.2485199,5853.97998
10/22/2024,143.2057495,233.9033508,420.8616638,189.6999969,165.660614,163.9884338,578.6806641,461.4500122,217.9700012,176.6478119,5851.200195
10/23/2024,139.1865234,228.8456268,417.9968872,163.3368378,184.7100067,161.6449127,560.4654541,460.6099854,213.6499939,170.8672028,5797.419922
10/24/2024,140.034256,228.6572571,418.1248779,163.3865356,186.3800049,161.5853271,564.5320435,260.480011,457.769989,168.7401276,5809.859863
10/25/2024,141.1612244,229.4902802,421.4916992,165.829422,187.8300018,164.1175537,569.9707642,269.1900024,454.0100098,170.3649902,5808.120117
10/28/2024,231.4637604,140.1439819,419.9559631,167.1700439,165.5574341,188.3899994,574.8526611,262.5100098,458.4899902,169.3999176,5823.52002
10/29/2024,140.871994,231.7315216,425.232605,169.9505768,168.4967804,190.8300018,589.8862305,259.519989,454.6199951,176.5099335,5832.919922
10/30/2024,138.9671021,228.1911469,425.8035583,174.9158325,173.243454,192.7299957,588.4146729,257.5499878,454.9599915,173.9495392,5813.669922
10/31/2024,224.0359039,132.4047241,400.0307312,171.4898224,169.9168091,186.3999939,564.3331909,249.8500061,450.9200134,167.1842041,5705.450195
11/1/2024,135.0376587,221.0607605,403.9881897,197.9299927,171.4500732,170.0955658,563.9155884,248.9799957,452.1400146,166.3471375,5728.799805
11/4/2024,135.6859436,220.1682434,402.1079102,195.7799988,169.4937592,168.0598755,557.4726563,242.8399963,442.2900085,165.9827728,5712.689941
11/5/2024,139.5355988,221.5962982,405.0612183,199.5,170.2187042,168.5563812,569.1553955,251.4400024,445.0599976,171.2512665,5782.759766
11/6/2024,145.2203217,220.8723602,413.6456299,207.0899963,177.0906067,175.2791595,568.7775269,288.5299988,468.8999939,176.8152161,5929.040039
11/7/2024,148.4815674,225.592865,418.8139954,210.0500031,181.0131531,179.4895935,588.3152466,296.9100037,460.1300049,181.0103149,5973.100098
11/8/2024,147.2349396,225.3248138,415.9689636,208.1799927,178.6099854,177.1063538,585.96875,321.2200012,463.4100037,180.842926,5995.540039
11/11/2024,144.8712769,222.6144867,411.5094299,206.8399963,180.7053223,179.0924072,579.8340454,350,467.3599854,176.1849518,6001.350098
11/12/2024,147.8931427,222.6144867,416.4513245,208.9100037,182.045929,180.3535309,581.4746094,328.4899902,466.2900085,173.5359344,5983.990234
11/13/2024,145.8785553,223.4980469,418.5875549,214.1000061,179.2355957,177.6326141,576.6821289,330.2399902,468.1000061,170.936142,5985.379883
11/14/2024,146.3672791,226.5757294,420.2512512,211.4799957,176.1174469,174.3556519,573.8583984,311.1799927,467.7000122,167.7848816,5949.169922
11/15/2024,141.6000671,223.3789368,408.5461731,202.6100006,172.6814575,171.2872009,550.9103394,320.7200012,470.2799988,162.3292847,5870.620117
11/18/2024,139.7749329,226.3771515,409.2944336,201.6999969,175.5712433,174.0776215,551.2286377,338.7399902,472.2000122,163.146637,5893.620117
11/19/2024,146.6165771,226.6352997,411.2928467,204.6100006,178.3318939,176.8779297,557.8803101,346,468.8599854,162.8314972,5916.97998
11/20/2024,145.499588,227.3501129,409.0286255,202.8800049,176.0975494,174.7528534,562.2849121,342.0299988,468.8299866,160.7634888,5917.109863
11/21/2024,146.2774811,226.8735809,407.2629089,198.3800049,168.0637817,166.4611053,559.8688354,339.6400146,472.0599976,161.4429932,5948.709961
11/22/2024,141.5701294,228.2138367,411.3368225,197.1199951,165.4123535,163.611084,555.9415283,352.5599976,476.5700073,161.7285767,5969.339844
11/25/2024,231.1922302,135.6560059,413.1025085,201.4499969,168.2524567,166.4809265,561.8773804,338.5899963,477.4299927,162.3095856,5987.370117
11/26/2024,233.3664551,136.5535889,422.1775513,207.8600006,169.4341888,167.9407043,570.2590942,338.230011,478.5599976,162.2308044,6021.629883
11/27/2024,233.2373657,134.9777985,417.2454224,205.7400055,169.6327972,168.0499268,565.9439697,332.8900146,483.0799866,157.2380219,5998.740234
11/29/2024,235.6200867,137.8800354,417.7090149,207.8899994,169.3050842,167.7718811,571.034668,345.1600037,483.019989,159.6113129,6032.379883
12/2/2024,237.8638153,138.2590179,425.1269531,210.7100067,171.777771,170.2941589,589.4387207,357.0899963,477.3299866,163.9738312,6047.149902
12/3/2024,240.9017639,139.8846741,425.3439636,213.4400024,171.8175354,170.1452026,610.1396484,351.4200134,470.1900024,165.5888519,6049.879883
12/4/2024,241.2591858,144.7515717,431.4794922,218.1600037,174.8661652,173.1540833,610.2689209,357.9299927,468.3200073,167.9621429,6086.490234
12/5/2024,241.2889557,144.681778,436.6088867,220.5500031,173.0985565,171.4361572,605.4465942,369.4899902,470.5700073,167.8735046,6075.109863
12/6/2024,241.0903778,142.0686188,437.54599,227.0299988,175.2634125,173.4917297,620.2017822,389.2200012,470.5,176.795517,6090.27002
12/9/2024,244.9722595,138.4480591,439.962677,226.0899963,176.0686951,174.3466797,610.0601196,389.7900085,463.8699951,176.2145081,6052.850098
12/10/2024,245.9848633,437.3091736,134.7178192,225.0399933,185.4437866,184.0895233,400.9899902,615.7772217,462.4899902,169.1931,6034.910156
12/11/2024,244.7140961,138.9467621,442.8923645,230.2599945,195.5644836,194.2598114,424.769989,629.060791,461.3900146,180.4096222,6084.189941
12/12/2024,246.1735077,443.4545593,136.9819031,228.9700012,192.5024414,190.8399048,418.1000061,627.1815796,458.6300049,177.9083099,6051.25
12/13/2024,246.3422852,441.1957397,133.8999634,227.4600067,190.2655334,188.7123871,436.230011,616.8012085,221.3759918,457.8999939,6051.089844
12/16/2024,249.2313232,445.4570313,131.6558228,232.9299927,197.0060425,195.5124817,463.019989,621.1697388,246.1921539,455.2000122,6074.080078
12/17/2024,251.6537476,448.2880554,130.0500336,231.1499939,195.9720917,194.2796936,479.8599854,616.3932495,236.5709839,455.6600037,6050.609863
12/18/2024,246.2628632,431.4499207,128.5738983,220.5200043,189.0426788,187.3006592,440.1300049,594.2527466,220.2139587,446.5899963,5872.160156
12/19/2024,247.9903259,431.0947876,130.3392487,223.2899933,188.5953064,187.4100189,436.1700134,592.6407471,214.9947357,449.3399963,5867.080078
12/20/2024,252.6564789,134.3488007,430.6706543,224.9199982,191.836319,190.2931213,421.0599976,582.371521,217.4270935,453.2000122,5930.850098
12/23/2024,253.4308472,139.3058319,429.3389587,225.0599976,194.8486633,193.4943237,430.6000061,596.8996582,229.4240723,454.3500061,5974.069824
12/24/2024,256.3397827,139.8544159,433.3635254,229.0500031,196.4194794,194.9656677,462.2799988,604.7608032,236.6617584,458.6600037,6040.040039
12/26/2024,257.1538391,139.565155,432.1600647,227.0500031,195.9522095,194.4586639,454.1300049,600.3823853,242.2702179,459.0799866,6037.589844
12/27/2024,253.7485352,136.6527557,424.683075,223.75,192.9100189,191.6352081,431.6600037,596.8598022,238.7056885,456.5100098,5970.839844
12/30/2024,250.3829498,137.1315308,419.0604858,221.3000031,191.5679016,190.1241302,417.4100037,588.3319702,232.6134033,452.1600037,5906.939941
12/31/2024,248.6158142,133.9398499,415.7756653,219.3899994,189.3310089,188.1953888,403.8399963,582.6303101,228.9204865,453.2799988,5881.629883
1/2/2025,242.0931396,137.9493713,412.8953247,220.2200012,189.5198822,188.324646,596.2926636,379.2799988,229.0587311,451.1000061,5868.549805
1/3/2025,241.6066742,144.0933228,417.6005859,224.1900024,192.0053558,190.6708832,410.4400024,601.6561279,229.6215668,453.5599976,5942.470215
1/6/2025,149.0403595,243.2348328,422.0394592,227.6100006,196.8072205,195.7212677,411.0499878,627.1003418,233.4329529,451.4100037,5975.379883
1/7/2025,240.4649658,139.7745819,416.6338806,195.5644836,222.1100006,194.3493042,614.8509521,394.3599854,225.7608032,452.9200134,5909.029785
1/8/2025,240.9514008,139.7446747,418.7941284,222.1300049,194.2521667,192.8182678,394.9400024,607.7161255,226.4223633,451.8399963,5918.25
1/10/2025,235.1435852,135.5556335,413.2603455,192.045105,218.9400024,190.9194031,612.8309326,394.7399902,221.485321,442.6600037,5827.040039
1/13/2025,232.7112122,132.8826447,411.5242004,218.4600067,191.1702118,189.895462,403.3099976,605.3379517,222.4529572,443.9100037,5836.220215
1/14/2025,231.5992737,131.4164429,410.0248718,217.7599945,189.9374542,188.5533142,396.3599854,591.3272095,221.8704071,450.0299988,5842.910156
1/15/2025,236.156189,135.8847809,420.5203857,223.3500061,195.8329163,194.4089508,428.2200012,614.0847168,225.1288605,458.5100098,5949.910156
1/16/2025,226.615448,133.221756,418.8138428,220.6600037,193.2778625,191.7843475,413.8200073,608.293396,226.5211029,462.8099976,5937.339844
1/17/2025,228.3230438,137.3509369,423.2033997,225.9400024,196.3995819,194.8563232,426.5,609.7561035,234.4499817,467.9500122,5996.660156
1/21/2025,140.4627991,221.0359344,422.6806641,230.7100067,198.4674835,196.8943634,424.0700073,613.4280396,237.283844,468.5700073,6049.240234
1/22/2025,146.6865692,440.1402588,222.2173615,235.0099945,198.8651428,197.2124939,415.1099854,620.4332886,237.8762817,460.5100098,6086.370117
1/23/2025,146.8361359,440.6433105,222.0486145,235.4199982,198.4177856,196.8247681,412.3800049,633.3196411,237.2541962,459.8299866,6118.709961
1/24/2025,142.2481232,438.0292969,221.1749268,234.8500061,200.7242889,199.0417633,644.3054199,406.5799866,241.6185455,463.1900024,6101.240234
1/27/2025,228.2039337,428.6582947,118.1112366,235.4199982,192.6416321,190.6907654,656.6343994,397.1499939,474.7000122,199.5846405,6012.279785
1/28/2025,236.5433807,441.1266785,128.6537018,238.1499939,195.9224091,194.1604156,671.0133667,398.0899963,469.9700012,204.748764,6067.700195
1/29/2025,237.6354828,436.3227844,123.3774719,237.0700073,196.031723,194.2697601,673.1627808,389.1000061,469.2600098,203.7514954,6039.310059
1/30/2025,235.8782196,409.3540955,124.3249969,234.6399994,201.4499969,199.6978912,683.6209717,400.2799988,212.9442749,472.3500061,6071.169922
1/31/2025,234.2996826,409.4231873,119.7569351,237.6799927,204.4027252,202.8295288,685.7902832,404.6000061,218.4836121,468.6700134,6040.529785
2/3/2025,226.3672485,405.3394165,116.3558273,237.4199982,201.4599304,200.0558014,694.0296631,383.6799927,214.9881592,464.6099854,5994.569824
2/4/2025,231.1227264,406.7696838,118.3406296,242.0599976,206.5004272,205.175766,700.7265015,392.2099915,219.6289825,467.4899902,6037.879883
2/5/2025,230.7951355,407.6771851,124.5045319,236.1699982,192.1743622,190.2135773,701.4031982,378.1700134,229.078476,473.730011,6061.47998
2/6/2025,231.5397339,128.3444824,410.172821,238.8300018,192.1842651,190.4819946,708.4881592,374.3200073,228.4465485,477.2200012,6083.569824
2/7/2025,225.9899902,129.5014496,404.1852722,229.1499939,186.0502167,184.2585297,711.0057373,361.6199951,222.038269,472.7399902,6025.990234
2/10/2025,226.2583466,133.221756,406.6217041,233.1399994,187.1040192,185.3819427,713.871521,350.730011,232.0801849,470.1700134,6066.439941
2/11/2025,231.197937,132.4537506,405.852356,232.7599945,185.9806366,184.2386627,716.2597656,328.5,232.0801849,472.6099854,6068.5
2/12/2025,235.4219666,130.7980804,403.4849243,228.9299927,184.3501587,182.53862,721.8121948,336.5100098,233.3737183,471.730011,6051.970215
2/13/2025,240.0534821,134.9372406,404.9645691,230.3699951,186.7859039,185.0538483,724.9766235,355.9400024,232.8306427,480.4899902,6115.069824
2/14/2025,243.1047058,138.4879761,402.8832397,228.6799927,185.7817841,184.1491547,733.0467529,355.8399963,230.1053772,479.5899963,6114.629883
2/18/2025,242.9755096,139.0365448,404.0767517,226.6499939,184.7180023,182.6976776,712.8466187,354.1099854,225.6521606,482.8200073,6129.580078
2/19/2025,243.3730469,138.8669586,409.1370544,226.6300049,186.0402832,184.1889496,700.3084717,360.5599976,225.8496552,483.769989,6144.149902
2/20/2025,244.3272247,139.7446747,411.3016663,222.8800049,185.5531158,183.4830627,691.4224854,354.3999939,223.8847504,481.7999878,6117.52002
2/21/2025,244.0489044,134.0794983,403.4735718,216.5800018,180.5225677,178.6116638,680.1879883,337.7999878,215.9064636,478.7399902,6013.129883
2/24/2025,245.5894318,129.9403229,399.312439,212.7100067,180.1348572,178.204071,664.8438721,330.5299988,498.4200134,205.3115997,5983.25
2/25/2025,245.5297852,126.2998276,393.2832031,212.8000031,176.3370972,174.3964081,654.2661133,302.7999878,499.8200073,199.9894562,5955.25
2/26/2025,238.8906403,130.9377136,395.09198,214.3500061,173.6826477,171.7220917,670.3865356,290.7999878,494.1000061,210.2585144,5956.060059
2/27/2025,235.8493652,387.9755249,119.8367233,208.7400055,169.2187958,167.5167999,655.0024414,281.9500122,502.4100037,195.3091431,5861.569824
2/28/2025,240.3615875,124.5942917,392.3837585,212.2799988,171.2170868,169.2864075,664.9134521,292.980011,513.8300171,196.9186249,5954.5
3/3/2025,236.5748596,383.9823914,113.7626038,205.0200043,167.6778412,166.0354614,651.828186,284.6499939,510.0799866,185.010498,5849.720215
3/4/2025,234.4877167,384.1009827,115.6875763,203.8000031,171.6048431,169.9226837,636.8522339,272.0400085,495.8599854,185.1191101,5778.149902
3/5/2025,234.2988892,396.3670044,116.9941559,208.3600006,173.970993,172.0104218,653.2411499,279.1000061,498.5,189.1674957,5842.629883
3/6/2025,233.8914032,392.2849121,110.2817154,200.6999969,173.1955109,171.3443451,624.8415527,497.8399963,263.4500122,177.1902161,5738.52002
3/7/2025,237.6085358,388.74646,112.3961868,174.7265472,199.25,172.8455353,622.5827026,495.6199951,262.6700134,192.5049438,5770.200195
3/10/2025,226.0893707,375.7489929,106.7010651,194.5399933,167.0228424,165.0920563,595.0488281,497.1000061,182.1272583,222.1499939,5614.560059
3/11/2025,219.489975,376.0357361,108.4764175,196.5899963,165.2014313,163.2706299,602.730896,496.25,230.5800018,187.6962433,5572.069824
3/12/2025,215.6535645,378.8229675,115.4488449,198.8899994,168.2072754,166.3262329,616.5127563,495.9400024,248.0899963,191.7841034,5599.299805
3/13/2025,208.3981781,374.3751526,115.2892532,193.8899994,163.9572754,161.9966583,587.7349243,504.25,240.6799927,188.9502258,5521.52002
3/14/2025,212.184906,121.3639297,384.0515747,197.9499969,166.833725,164.7138367,605.1494141,514.5999756,249.9799957,193.0776062,5638.939941
3/17/2025,212.6917877,384.1899719,119.2293091,195.7400055,165.7886658,163.5194397,602.4603882,523.0100098,238.0099945,192.050705,5675.120117
3/18/2025,211.3897858,379.0700684,115.1396255,192.8200073,161.9069366,159.9164429,580.0112305,523.1400146,186.2941284,225.3099976,5614.660156
3/19/2025,213.9242096,383.3201904,117.2243576,195.5399933,165.5000305,163.1213379,581.7044067,525.2700195,235.8600006,193.1072388,5675.290039
3/20/2025,212.7911682,382.351532,118.2318192,194.9499969,164.2757874,162.0364532,583.6365967,528.7299805,236.2599945,188.7098846,5662.890137
3/21/2025,216.9356689,386.7203064,117.4039078,196.2100067,165.4701538,163.220871,593.8452759,521.9099731,248.7100067,189.8191223,5667.560059
3/24/2025,219.3806305,121.1045914,388.5191345,203.2599945,169.1328888,166.8935547,616.3540039,525.8499756,278.3900146,189.4130402,5767.569824
3/25/2025,222.3821869,390.5749817,120.3863907,205.7100067,171.9794922,169.7600555,623.7839966,288.1400146,528.8699951,186.4517975,5776.649902
3/26/2025,220.1757507,385.4452209,113.4738235,201.1300049,166.3559723,164.2858276,608.5158081,533.210022,272.0599976,177.5481262,5712.200195
3/27/2025,222.4815826,386.0480957,111.1496887,201.3600006,163.3103485,161.4790802,600.1497192,534.5200195,273.1300049,170.3380432,5693.310059
3/28/2025,216.5679474,374.4048157,109.3941116,192.7200012,155.3279419,153.6061859,574.4138794,526.3099976,263.5499878,167.4956207,5580.939941
3/31/2025,220.7720795,371.0343933,108.1073532,190.2599945,155.4971466,153.9147339,574.0354004,532.5800171,259.1600037,165.8218536,5611.850098
4/1/2025,221.825592,377.7554626,109.8729095,192.1699982,158.1347351,156.3333282,583.6365967,532.9899902,268.4599915,166.9013672,5633.069824
4/2/2025,222.5213318,377.7060852,110.1422272,196.0099945,158.1148376,156.3034668,581.5750122,537.7199707,282.7600098,170.437088,5670.970215
4/3/2025,201.9478607,368.7808228,101.5439072,178.4100037,151.9140472,150.0131073,529.4758911,530.1599731,267.2799988,152.5307312,5396.52002
4/4/2025,187.2284088,355.6648254,94.07276154,171,147.0469971,144.9171295,502.694397,493.5400085,239.4299927,144.8848724,5074.080078
4/7/2025,353.7077637,180.350708,97.39437103,175.2599945,148.5399628,146.0617218,514.1678467,490.3800049,233.2899933,152.6594849,5062.25
4/8/2025,350.446106,171.3659668,96.05775452,170.6600037,145.8924561,144.0213318,508.3912964,492.6400146,221.8600006,154.5313263,4982.77002
4/9/2025,197.6344147,385.9591675,114.0423965,191.1000061,160.3045044,157.9656372,583.4075317,521.4099731,272.2000122,183.3716583,5456.899902
4/10/2025,376.9252625,189.2559357,107.2994003,181.2200012,154.6412048,152.1032715,544.0866699,515.8099976,252.3999939,170.6450806,5268.049805
4/11/2025,196.9386749,383.9428711,110.6509399,184.8699951,158.6522827,156.4029999,541.3777466,524.1099854,252.3099976,180.1924896,5363.359863
4/14/2025,201.2819672,383.3102722,110.4314957,160.7125702,182.1199951,158.3239594,529.3364258,529.5200195,252.3500061,176.6468658,5405.970215
4/15/2025,200.9042969,381.2543945,111.9177475,157.9356537,179.5899963,155.576889,519.416626,528.1699829,254.1100006,177.2312012,5396.629883
4/16/2025,193.0823822,367.2982178,104.2271423,154.7705994,174.3300018,152.6108856,500.2841187,516.4500122,241.5500031,172.9328918,5275.700195
4/17/2025,195.7758484,363.5126953,101.2346878,152.6406403,172.6100006,150.4510651,499.457489,518.210022,241.3699951,169.3476563,5282.700195
4/21/2025,191.9791718,354.9531555,96.66622162,149.1570435,146.9774017,167.3200073,482.7052917,506.9200134,227.5,164.6135864,5158.200195
4/22/2025,198.5189514,362.5638123,98.64123535,153.1780853,173.1799927,150.7595825,498.2622986,520.789978,237.9700012,167.9512024,5287.759766
4/23/2025,203.3492584,370.0460205,102.451622,180.6000061,156.9801788,154.6214142,518.1716919,526.8099976,250.7400055,175.2108002,5375.859863
4/24/2025,207.0961914,382.8062439,106.162262,186.5399933,160.7125702,158.5329437,530.9998169,531.6400146,259.5100098,186.3428192,5484.77002
4/25/2025,208.0006409,387.3034058,110.730751,188.9900055,163.0814209,161.2003937,545.0628052,530.960022,284.9500122,190.4628754,5525.209961
4/28/2025,208.8553619,386.6214294,108.4564743,187.6999969,161.6581421,159.8567047,547.5228271,530.9400024,285.8800049,190.6213531,5528.75
4/29/2025,209.9188538,389.4680176,108.7457428,187.3899994,161.2998047,159.408844,552.2038574,292.0299988,534.5700073,189.3338165,5560.830078
4/30/2025,211.2009583,390.6738586,108.6459961,184.4199982,160.1352997,158.0552216,546.7857666,533.25,282.1600037,190.6213531,5569.060059
5/1/2025,420.4641113,212.0159454,111.3292313,190.1999969,162.0263824,160.5434875,569.9022217,530.2299805,280.519989,195.4346619,5604.140137
5/2/2025,430.2295227,204.0946808,114.2119675,189.9799957,165.0322113,163.2606659,594.6121216,539.7999878,287.2099915,201.6840668,5686.669922
5/5/2025,431.1091919,197.6741486,113.5336761,165.2711182,186.3500061,163.4398651,596.8530884,280.2600098,512.1500244,198.7920837,5650.379883
5/6/2025,428.2823486,197.2964478,113.2543869,164.4250793,162.4644165,185.0099945,584.9412231,512.3300171,275.3500061,198.1681519,5606.910156
5/7/2025,428.3219299,195.050293,116.7655258,188.7100067,152.0832672,150.6699982,594.4029541,518.2199707,276.2200012,202.8428192,5631.279785
5/8/2025,433.085968,196.2827301,117.0747452,192.0800018,155.0194092,153.5564117,595.5981445,284.8200073,513.25,205.7743988,5663.939941
5/9/2025,433.6394653,197.3163605,116.3565598,193.0599976,153.655838,152.0335846,590.1004028,298.2600098,513.7399902,206.2002411,5659.910156
5/12/2025,444.0473022,209.7761383,122.6905899,208.6399994,158.8314514,157.7167969,636.8510742,318.3800049,514.2999878,219.4517517,5844.189941
5/13/2025,443.9287109,129.6031342,211.9058228,211.3699951,160.1352997,158.7817688,653.3840942,334.0700073,230.1876221,511.8800049,5886.549805
5/14/2025,447.6845703,134.999527,211.3087158,210.25,166.0275421,164.5943909,656.7006836,347.6799927,229.8905182,503.3999939,5892.580078
5/15/2025,448.6946106,134.4908142,210.4329529,205.1699982,164.6241455,163.190979,641.2831421,342.8200073,230.4055176,507.3299866,5916.930176
5/16/2025,449.8234253,135.0593872,210.2438812,205.5899963,166.6446228,165.410553,637.7574463,349.980011,514.3099976,226.4142303,5958.379883
5/19/2025,454.378418,135.2289581,207.7758026,206.1600037,167.0825653,165.7589111,637.8470459,342.0899963,228.4148407,512.3900146,5963.600098
5/20/2025,453.6852722,134.0419617,205.865036,204.0700073,164.5445404,163.210907,634.5305176,343.8200073,229.4547272,508.7399902,5940.459961
5/21/2025,448.1400757,131.4684448,201.117981,201.1199951,169.2622681,167.7694397,632.9369507,334.6199951,227.5234833,507.0299988,5844.609863
5/22/2025,450.4076538,132.4958649,200.3914795,203.1000061,171.1732788,170.0685883,634.0026245,341.0400085,228.3157806,503.5700073,5842.009766
5/23/2025,445.773468,130.9597168,194.3307953,200.9900055,168.7944641,167.6798553,624.5310059,339.3399963,226.5231628,503.4599915,5802.819824
5/27/2025,456.1805725,135.1591492,199.2470398,206.0200043,173.1638947,172.0890808,639.7294312,362.8900146,233.3865967,509.1600037,5921.540039
5/28/2025,452.8831482,134.470871,199.4560242,204.7200012,172.5667267,171.5516052,640.984375,356.8999939,237.1302795,503.1099854,5888.549805
5/29/2025,454.1902771,138.8398438,198.988266,205.6999969,172.1487122,171.0539551,642.4483032,358.4299927,239.6458893,506.1799927,5912.169922
5/30/2025,455.8537903,134.7900696,199.8839417,205.0099945,172.0391998,170.9345245,644.8786011,346.4599915,239.7449493,503.9599915,5911.689941
6/2/2025,457.4480591,137.0344238,200.7298431,206.6499939,169.5708313,168.2372131,668.1941528,342.6900024,246.321167,502.8099976,5935.939941
6/3/2025,458.4382935,140.8647308,202.2922974,205.7100067,166.9233246,165.4006042,664.1605225,344.269989,254.3829803,497.8299866,5970.370117
6/4/2025,459.3294678,141.562973,201.8444824,207.2299957,168.5954285,167.2618256,685.175415,332.0499878,258.5723267,491,5970.810059
6/5/2025,463.1022034,139.6378326,199.6650085,207.9100037,169.0134735,167.4210815,681.8588867,257.4334106,284.7000122,488.7399902,5939.299805
6/6/2025,465.7757568,141.3635101,202.9391785,213.5700073,174.0995178,172.8654175,694.8959961,244.5582581,295.1400146,493.5299988,6000.359863
6/9/2025,468.1225891,142.2711945,200.4810791,216.9799957,177.0093079,175.4762878,691.2608032,308.5799866,241.9337311,493.3299866,6005.879883
6/10/2025,466.3104553,143.5978699,201.6951904,217.6100006,179.3809662,177.9775543,699.5671387,326.0899963,242.280365,491.1300049,6038.810059
6/11/2025,467.993866,142.4805908,197.8238983,213.1999969,178.1652374,176.7319031,691.3404541,326.4299927,250.4808502,488.1400146,6022.240234
6/12/2025,474.1826477,144.6452789,198.2418823,213.2400055,176.3516083,175.0876312,690.5634766,319.1099854,253.6104889,490.3399963,6045.259766
6/13/2025,470.3109436,141.6227112,195.5050964,212.1000061,175.2654266,174.0612488,680.1158447,325.3099976,246.311264,487.5400085,5976.970215
6/16/2025,474.4499817,144.3360443,197.4656219,216.1000061,177.318222,176.1539307,699.8262939,329.1300049,249.6786041,490.230011,6033.109863
6/17/2025,473.3607788,143.7674255,194.6990051,214.8200073,176.6107025,175.336792,694.9523315,316.3500061,246.9748077,483.480011,5982.720215
6/18/2025,475.5391846,145.1240997,195.634491,212.5200043,173.3720551,172.7159729,693.4970703,322.0499878,248.8466644,485.1400146,5980.870117
6/20/2025,472.7270203,143.4981079,200.0332184,209.6900024,167.1438904,166.0592194,680.1208496,322.1600037,248.1716309,484.8500061,5967.839844
6/23/2025,481.2428284,143.8173218,200.5308228,208.4700012,165.4298706,164.6142883,696.2480469,348.6799927,251.9241333,487.769989,6025.169922
6/24/2025,485.3126526,147.5381927,199.3365936,212.7700043,167.1538544,166.1887817,709.8733521,340.4700012,261.8513794,493.480011,6092.180176
6/25/2025,153.9324951,487.4514771,200.5905151,211.9900055,170.8907471,170.085144,706.3648071,327.5499878,262.7250061,486.2099915,6092.160156
6/26/2025,154.6407776,492.58078,200.0332184,217.1199951,173.8204803,172.9351807,723.7179565,325.7799988,268.2048645,485.0499878,6141.02002
6/27/2025,157.36409,491.0855713,200.1128235,223.3000031,177.9077911,177.6470642,731.2333984,267.3908081,323.6300049,485.6799927,6173.069824
6/30/2025,157.6035156,492.5411377,204.1831512,219.3899994,176.7701263,175.6158142,735.678894,273.6449585,317.6600037,485.769989,6204.950195
7/1/2025,152.9249878,487.2336121,206.8204346,220.4600067,176.2918091,175.2271729,716.8704224,262.8143311,300.7099915,489.6099854,6198.009766
7/2/2025,156.8653107,486.28302,211.4182129,219.9199982,179.1318359,178.0174103,711.2388916,267.9367981,315.6499939,480.480011,6227.419922
7/3/2025,158.9501953,493.9571533,212.5228577,223.4100037,179.9190979,178.9043121,716.6611938,273.1784058,315.3500061,485,6279.350098
7/7/2025,157.8529053,492.8481445,208.9401855,223.4700012,176.9395599,176.1738586,716.0032349,272.1856689,293.9400024,478.0299988,6229.97998
7/8/2025,159.6085968,491.7589111,208.9998779,219.3600006,174.5479126,173.7523346,718.3157349,269.8229675,297.8099976,477.4700012,6225.52002
7/9/2025,162.4815521,498.5814819,210.1244354,222.5399933,177.0391998,176.0044403,730.3861694,275.8786011,295.8800049,478.9100037,6263.259766
7/10/2025,163.6985626,496.5713196,211.3883514,222.2599945,178.0755463,177.000946,724.8641968,273.3968201,309.8699951,478.269989,6280.459961
7/11/2025,164.5165558,498.3933105,210.1443634,225.0200043,180.6764374,179.562027,715.1660767,272.3842163,313.5100098,475.8599854,6259.75
7/14/2025,163.6686401,498.096283,207.6165619,225.6900024,182.1711884,180.9272308,718.5648804,273.5953369,316.8999939,476.3099976,6268.560059
7/15/2025,170.2824097,500.868866,208.1042175,226.3500061,182.4601746,181.3656921,708.0692139,278.8964844,310.7799988,470.1300049,6243.759766
7/16/2025,170.9507599,500.6708374,209.1491699,223.1900024,183.1278381,182.3323212,700.6137085,278.7674255,321.6700134,471.3099976,6263.700195
7/17/2025,172.5767822,506.6912842,209.0098419,223.8800049,184.0545807,182.9402008,699.1185913,284.3664246,319.4100037,473.3999939,6297.359863
7/18/2025,171.9882202,505.0574341,210.1642456,226.1300049,185.2902527,184.4150391,701.9793091,281.2790527,329.6499939,473.7999878,6296.790039
7/21/2025,170.9607544,505.0672913,211.4580078,229.3000031,190.4820404,189.4374695,710.6408081,286.1135864,328.4899902,474.4100037,6305.600098
7/22/2025,166.6213837,500.3241882,213.3687592,227.4700012,191.4386902,190.6731415,702.5075684,276.5635986,332.1099854,478.1300049,6309.620117
7/23/2025,170.3621979,500.918335,213.1199646,228.2899933,190.8407745,189.5670166,711.2489014,281.6265259,332.5599976,482.6300049,6358.910156
7/24/2025,173.3150024,505.879303,212.731842,232.2299957,192.5248718,191.5002594,712.4649048,286.6099854,305.2999878,480.6000061,6363.350098
7/25/2025,173.0755463,508.6816101,212.8512878,231.4400024,193.4018097,192.5067444,710.3518066,288.0693054,316.0599976,484.0700073,6388.640137
7/28/2025,176.3176117,507.48349,213.0204468,232.7899933,192.7441101,191.9088287,715.2856445,292.1592712,325.5899963,481.7000122,6389.77002
7/29/2025,175.0806427,507.5527649,210.25383,231.0099945,195.7435913,195.0677795,697.7132568,295.2566528,321.2000122,476.5599976,6370.859863
7/30/2025,178.8314362,508.216217,208.0444946,230.1900024,196.750061,195.8450775,692.9389038,300.4187927,319.0400085,476,6362.899902
7/31/2025,177.4348755,528.2779541,206.5716095,234.1100006,192.1860657,191.2311859,770.9133301,291.5636902,308.269989,471.8800049,6339.390137
8/1/2025,173.2950287,518.9798584,201.406601,189.2862091,214.75,188.4708557,747.5598755,286.5405273,302.6300049,472.8399963,6238.009766
8/4/2025,179.5596619,530.3969727,202.3719177,195.065979,194.36026,211.6499939,773.8338013,295.5544434,309.2600098,459.1099854,6329.939941
8/5/2025,177.8238983,522.5841675,201.9440002,194.6374969,193.9915314,213.75,760.9659424,290.7992859,308.7200012,464.1900024,6299.189941
8/6/2025,178.9810791,519.8016968,212.2243042,196.2318878,195.4065704,222.3099976,769.4680176,299.4757385,319.9100037,468.9100037,6345.060059
8/7/2025,180.3277893,515.7418823,218.9716949,196.5906372,223.1300049,195.835083,759.3411865,301.5505066,322.269989,461.4700012,6340
8/8/2025,182.2530365,516.9300537,228.2468719,201.3838196,200.7180023,222.6900024,766.7868652,302.751709,329.6499939,465.3999939,6389.450195
8/11/2025,181.614624,516.6627197,226.3438873,200.925415,200.2994843,221.3000031,763.368103,301.6894836,339.0299988,464.730011,6373.450195
8/12/2025,182.7119446,524.0595703,228.8047943,203.4465942,202.6313324,221.4700012,787.4191895,310.5545349,340.8399963,470.3900146,6445.759766
8/13/2025,181.1457672,515.484436,232.4712372,202.3205261,201.2561493,224.5599976,777.5316772,306.8417358,339.3800049,477.3099976,6466.580078
8/14/2025,181.5747223,517.3657837,231.9232788,203.1077881,230.9799957,202.2327118,779.5749512,308.9661865,335.5799866,479.2200012,6468.540039
8/15/2025,180.0085449,515.0783691,230.7376556,204.1939545,203.1893616,231.0299988,782.664856,304.1117554,330.5599976,477.2000122,6449.799805
8/18/2025,181.5647278,512.0384521,230.0402374,203.5761261,231.4900055,202.7907715,764.8631592,303.5359802,335.1600037,478.519989,6449.149902
8/19/2025,175.2103271,504.7801819,229.7114563,201.7824249,200.8674927,228.0099945,749.0250854,292.7648926,329.3099976,485.3099976,6411.370117
8/20/2025,174.9709015,500.7698364,225.1781921,199.4904633,198.6253357,223.8099976,745.2772827,289.052124,323.8999939,488.6799927,6395.779785
8/21/2025,174.5519409,500.1251221,224.0722809,199.9189453,199.0538483,221.9499969,736.6854248,287.4935303,320.1099854,488.5899963,6370.169922
8/22/2025,177.5545807,503.0907593,226.9217529,205.9976349,205.3717346,228.8399963,752.3242188,291.8615112,340.0100098,489,6466.910156
8/25/2025,179.3701172,500.144989,226.3239746,208.4291229,207.7633972,227.9400024,750.8391113,292.0898438,346.6000061,486.1799927,6439.319824
8/26/2025,181.3253326,497.9430847,228.4660339,207.2233124,206.4180756,228.7100067,751.6364746,295.8423157,351.6700134,492.2099915,6465.939941
8/27/2025,181.1557617,502.6047363,229.6417084,207.4824219,206.756897,229.1199951,744.9384766,298.06604,349.6000061,495.7200012,6481.399902
8/28/2025,179.729248,505.4810791,231.7040863,211.6278839,210.9023895,231.6000061,748.65625,306.4049377,345.980011,499.8599854,6501.859863
8/29/2025,173.753891,502.5551453,231.2856293,212.7838593,212.1679688,229,736.2868042,295.2268677,333.8699951,502.980011,6460.259766
9/2/2025,170.3621979,500.9979553,228.8745422,211.2492218,210.6134033,225.3399963,732.7084961,296.0706787,329.3599854,501.1400146,6415.540039
9/3/2025,170.2025909,501.2260742,237.5923462,230.29245,229.8561096,225.9900055,734.6421509,300.1904907,334.0899963,501.4899902,6448.259766
9/4/2025,171.2400665,503.824707,238.8975067,231.8470001,231.490387,235.6799927,746.2043457,303.8735046,338.5299988,506.9100037,6502.080078
9/5/2025,166.6114197,490.9605408,238.8078461,234.3482056,234.1809845,232.3300018,749.9918823,332.4541016,350.8399963,499.769989,6481.5
9/8/2025,167.8982391,494.1344299,237.0045166,233.5503082,233.4329071,235.8399963,749.8423462,343.1358032,346.3999939,493.7799988,6495.149902
9/9/2025,170.3422546,494.3427429,233.4875183,239.3152618,239.0084076,238.2400055,763.1986084,334.2211609,346.9700012,492.7200012,6512.609863
9/10/2025,176.8961945,496.2867126,225.9553375,238.9362335,238.5496216,230.3300018,749.5234375,366.8818359,347.7900085,490.0799866,6532.040039
9/11/2025,176.7465363,496.9215088,229.1834106,240.1530609,239.7464905,229.9499969,748.4470215,357.0141296,368.8099976,496.9100037,6587.470215
9/12/2025,177.3950195,505.7389221,233.2085419,240.7515106,240.1753845,228.1499939,753.1216431,357.2523499,395.9400024,493.7399902,6584.290039
9/15/2025,177.3251648,511.1544189,235.8288574,251.1044769,250.9573517,231.4299927,762.2019043,361.4416504,410.0400085,491.5400085,6615.279785
9/16/2025,174.4620209,504.8859558,237.2734985,250.7653809,250.5084991,234.0500031,776.4552002,357.3814087,421.6199951,490.9899902,6606.759766
9/17/2025,169.8829803,505.8579407,238.1104431,249.1994629,248.8827515,231.6199951,773.1858521,425.8599854,343.6520691,492.3299866,6600.350098
9/18/2025,175.8187561,504.3008118,237.0045166,251.6730042,251.376236,231.2299957,777.7010498,416.8500061,342.8380127,490.5,6631.959961
9/19/2025,176.2477417,513.7033691,244.5964508,254.5754395,254.0592804,231.4799957,775.8372192,426.0700073,342.4309692,492.8500061,6664.359863
9/22/2025,183.1711731,510.2518921,255.1375122,252.2215729,251.8749542,227.6300049,763.1751099,434.2099915,336.901947,493.7099915,6693.75
9/23/2025,178.0035248,505.0744324,253.4936066,251.6829681,251.0072174,220.7100067,753.4404907,425.8500061,337.0511475,494.1000061,6656.919922
9/24/2025,176.5470428,505.986908,251.3813934,247.1847076,246.4989471,220.2100067,758.6867676,442.7900085,337.4190674,497.0899963,6637.970215
9/25/2025,177.2653046,502.8923645,255.9246063,245.9279938,245.1524353,218.1499939,746.9672852,423.3900146,334.2269592,494.9599915,6604.720215
9/26/2025,177.7641144,507.2861938,254.5198059,246.5364075,245.9004822,219.7799988,741.8206177,440.3999939,332.6657104,500.0299988,6643.700195
9/29/2025,181.4153748,510.4005737,253.4936066,243.7237396,243.4169464,222.1699982,741.4716187,443.2099915,326.0726318,499.25,6661.209961
9/30/2025,186.1340637,513.7232666,253.6928558,242.915863,242.4694366,219.5700073,732.4749146,444.7200012,328.0714417,502.7399902,6688.459961
10/1/2025,186.7924805,515.4689331,254.5098419,244.9006805,244.26474,220.6300049,715.479187,459.4599915,331.532074,498.2000122,6711.200195
10/2/2025,188.4385376,511.531311,256.1836853,245.7883606,245.0526886,222.4100037,725.1639404,436,336.2953491,495.9200134,6715.350098
10/3/2025,187.1715698,513.1281128,257.0703735,245.8083191,244.7136078,219.5099945,708.7167358,429.8299866,336.4842834,498.75,6715.790039
10/6/2025,185.0965271,524.2565918,255.745285,250.8551331,249.7803955,220.8999939,713.8035278,453.25,333.6203308,500.019989,6740.279785
10/7/2025,184.5977325,519.7040405,255.5360718,246.486557,245.1225128,221.7799988,711.2302246,433.0899963,334.5351868,502.2999878,6714.589844
10/8/2025,188.65802,520.5668335,257.1102295,244.8208923,243.9854736,225.2200012,715.9779053,438.6900024,343.574585,499.8399963,6753.720215
10/9/2025,192.1097565,518.1369629,253.1050262,241.5793457,240.9034882,227.7400055,731.6072388,435.5400085,343.0972595,496.7399902,6735.109863
10/10/2025,182.7222443,506.7902832,244.3673096,236.8716583,235.9563599,216.3699951,703.4703979,413.4899902,322.8208618,489.1300049,6552.509766
10/13/2025,187.8699188,509.855072,246.7485199,244.003006,243.5166931,220.0700073,713.8433838,435.8999939,354.7121582,491.9299927,6654.720215
10/14/2025,179.5997162,509.3789978,246.8581238,245.548996,244.8133087,216.3899994,706.8117065,429.2399902,342.2121887,495.9700012,6644.310059
10/15/2025,179.4001923,509.2401123,248.4223175,251.0546112,250.3788452,215.5700073,715.6885986,435.1499939,349.3720398,496.3900146,6671.060059
10/16/2025,181.3754578,507.434967,246.5392914,251.2241821,250.8077393,214.4700012,710.2228394,428.75,352.1763611,488.8099976,6629.069824
10/17/2025,182.7820892,509.388916,251.3614807,253.1291962,252.6429749,213.0399933,715.0602417,439.3099976,347.3832092,492.4200134,6664.009766
10/20/2025,182.203476,512.5727539,261.2748413,256.3507996,255.8845367,216.4799957,730.2706909,447.4299927,347.2936707,494.0799866,6735.129883
10/21/2025,180.7270203,513.4356079,261.802887,250.6855774,249.8103485,222.0299988,731.3678589,442.6000061,340.7503967,491.2900085,6735.350098
10/22/2025,179.8491058,516.2921143,257.4988098,251.8724823,251.0371552,217.9499969,731.5074463,438.9700012,338.4035339,491.8099976,6699.399902
10/23/2025,181.7246246,516.3118896,258.6246033,253.0693512,252.4235229,221.0899963,732.0959473,448.980011,342.3713074,490.1600037,6738.439941
10/24/2025,185.8148193,519.3370972,261.8527527,259.8316956,259.2457886,224.2100067,736.4445801,433.7200012,352.1564941,492.1000061,6791.689941
10/27/2025,191.0323181,527.1824951,267.8207092,269.2271729,268.5715332,226.9700012,748.8723145,452.4200134,360.0323486,488.0700073,6875.160156
10/28/2025,200.54953,537.6464233,268.0099792,267.7310791,266.7761841,229.25,749.4907227,460.5499878,370.8914795,481.4400024,6890.890137
10/29/2025,206.5451355,537.1305542,268.707428,274.4535217,273.8577881,230.3000031,749.7200928,383.8289795,461.5100098,475.7600098,6890.589844
10/30/2025,202.4050598,270.4011536,521.4694824,281.1660156,280.7498779,222.8600006,374.3719788,440.1000061,664.7410889,478.519989,6822.339844
10/31/2025,202.0060425,269.374939,513.5844116,281.0862122,280.4606323,244.2200012,456.5599976,367.5700989,646.6680908,477.5400085,6840.200195
11/3/2025,206.3855438,268.0597534,512.810791,283.3802185,282.9840698,254,468.3699951,360.529541,636.0557861,475.6799927,6851.970215
11/4/2025,198.2151184,269.0461731,510.132782,277.3359985,276.8200989,249.3200073,444.2600098,349.9786682,625.692688,487.6600037,6771.549805
11/5/2025,194.7434235,269.145813,503.0213013,284.008606,283.5725403,250.1999969,462.0700073,356.9794312,634.300293,488.769989,6796.290039
11/6/2025,187.6304626,268.7771301,493.043396,284.5970764,284.0113831,243.0399933,445.9100037,353.6083374,617.3344116,493.1499939,6720.319824
11/7/2025,187.7003021,267.4819336,492.7657166,278.9717407,278.10672,244.4100037,429.519989,347.482666,620.097229,499.0599976,6728.799805
11/10/2025,198.5742645,268.6986084,501.8707581,289.833374,289.3474731,248.3999939,445.230011,356.3927612,630.1211548,496.980011,6832.430176
11/11/2025,192.6983337,274.5028381,504.5289001,290.9803772,290.5543518,249.1000061,439.6199951,349.9985657,625.4533081,497.0700073,6846.609863
11/12/2025,193.3368073,272.7276306,506.9688721,286.6816101,285.9663086,244.1999969,430.6000061,353.240387,607.4301758,502.3999939,6850.919922
11/13/2025,186.4134064,272.2090759,499.1828918,278.3932495,277.8474426,237.5800018,338.0853271,401.9899902,608.3079224,513.1099854,6737.490234
11/14/2025,189.7154846,271.6705322,506.0166321,276.2588501,275.6929932,234.6900024,340.5514832,404.3500061,607.8790283,508.9400024,6734.109863
11/17/2025,186.1540375,266.7339478,503.3486023,284.8563843,284.2806702,232.8699951,340.7404175,408.9200134,600.4483643,503.2600098,6672.410156
11/18/2025,180.9265289,266.7140198,489.7604065,284.2180481,283.5426025,222.5500031,338.602417,401.25,596.1395264,504.3699951,6617.319824
11/19/2025,186.0742035,267.8309631,483.1448364,292.2271118,292.0504456,222.6900024,352.4448547,403.9899902,588.7886353,501.2600098,6642.160156
11/20/2025,180.208252,265.5272522,475.4138794,289.2250061,288.6991882,217.1399994,344.8871765,395.230011,587.6217651,501.1199951,6538.759766
11/21/2025,178.4524689,270.7530212,298.8826904,298.8697815,469.1436462,220.6900024,338.3041077,391.0899963,592.7084351,504.0400085,6602.990234
11/24/2025,182.113678,275.1710205,317.7536011,317.6408081,471.0118103,226.2799988,375.8536377,417.7799988,611.4596558,507.8099976,6705.120117
11/25/2025,177.3950195,276.2181396,322.7973633,322.6010132,473.9829712,229.6699982,382.8842468,419.3999939,634.5695801,508.5700073,6765.879883
11/26/2025,179.8291626,276.7965698,319.4460754,319.1200867,482.4393311,229.1600037,395.3543701,426.5799866,631.9663696,511.230011,6812.609863
11/28/2025,176.5769653,278.0930176,319.3494873,319.2865295,488.9082947,233.2200012,400.714325,430.1700134,646.269165,513.8099976,6849.089844
12/1/2025,179.489975,282.3314819,314.2994995,314.0732422,483.6714783,233.8800049,383.9284058,430.1400146,639.2075806,508.5499878,6812.629883
12/2/2025,181.0262909,285.4131165,315.1971741,314.9908447,486.9109497,234.4199982,379.443573,429.2399902,645.4213257,506.6499939,6829.370117
12/3/2025,179.1607666,283.3786621,319.7851868,318.8009033,474.7182922,232.3800049,378.4889221,446.7399902,637.9408569,503.6000061,6849.720215
12/4/2025,182.951889,279.9380493,317.5610046,316.7961121,477.8087158,229.1100006,378.9065552,454.5299988,659.8139648,503.230011,6857.120117
12/5/2025,181.9841461,278.0232544,321.2513428,320.436676,480.1140747,229.5299988,388.0652161,455,671.6730957,504.3399963,6870.399902
12/8/2025,185.1168213,277.1356506,313.8359375,313.1109009,487.9244995,226.8899994,398.8647156,439.5799866,665.0702515,497.230011,6846.509766
12/9/2025,184.5381775,276.4275818,317.129425,316.464386,488.9182129,227.9199982,404.0257874,445.1700134,655.2557983,491.4299927,6840.509766
12/10/2025,183.3509674,278.0232544,320.3731079,319.5883179,475.5430603,231.7799988,410.6685486,451.4500122,648.4434814,490.4299927,6886.680176
12/11/2025,180.5076141,277.275238,313.0873718,311.8234253,480.4221497,230.2799988,404.1053162,446.8900146,651.0168457,495.8500061,6901
12/12/2025,174.6114197,277.5245972,309.9135437,308.6895142,475.5132751,226.1900024,458.9599915,357.9241333,642.5588379,499.519989,6827.410156
12/15/2025,175.8784332,273.3658752,308.7159424,307.621582,471.8266602,222.5399933,475.3099976,646.3570557,337.9162598,506.3800049,6816.509766
12/16/2025,177.3050995,273.8645325,307.1289978,305.9747925,473.3867798,222.5599976,489.8800049,655.9799194,339.3979492,499.8399963,6800.259766
12/17/2025,170.5409393,271.1020508,297.4779053,296.1439209,473.1184387,221.2700043,467.2600098,648.3435059,324.2030945,504.269989,6721.430176
12/18/2025,173.7334595,271.4511108,303.1567688,301.8727722,480.9289246,226.7599945,483.3699951,663.2668457,328.0415955,503.3900146,6774.759766
12/19/2025,180.5674744,272.927124,308.0072937,306.5636597,482.8566895,227.3500061,481.2000122,657.5969849,338.4631653,494.5299988,6834.5
12/22/2025,183.2611694,270.2344666,310.7219543,309.1785583,481.8629761,228.4299927,488.730011,660.3221436,340.1968384,499.9500122,6878.490234
12/23/2025,188.76828,271.6206665,315.063446,313.7396851,483.7807922,232.1399994,485.5599976,663.7559814,348.0379333,500.5100098,6909.790039
12/24/2025,188.1696777,273.0667419,315.0534973,313.4801941,484.9434204,232.3800049,485.3999939,666.3613281,348.9346313,501.3399963,6932.049805
12/26/2025,190.0852051,272.6578064,314.3448792,312.9013367,484.6354065,232.5200043,475.1900024,662.1089478,350.837616,498.2999878,6929.939941
12/29/2025,187.7805939,273.0168762,313.7760315,312.9512329,484.0292358,232.0700073,459.6400146,657.5171509,348.1076965,501.0499878,6905.740234
12/30/2025,187.1021729,272.3386841,313.9356689,313.2406616,484.4068604,232.5299988,454.4299927,664.7642212,348.565979,503.7099915,6896.240234
12/31/2025,186.0646057,271.1220093,313.1871338,312.392334,480.571167,230.8200073,449.7200012,658.9146118,344.8297729,502.6499939,6845.5
