date,cv_role,r_1,r_2,r_3,r_4,r_5,r_6,r_7,r_8,r_9,r_10,r_target,target_level
2016-01-04,always train (rows 1-551),-2.386874,-2.245394,-1.225655,0.085470,-5.755368,-0.628634,-0.976972,-2.331347,-2.180676,-0.757242,-1.530373,2012.660034
2016-01-05,always train (rows 1-551),0.275194,0.099738,0.456202,-2.505893,-0.502362,0.852093,0.382409,0.498918,0.417985,1.373418,0.201223,2016.709961
2016-01-06,always train (rows 1-551),-0.288902,0.140057,-1.816546,-1.956971,-0.179874,-0.832080,0.060954,0.233611,-0.505450,-0.903447,-1.311540,1990.260010
2016-01-07,always train (rows 1-551),-2.413967,-2.317043,-3.478242,-4.220477,-3.905794,-1.600629,-1.408670,-4.904322,-1.165474,-0.549221,-2.370044,1943.089966
2016-01-08,always train (rows 1-551),-1.361642,-1.640993,0.306679,0.528765,-0.146391,-2.020190,-0.888163,-0.602530,-1.068303,-0.971917,-1.083837,1922.030029
2016-01-11,always train (rows 1-551),0.295494,0.218340,-0.057323,1.619269,1.760969,-1.338866,0.023376,0.184933,-0.601054,0.579966,0.085327,1923.670044
2016-01-12,always train (rows 1-551),1.673779,1.402192,0.917742,1.451305,0.024287,2.049104,0.342788,1.907483,0.686708,-0.354849,0.780280,1938.680054
2016-01-13,always train (rows 1-551),-3.457486,-3.513441,-2.159864,-2.571048,-5.839230,0.598410,-1.979816,-3.954902,-1.241870,-1.736025,-2.496545,1890.280029
2016-01-14,always train (rows 1-551),1.642640,2.021234,2.846631,2.187108,4.586920,1.923307,1.441590,3.069977,1.927408,1.630756,1.669591,1921.839966
2016-01-15,always train (rows 1-551),-2.857549,-2.836075,-3.991709,-2.401565,-1.946376,-3.848225,-1.506994,-3.456343,-1.911229,-0.980596,-2.159910,1880.329956
2016-01-19,always train (rows 1-551),1.209019,1.056950,-0.843334,-0.483851,-1.521029,0.754148,1.284289,0.305376,0.515504,0.990307,0.053182,1881.329956
2016-01-20,always train (rows 1-551),-0.072320,-0.475923,0.454910,0.134486,-0.471737,-4.214697,-2.293363,-0.955287,-1.794875,-1.002861,-1.169386,1859.329956
2016-01-21,always train (rows 1-551),1.128663,1.165432,-0.610377,-0.506251,0.568412,1.257206,0.632861,-0.201371,0.198438,3.264290,0.519544,1868.989990
2016-01-22,always train (rows 1-551),2.585748,2.640869,3.585639,5.316722,3.714656,3.333315,1.130392,4.014425,0.844279,2.550699,2.028370,1906.900024
2016-01-25,always train (rows 1-551),-1.588266,-1.872461,-0.956243,-1.952263,0.025151,-3.382522,-2.290620,-0.949547,-0.361732,-0.021259,-1.563798,1877.079956
2016-01-26,always train (rows 1-551),0.023160,0.192501,0.733751,0.553068,0.791243,3.676668,1.417870,0.340177,4.958487,2.594094,1.414434,1903.630005
2016-01-27,always train (rows 1-551),-2.209048,-1.830202,-1.820982,-6.570609,-2.977133,-1.838324,-0.556039,0.968535,-2.968978,1.616565,-1.086348,1882.949951
2016-01-28,always train (rows 1-551),4.281014,4.424358,1.640003,0.717162,8.914032,2.257957,15.521427,0.655004,0.107683,-0.040778,0.552858,1893.359985
2016-01-29,always train (rows 1-551),1.743977,1.640300,5.820192,3.454133,1.116973,-7.609977,2.841169,2.983892,2.121849,1.958799,2.476022,1940.239990
2016-02-01,always train (rows 1-551),1.237286,1.218115,-0.689790,-0.934853,-2.003813,-2.076664,2.566608,-0.855360,-0.067010,1.580914,-0.044324,1939.380005
2016-02-02,always train (rows 1-551),1.315545,1.682188,-3.125561,-2.022183,-2.228352,-3.950871,-0.417046,-2.300643,-0.919837,-1.674534,-1.874309,1903.030029
2016-02-03,always train (rows 1-551),-4.037592,-4.930350,-1.584907,1.979229,5.215197,-1.675243,-3.809094,0.429595,0.705943,1.422518,0.499204,1912.530029
2016-02-04,always train (rows 1-551),-2.582128,-2.605405,-0.306763,0.803474,1.720155,0.977274,-1.952277,0.950574,-0.230428,-0.375303,0.152673,1915.449951
2016-02-05,always train (rows 1-551),-3.598487,-3.451925,-3.538480,-2.670799,0.313188,-0.690525,-6.364447,-5.810467,-3.233942,1.070806,-1.848125,1880.050049
2016-02-08,always train (rows 1-551),0.056833,-0.121445,-1.495200,1.052993,1.348644,0.173832,-2.794097,-4.151053,1.452211,-0.451269,-1.415394,1853.439941
2016-02-09,always train (rows 1-551),-0.445914,-0.678128,-0.263082,-0.021045,-0.435158,0.741444,-1.235404,-0.210538,-0.029414,-1.162767,-0.066362,1852.209961
2016-02-10,always train (rows 1-551),0.831627,0.886285,0.872562,-0.757999,-0.911587,-0.892577,1.744559,1.466745,-0.235372,-0.339025,-0.018895,1851.859985
2016-02-11,always train (rows 1-551),-0.069311,-0.147623,-0.040218,-0.604630,0.315042,2.719784,-1.177126,0.901011,-0.029512,-1.180428,-1.230116,1829.079956
2016-02-12,always train (rows 1-551),0.075040,-0.103961,1.630061,0.309512,1.796468,2.382294,0.647057,0.098125,0.117983,1.457816,1.951805,1864.780029
2016-02-16,always train (rows 1-551),1.520743,1.260255,1.894701,2.819412,0.234490,2.764851,0.382596,-0.392130,0.491091,0.259371,1.651665,1895.579956
2016-02-17,always train (rows 1-551),1.996836,2.518097,2.603254,1.531504,0.960390,2.494721,1.322337,3.533099,0.175922,0.159224,1.648044,1926.819946
2016-02-18,always train (rows 1-551),-1.975516,-1.559857,-0.438746,-1.895665,0.548798,-1.703800,0.460622,-1.644482,1.697543,1.232151,-0.466571,1917.829956
2016-02-19,always train (rows 1-551),0.641098,0.510495,-0.708957,-0.228552,0.060613,1.885717,0.145195,1.063132,0.647438,-0.157081,-0.002603,1917.780029
2016-02-22,always train (rows 1-551),0.961077,0.791845,1.601697,0.874647,-0.133329,4.598989,0.717285,2.476807,0.566401,0.412914,1.445420,1945.500000
2016-02-23,always train (rows 1-551),-1.613061,-1.501870,-2.792029,-2.260515,-1.407960,-1.172479,-0.947041,-1.586422,-0.639601,-0.861582,-1.245437,1921.270020
2016-02-24,always train (rows 1-551),0.503294,0.533167,0.351719,1.489056,0.357055,0.198938,0.221809,1.346482,0.845494,0.375301,0.443979,1929.800049
2016-02-25,always train (rows 1-551),1.140256,0.884839,1.440812,0.686781,0.601048,0.200347,0.976875,1.113399,1.352891,0.570639,1.134828,1951.699951
2016-02-26,always train (rows 1-551),-0.584273,-0.096348,-1.535522,0.155054,-0.317036,0.014409,-0.294762,-0.138809,-0.564000,-0.176086,-0.187011,1948.050049
2016-02-29,always train (rows 1-551),-1.053996,-1.035361,-0.818712,-0.227045,-1.957164,-0.488086,1.705579,-0.926605,-0.538839,-0.568422,-0.812098,1932.229980
2016-03-01,always train (rows 1-551),3.478708,3.015332,3.341201,3.971454,1.409837,4.799827,2.064548,2.712302,1.910481,1.438982,2.386879,1978.349976
2016-03-02,always train (rows 1-551),-0.362450,0.005572,0.703707,0.218811,1.747036,0.202060,-0.153357,0.118389,-0.167906,1.282553,0.409431,1986.449951
2016-03-03,always train (rows 1-551),-1.066987,-0.894500,-1.133177,0.744441,-0.362754,-0.468795,0.080451,-0.336520,-0.364355,-0.441286,0.349874,1993.400024
2016-03-04,always train (rows 1-551),-0.187247,-0.214763,-0.611233,1.487689,-0.133506,-0.406934,0.825786,-1.085965,-0.140674,-0.154173,0.330589,1999.989990
2016-03-07,always train (rows 1-551),-2.385601,-2.212711,-1.921987,-1.106676,2.637012,-2.145567,0.543596,-2.454105,0.225369,0.772064,0.088501,2001.760010
2016-03-08,always train (rows 1-551),0.102423,-0.171192,1.214958,-0.824599,-2.166696,-0.451311,-0.663205,0.189160,-0.487150,0.478839,-1.124011,1979.260010
2016-03-09,always train (rows 1-551),1.664986,1.623999,2.303997,0.089102,-0.278346,-0.141010,0.965168,1.491551,0.583668,-0.228817,0.505239,1989.260010
2016-03-10,always train (rows 1-551),0.931892,1.074796,-1.495079,0.049417,-0.266968,-0.096515,-0.366571,-0.176721,0.280810,-0.038142,0.015580,1989.569946
2016-03-11,always train (rows 1-551),1.734566,1.964041,1.959635,1.077410,0.012151,1.910788,1.464434,1.947448,0.531999,0.401373,1.639550,2022.189941
2016-03-14,always train (rows 1-551),0.720919,0.504960,0.188408,0.254248,0.267723,0.660107,-0.661211,0.438718,-0.046392,0.019062,-0.126097,2019.640015
2016-03-15,always train (rows 1-551),0.043969,-0.295714,0.789959,2.009383,0.497411,0.636583,0.486682,0.709792,0.092875,0.247382,-0.183694,2015.930054
2016-03-16,always train (rows 1-551),0.904667,1.065456,1.418140,1.329110,0.060444,-0.476589,-0.405977,1.364418,-0.324802,1.025260,0.560035,2027.219971
2016-03-17,always train (rows 1-551),0.147875,0.229598,0.570391,-0.160407,1.484211,1.837940,-2.582405,-1.034046,-0.623780,0.789319,0.659524,2040.589966
2016-03-18,always train (rows 1-551),-0.404759,-0.024406,-2.140511,0.113401,0.118927,-0.168532,-1.315601,0.387308,0.711974,-0.727217,0.440564,2049.580078
2016-03-21,always train (rows 1-551),0.893558,0.608740,0.691719,-0.009423,-0.688851,-0.021102,0.344151,0.358909,-0.204592,0.375685,0.098558,2051.600098
2016-03-22,always train (rows 1-551),-0.276850,-0.180562,0.389927,0.764793,0.597960,0.035170,1.173330,0.357633,0.093203,-0.430399,-0.087739,2049.800049
2016-03-23,always train (rows 1-551),-0.327587,-0.363161,-0.184956,-0.552838,-0.439846,1.632531,-0.858057,0.258345,1.043013,-0.563771,-0.638603,2036.709961
2016-03-24,always train (rows 1-551),-0.359062,-0.373970,0.444680,-0.433450,0.274602,2.338354,-0.603012,0.453167,-0.175095,1.228498,-0.037807,2035.939941
2016-03-28,always train (rows 1-551),-0.206641,-0.240696,-1.235919,-0.454235,0.285819,-0.528345,0.842190,0.566129,-0.073880,-0.298701,0.054526,2037.050049
2016-03-29,always train (rows 1-551),1.673972,1.532310,2.185272,2.367142,0.368071,2.412613,0.431737,2.154983,0.840811,1.217169,0.881665,2055.010010
2016-03-30,always train (rows 1-551),0.319900,0.773392,0.621466,1.745903,-0.011841,0.813319,0.394653,-1.239892,-0.146627,-0.018489,0.435032,2063.949951
2016-03-31,always train (rows 1-551),-0.708019,-0.743475,0.326953,-0.520257,-1.100300,-0.843510,-0.407133,-0.523093,-0.715701,0.074032,-0.203976,2059.739990
2016-04-01,always train (rows 1-551),0.887400,0.665809,0.615615,0.917512,-0.753671,0.818678,1.346200,1.717779,0.914999,-0.129457,0.633092,2072.780029
2016-04-04,always train (rows 1-551),-0.591146,-0.616063,-0.251952,1.027379,0.241078,-0.887215,-0.396406,-3.024293,-0.549541,0.759112,-0.320832,2066.129883
2016-04-05,always train (rows 1-551),-0.856076,-1.004980,-1.569530,-1.178893,-1.142403,-1.188492,-1.410421,-0.293201,0.331537,-0.606363,-1.014449,2045.170044
2016-04-06,always train (rows 1-551),1.252339,1.069401,1.026401,1.047256,1.338041,2.719490,0.354108,1.327748,0.431404,-0.009339,1.050762,2066.659912
2016-04-07,always train (rows 1-551),-1.035072,-0.725506,-1.197391,-2.180979,-1.128332,-1.768866,-0.628087,-0.061552,-0.137122,-2.840082,-1.197579,2041.910034
2016-04-08,always train (rows 1-551),-0.085499,-0.152654,-0.073424,0.110554,1.019820,0.535985,0.177544,-2.648713,-0.155539,0.346164,0.278658,2047.599976
2016-04-11,always train (rows 1-551),-0.254130,-0.412627,-0.202156,0.331312,0.132163,0.223679,-0.049619,-1.482455,-0.119183,-1.092372,-0.273979,2041.989990
2016-04-12,always train (rows 1-551),0.895011,0.949592,0.626043,1.302507,1.236209,1.214913,1.000063,1.486409,0.578162,0.658745,0.966213,2061.719971
2016-04-13,always train (rows 1-551),0.993040,1.161359,1.280857,1.448757,0.569073,1.931457,1.151685,-0.090414,0.246320,-1.270441,1.004014,2082.419922
2016-04-14,always train (rows 1-551),0.450849,0.196896,0.018080,0.053569,0.707299,0.964514,-0.222155,0.298628,-0.027286,0.136495,0.017293,2082.780029
2016-04-15,always train (rows 1-551),0.594533,0.770053,0.523862,-2.007157,-0.538446,0.828031,-0.187868,-1.082647,0.309538,-0.019486,-0.098428,2080.729980
2016-04-18,always train (rows 1-551),0.984591,1.002636,1.455505,-2.157489,0.953246,1.511446,0.648315,0.738788,0.680697,0.740070,0.654103,2094.340088
2016-04-19,always train (rows 1-551),-1.451086,-1.654036,-0.123944,-0.530333,0.501291,-1.172580,1.087403,1.665898,1.577545,0.676563,0.308449,2100.800049
2016-04-20,always train (rows 1-551),-0.171334,-0.167133,-1.418711,0.205808,0.684373,0.810637,0.095923,0.115765,0.798785,-0.633685,0.076154,2102.399902
2016-04-21,always train (rows 1-551),0.655562,0.859597,0.341795,-1.082819,-0.011497,-0.314383,-0.841944,0.907321,-0.008840,-3.323628,-0.519403,2091.479980
2016-04-22,always train (rows 1-551),-5.414125,-5.317851,-0.273634,-7.171053,0.852629,-1.664024,0.862902,-2.538805,-0.220144,1.039396,0.004786,2091.580078
2016-04-25,always train (rows 1-551),0.601820,0.609386,0.637313,-0.567778,-0.228512,0.918614,0.047904,-0.416041,0.167683,0.415389,-0.181205,2087.790039
2016-04-26,always train (rows 1-551),-2.268892,-2.075640,-1.285734,-0.694705,0.343529,-1.488341,0.574642,-1.217079,-0.528564,-0.630422,0.187275,2091.699951
2016-04-27,always train (rows 1-551),-0.539034,-0.324820,-0.972020,0.947122,-6.257767,-1.671311,0.394505,0.119529,-0.124027,2.478165,0.164935,2095.149902
2016-04-28,always train (rows 1-551),-2.273191,-2.099614,-2.041586,-0.486043,-3.056685,-0.753418,-1.036585,7.199933,-0.257176,-1.296155,-0.923077,2075.810059
2016-04-29,always train (rows 1-551),0.399967,0.288007,-0.060157,0.420323,9.566443,-1.149407,-0.403924,0.728161,-0.355570,-0.156814,-0.506309,2065.300049
2016-05-02,always train (rows 1-551),0.922503,0.750317,1.483860,3.678046,0.825777,-0.106670,0.969208,0.841995,0.597762,0.746034,0.780995,2081.429932
2016-05-03,always train (rows 1-551),-0.835672,-0.837849,-1.639965,-1.144395,-1.832271,1.644593,-1.402408,-0.961468,-0.053223,-1.247105,-0.867664,2063.370117
2016-05-04,always train (rows 1-551),0.413584,0.482427,0.180766,-0.062574,-0.192961,-1.040115,-0.407372,0.536493,-0.417078,0.315725,-0.593689,2051.120117
2016-05-05,always train (rows 1-551),0.469512,0.823624,0.140392,0.113699,-1.760322,-0.405919,-0.249584,-0.211752,0.588169,0.000000,-0.023901,2050.629883
2016-05-06,always train (rows 1-551),1.464921,1.381452,0.901055,0.533859,2.254624,-0.557686,0.514311,1.426011,-0.124051,0.550717,0.317464,2057.139893
2016-05-09,always train (rows 1-551),0.544720,0.250321,-0.635033,0.860601,0.067806,0.075500,-1.182403,-0.209224,0.869283,-0.078231,0.075350,2058.689941
2016-05-10,always train (rows 1-551),1.405791,1.442000,3.430674,1.897323,1.603248,0.678932,1.308512,1.056705,0.835367,0.900515,1.248364,2084.389893
2016-05-11,always train (rows 1-551),-1.194258,-1.091031,1.445089,0.058828,-0.481863,-0.974082,-1.319246,-0.813282,-0.261617,-0.756702,-0.956152,2064.459961
2016-05-12,always train (rows 1-551),-0.339455,-0.276792,0.658976,0.901058,0.968353,-2.345729,0.307974,0.635886,-0.122426,0.625667,-0.016947,2064.110107
2016-05-13,always train (rows 1-551),-0.445033,-0.347687,-1.115711,-0.834794,-1.126332,0.199264,-0.390770,-1.332778,-0.586494,-1.029773,-0.847829,2046.609985
2016-05-16,always train (rows 1-551),0.754664,0.796267,1.468302,0.104244,1.026384,3.711945,0.318255,-0.951498,0.774903,0.569334,0.979665,2066.659912
2016-05-17,always train (rows 1-551),-1.384355,-1.432001,-1.865180,-2.165595,-0.044658,-0.415469,-1.064512,-1.112329,-0.533033,-0.644161,-0.941130,2047.209961
2016-05-18,always train (rows 1-551),0.220764,0.056631,0.593959,0.313551,-0.201053,1.144501,0.805191,0.255657,-0.210847,-1.001943,0.020518,2047.630005
2016-05-19,always train (rows 1-551),-0.896425,-0.892945,0.153408,-0.964399,0.850600,-0.380698,-0.480673,-0.713995,-0.651458,-1.508234,-0.370671,2040.040039
2016-05-20,always train (rows 1-551),0.894735,1.345084,0.612726,0.596193,-0.410579,1.082810,0.738695,0.462291,0.526536,0.060408,0.601950,2052.320068
2016-05-23,always train (rows 1-551),-0.617965,-0.774919,-0.860836,-1.165550,-0.156055,1.270743,-0.246779,-1.175964,-0.426118,-1.047128,-0.208546,2048.040039
2016-05-24,always train (rows 1-551),2.200080,2.250644,3.118154,1.069243,0.078123,1.524394,1.576202,1.491754,0.472536,0.895429,1.368138,2076.060059
2016-05-25,always train (rows 1-551),0.691648,0.719341,1.027308,0.589323,0.658040,1.756913,0.257460,0.161441,0.585652,0.544560,0.697474,2090.540039
2016-05-26,always train (rows 1-551),-0.158527,-0.158542,0.926093,-0.441275,-0.509679,0.793002,-0.714880,1.340219,-0.396956,0.621881,-0.021044,2090.100098
2016-05-27,always train (rows 1-551),1.447903,1.179360,0.828681,-0.373471,0.233846,-0.059738,0.209719,-0.075321,0.141694,0.917051,0.428686,2099.060059
2016-05-31,always train (rows 1-551),0.167216,0.417649,1.299688,1.481243,-1.099850,-0.488299,-0.477469,-1.960246,-0.327254,0.553149,-0.100526,2096.949951
2016-06-01,always train (rows 1-551),-0.052073,-0.213415,-0.283027,-0.463481,0.247072,-1.401958,1.031743,-0.025244,0.079826,-0.923381,0.113504,2099.330078
2016-06-02,always train (rows 1-551),-0.559842,-0.510776,1.223170,-0.700083,-0.795542,-0.751593,0.084510,0.126280,1.516276,0.674185,0.282468,2105.260010
2016-06-03,always train (rows 1-551),-1.129971,-1.103497,-0.370752,-1.314786,-0.180759,0.204699,-0.682571,-0.386780,0.235818,0.295486,-0.291181,2099.129883
2016-06-06,always train (rows 1-551),-0.788202,-0.801576,0.164010,0.656477,1.097643,0.725070,0.481797,0.270098,0.880094,-0.412397,0.489728,2109.409912
2016-06-07,always train (rows 1-551),0.141104,0.013962,-0.411427,-0.057524,1.533479,0.405552,-0.289101,-0.867070,-0.034558,2.050799,0.128945,2112.129883
2016-06-08,always train (rows 1-551),1.619495,1.622834,0.400698,-0.115155,0.088207,-0.090885,0.792020,0.534989,0.060492,-0.444384,0.330957,2119.120117
2016-06-09,always train (rows 1-551),-0.055184,0.041180,0.138993,-0.807087,-0.132175,0.717604,-0.210484,0.143585,1.036267,0.834574,-0.171776,2115.479980
2016-06-10,always train (rows 1-551),-1.256537,-1.258589,-1.338554,-0.271215,-0.760989,-0.822872,-0.330452,-1.636295,0.008547,1.385970,-0.917518,2096.070068
2016-06-13,always train (rows 1-551),-0.178655,-0.145970,-0.371911,0.677869,-2.602971,-1.507638,-0.578437,-2.289495,-0.188018,-0.189841,-0.811519,2079.060059
2016-06-14,always train (rows 1-551),0.187183,-0.012533,0.567639,-0.176577,-0.618214,0.123269,0.255428,0.868811,0.282537,0.798950,-0.179889,2075.320068
2016-06-15,always train (rows 1-551),-0.144576,0.090509,-0.700678,-0.298574,-0.280975,-0.328328,-0.601561,-0.295810,-0.606215,-0.283106,-0.184071,2071.500000
2016-06-16,always train (rows 1-551),-1.084395,-1.190676,0.455012,1.175684,1.408704,0.422063,1.096482,-0.183249,0.197603,1.173389,0.313299,2077.989990
2016-06-17,always train (rows 1-551),-2.761477,-2.624023,-1.549804,-0.548159,-0.515969,-2.275743,-0.887393,-1.197661,-0.994512,0.598546,-0.325797,2071.219971
2016-06-20,always train (rows 1-551),0.266915,0.287671,1.078726,0.441002,-0.119680,-0.241296,0.667948,0.309688,0.917902,-0.037187,0.580819,2083.250000
2016-06-21,always train (rows 1-551),0.389457,0.321484,0.253498,2.236890,0.449920,0.851784,1.312911,0.890893,-0.308910,0.632437,0.271206,2088.899902
2016-06-22,always train (rows 1-551),0.224308,0.218421,-0.729238,-0.390704,-0.393326,-0.375392,0.285657,-0.410907,0.240995,-0.129363,-0.165156,2085.449951
2016-06-23,always train (rows 1-551),0.619297,0.632268,1.615540,1.804260,0.691010,0.575658,1.417253,1.027118,0.789971,1.184481,1.336408,2113.320068
2016-06-24,always train (rows 1-551),-4.150406,-3.797006,-3.201856,-4.006905,-2.625280,-2.809598,-4.295102,-2.606882,-1.490887,-0.438966,-3.591980,2037.410034
2016-06-27,always train (rows 1-551),-0.592543,-1.030773,-1.087333,-0.592899,-2.809596,-1.456107,-0.866084,0.795667,-2.774801,0.569559,-1.809650,2000.540039
2016-06-28,always train (rows 1-551),1.485773,1.762786,2.399613,2.307029,2.085495,1.684030,1.285198,3.422956,1.441447,0.146109,1.777017,2036.089966
2016-06-29,always train (rows 1-551),0.568530,0.598508,1.080584,1.704970,2.224921,0.865500,1.311660,1.295480,0.930374,0.437813,1.703267,2070.770020
2016-06-30,always train (rows 1-551),1.199654,1.167931,0.002793,1.384382,1.246545,1.271228,1.878693,1.650887,0.105111,1.416628,1.356504,2098.860107
2016-07-01,always train (rows 1-551),0.955215,1.027333,1.405780,0.106661,-0.019557,0.303296,-0.573235,-0.008244,-0.078755,0.698420,0.194860,2102.949951
2016-07-05,always train (rows 1-551),-0.754671,-0.609261,0.333476,-0.873815,0.019561,-0.938575,-1.201730,0.807978,0.008755,0.533541,-0.684748,2088.550049
2016-07-06,always train (rows 1-551),0.578810,0.405757,1.306145,1.150297,0.410388,0.568493,0.196863,2.189145,0.302604,0.527078,0.535296,2099.729980
2016-07-07,always train (rows 1-551),-0.241205,-0.345375,-0.141001,-1.200991,0.000000,0.429185,-0.421017,-0.105988,-0.728368,-1.564107,-0.087158,2097.899902
2016-07-08,always train (rows 1-551),1.487430,1.476923,1.254468,1.790590,0.623914,0.771299,1.226122,1.199820,0.277516,0.938967,1.525335,2129.899902
2016-07-11,always train (rows 1-551),1.312391,1.340660,1.068633,0.554479,0.374161,0.310308,0.194917,0.537369,0.065125,0.053646,0.340862,2137.159912
2016-07-12,always train (rows 1-551),0.730185,0.776111,-0.738941,1.178958,1.128997,0.453723,0.514143,0.050904,-0.008159,-0.822488,0.700929,2152.139893
2016-07-13,always train (rows 1-551),-0.413631,-0.507879,-0.745778,0.563787,-0.073740,-0.564565,0.870944,-0.975150,0.065105,0.955488,0.013477,2152.429932
2016-07-14,always train (rows 1-551),0.866363,0.553729,-0.192556,0.429837,0.073794,1.982027,-0.137050,0.436707,0.146351,-0.285705,0.525920,2163.750000
2016-07-15,always train (rows 1-551),-0.023112,-0.152591,-0.074462,-0.777124,0.179066,-0.010118,0.164692,-0.366604,-0.146138,0.000000,-0.092895,2161.739990
2016-07-18,always train (rows 1-551),2.388432,1.935134,0.484198,0.085668,-0.315433,1.062920,0.411048,2.147870,0.113816,0.161180,0.238230,2166.889893
2016-07-19,always train (rows 1-551),0.027896,0.433353,0.527124,-1.612312,-0.369104,0.040118,0.238788,1.038791,1.713503,-0.411250,-0.143517,2163.780029
2016-07-20,always train (rows 1-551),0.487098,0.573988,5.311723,0.779777,-0.571605,0.090095,-0.510482,1.086135,-0.087796,-0.143628,0.427030,2173.020020
2016-07-21,always train (rows 1-551),-0.352657,-0.345395,-0.196747,-0.172984,-0.085158,-0.530195,-1.245120,-1.074465,0.007958,-0.449463,-0.361253,2165.169922
2016-07-22,always train (rows 1-551),0.645544,0.556455,1.379938,0.057761,0.170487,-0.774411,0.173190,0.323349,-0.095889,1.318405,0.455396,2175.030029
2016-07-25,always train (rows 1-551),-0.231827,-0.399890,0.282840,-0.704832,-1.925376,-1.337941,0.520664,-0.318124,-0.111952,-0.409981,-0.301148,2168.479980
2016-07-26,always train (rows 1-551),0.017163,-0.182472,0.052874,-0.543530,-0.726630,-0.688315,0.138752,-0.337090,0.208166,-1.897259,0.032278,2169.179932
2016-07-27,always train (rows 1-551),0.570201,0.453660,-1.004251,0.146823,6.496319,-0.677363,1.748888,-0.103917,-0.303622,0.930483,-0.119854,2166.580078
2016-07-28,always train (rows 1-551),0.507907,0.558128,0.035619,2.163794,1.350186,-0.781026,1.345870,0.159509,-0.248478,-0.831522,0.160621,2170.060059
2016-07-29,always train (rows 1-551),3.329645,3.067375,0.836152,0.823793,-0.124571,-1.385806,-0.848001,-0.103860,0.618686,1.002554,0.163131,2173.600098
2016-08-01,always train (rows 1-551),1.213151,0.532020,-0.176434,1.176850,1.765656,-3.473887,0.298535,-0.235677,0.135752,-1.642309,-0.126979,2170.840088
2016-08-02,always train (rows 1-551),-0.102374,-0.234195,0.000000,-0.932612,-1.480416,1.374350,-0.981412,-0.430762,-0.438609,-0.917458,-0.636162,2157.030029
2016-08-03,always train (rows 1-551),-0.149983,0.273659,0.689289,-0.780985,1.253796,0.516980,-0.471194,0.223297,-0.760904,-0.185165,0.313394,2163.790039
2016-08-04,always train (rows 1-551),-0.209035,-0.203065,0.737245,0.812317,0.617744,-0.011372,1.510060,-0.355086,-0.032299,0.055679,0.021257,2164.250000
2016-08-05,always train (rows 1-551),1.214167,1.375052,0.993181,0.684827,1.520754,0.091430,0.635262,1.767747,0.306801,0.954358,0.860350,2182.870117
2016-08-08,always train (rows 1-551),-0.210673,-0.058810,0.172545,0.075718,0.828042,1.176349,0.087898,-0.061789,-0.474899,0.170487,-0.090717,2180.889893
2016-08-09,always train (rows 1-551),0.279431,0.319796,0.241140,0.228297,0.406018,0.124146,-0.159654,1.140426,-0.177914,0.266854,0.038979,2181.739990
2016-08-10,always train (rows 1-551),0.125085,0.053550,-0.309308,0.032541,-0.744396,-1.750979,-0.143946,-0.360005,-0.056702,0.278530,-0.286469,2175.489990
2016-08-11,always train (rows 1-551),-0.035876,0.021672,0.482604,0.348701,-0.064809,0.358749,0.016024,0.715797,0.332346,0.439810,0.473459,2185.790039
2016-08-12,always train (rows 1-551),-0.142299,-0.207680,-0.617495,0.171148,0.231622,1.303031,-0.016021,-0.013540,-0.444361,-0.253496,-0.079605,2184.050049
2016-08-15,always train (rows 1-551),-0.135058,-0.099602,0.310681,-0.526817,1.201699,-0.045516,0.040616,-0.784751,-0.738517,-0.086363,0.279291,2190.149902
2016-08-16,always train (rows 1-551),-0.591831,-0.677365,-0.554016,-0.579057,-0.091358,0.125247,-0.365404,-0.484270,-1.618807,-1.585509,-0.547908,2178.149902
2016-08-17,always train (rows 1-551),0.527957,0.356442,0.208891,0.077219,-0.146260,0.216136,1.249658,0.867807,0.814382,0.777070,0.186859,2182.219971
2016-08-18,always train (rows 1-551),-0.331491,-0.309020,0.069500,-0.022231,-0.128200,0.907947,-0.181114,-0.369856,-0.486328,-0.564216,0.219962,2187.020020
2016-08-19,always train (rows 1-551),-0.386189,-0.267503,0.034711,-0.935296,0.256683,-1.248432,-0.040318,-0.282476,0.000000,-0.794403,-0.144027,2183.870117
2016-08-22,always train (rows 1-551),-0.337649,-0.421733,0.086770,0.286534,-0.777245,0.216398,-0.201683,0.477505,-0.658787,0.190637,-0.056332,2182.639893
2016-08-23,always train (rows 1-551),-0.045161,-0.009057,0.381514,0.391063,0.313312,-0.306864,0.215566,0.177206,0.260232,0.152293,0.195177,2186.899902
2016-08-24,always train (rows 1-551),-0.375358,-0.316044,0.103634,-0.682017,-0.753303,0.341970,-0.241985,-0.715609,-0.611208,-0.190035,-0.524028,2175.439941
2016-08-25,always train (rows 1-551),-0.289805,-0.029860,0.379633,0.260150,-0.425795,-0.636222,0.154973,0.332033,-0.117924,0.418777,-0.136523,2172.469971
2016-08-26,always train (rows 1-551),0.242613,0.016897,-0.240685,1.288170,-0.585687,-0.217246,0.863681,-0.491117,0.396381,-1.289077,-0.157882,2169.040039
2016-08-29,always train (rows 1-551),0.327793,0.339146,0.120655,0.297784,-0.112231,0.653143,1.264405,0.939760,0.739271,0.825818,0.522805,2180.379883
2016-08-30,always train (rows 1-551),-0.490039,-0.396289,-0.361447,-0.481005,-0.767610,-0.364260,0.622902,-0.553193,-0.375269,-0.438125,-0.195368,2176.120117
2016-08-31,always train (rows 1-551),-0.261388,-0.265250,-0.742807,0.205838,0.094318,-0.434241,0.173074,0.222507,-0.108801,0.114811,-0.237586,2170.949951
2016-09-01,always train (rows 1-551),0.196233,0.225542,0.226261,0.189812,0.593809,-0.344260,-0.093029,0.039641,-0.217888,0.439542,-0.004138,2170.860107
2016-09-02,always train (rows 1-551),0.691175,0.348617,0.138883,0.236182,0.936958,0.667914,0.246089,0.269481,0.201563,0.608770,0.420104,2179.979980
2016-09-06,always train (rows 1-551),1.399227,1.117352,-0.104014,2.127023,-0.027887,1.315518,2.545248,-0.192415,0.360372,1.191399,0.298168,2186.479980
2016-09-07,always train (rows 1-551),-0.003708,0.034614,0.086777,-0.556496,0.612820,-0.372602,1.017504,-0.565041,-0.116916,0.373789,-0.014639,2186.159912
2016-09-08,always train (rows 1-551),-0.637405,-0.644606,-0.398888,-0.053538,-2.620879,0.917950,-0.595192,0.133706,-0.117045,-0.204825,-0.222301,2181.300049
2016-09-09,always train (rows 1-551),-1.788658,-2.019793,-2.124319,-3.050785,-2.264980,-2.481781,-2.433406,-2.109763,-1.037917,-3.320915,-2.452207,2127.810059
2016-09-12,always train (rows 1-551),1.311414,1.232137,1.494394,1.493149,2.239880,0.518242,1.250988,1.602787,0.786615,1.447329,1.467705,2159.040039
2016-09-13,always train (rows 1-551),-1.264376,-1.213235,-0.911495,-1.358416,2.380526,-2.382873,-1.150051,-1.839300,-1.300767,-2.130464,-1.483067,2127.020020
2016-09-14,always train (rows 1-551),0.220605,0.368583,-0.477605,0.010517,3.538651,-0.715845,0.440203,-0.307732,0.212554,0.077740,-0.058768,2125.770020
2016-09-15,always train (rows 1-551),1.362508,1.215736,1.653032,3.399861,1.129959,0.567337,0.453953,0.603653,0.653318,0.951614,1.010927,2147.260010
2016-09-16,always train (rows 1-551),-0.406877,-0.373168,0.104925,1.147209,-0.562450,-1.234153,0.560976,-1.125057,-0.320322,-0.192374,-0.377229,2139.159912
2016-09-19,always train (rows 1-551),-0.323332,-0.413590,-0.558959,-0.439289,-1.166020,-0.238001,-0.325423,0.158617,-0.498951,-1.310707,-0.001860,2139.120117
2016-09-20,always train (rows 1-551),0.551938,0.745714,-0.210777,0.660561,-0.008812,-1.538816,-0.007783,-0.220330,0.246514,0.136708,0.029914,2139.760010
2016-09-21,always train (rows 1-551),0.656419,0.623543,1.672221,1.220163,-0.017611,0.920738,1.010594,1.062661,0.813874,1.170264,1.091716,2163.120117
2016-09-22,always train (rows 1-551),1.356476,1.415820,1.894297,0.103889,0.942346,0.288152,0.107728,0.047789,0.462514,0.925403,0.649978,2177.179932
2016-09-23,always train (rows 1-551),-0.121304,-0.039369,0.130478,-0.674512,-1.666423,-0.107776,-1.629768,-1.044154,-0.544090,0.401178,-0.573677,2164.689941
2016-09-26,always train (rows 1-551),-1.510524,-1.612650,-0.817867,-0.922871,0.150855,-0.467305,-0.507964,-0.565522,-0.866937,-0.780070,-0.858776,2146.100098
2016-09-27,always train (rows 1-551),1.006666,1.136641,2.120977,1.845358,0.186043,0.216699,1.083976,0.804552,1.222633,0.651941,0.644417,2159.929932
2016-09-28,always train (rows 1-551),-0.082641,-0.185192,1.545137,0.138035,0.760445,4.396937,0.419621,-0.041281,0.142583,-0.819192,0.529655,2171.370117
2016-09-29,always train (rows 1-551),-0.915984,-0.838061,0.039817,-1.085627,-1.553321,-0.506308,-0.882170,-1.163273,-1.775716,0.115243,-0.932141,2151.129883
2016-09-30,always train (rows 1-551),0.176928,0.294190,0.996326,0.348424,0.775565,0.948388,0.140541,0.612859,0.733360,-0.268622,0.796797,2168.270020
2016-10-03,always train (rows 1-551),-0.457669,-0.608521,-0.068074,-0.312511,-0.468838,-0.263527,0.389812,-0.491456,0.575654,-0.192374,-0.326070,2161.199951
2016-10-04,always train (rows 1-551),0.301092,0.500923,-0.323880,-0.313483,0.426586,-0.919003,-0.450439,-0.410404,0.008420,-1.195089,-0.495556,2150.489990
2016-10-05,always train (rows 1-551),-0.194318,0.005168,1.238561,0.698811,0.044271,0.869572,0.218446,0.684498,0.302964,-0.812880,0.429669,2159.729980
2016-10-06,always train (rows 1-551),0.230888,0.050189,-0.319765,0.173524,0.743007,0.045974,0.210164,-0.194241,-0.360787,-0.019885,0.048156,2160.770020
2016-10-07,always train (rows 1-551),-0.295111,-0.229089,-0.264952,0.103895,0.149248,-0.344696,0.194173,0.451803,0.412619,0.019766,-0.325348,2153.739990
2016-10-10,always train (rows 1-551),1.681009,1.401120,0.271609,0.415217,1.744738,1.959919,0.969063,0.470518,0.469657,1.042539,0.460591,2163.659912
2016-10-11,always train (rows 1-551),-0.564994,-0.365161,-1.272409,-1.464500,0.215401,-0.791473,-1.044213,-0.860882,-1.802997,-0.577823,-1.244647,2136.729980
2016-10-12,always train (rows 1-551),0.271758,0.392041,0.371839,0.894253,-0.139892,-0.695283,0.131898,0.666903,0.280484,0.801619,0.114659,2139.179932
2016-10-13,always train (rows 1-551),-0.947310,-1.011265,-0.576671,-0.306801,-0.332681,-0.654206,-0.953124,-1.166243,0.245832,-0.019861,-0.309926,2132.550049
2016-10-14,always train (rows 1-551),0.064665,0.043675,-0.762111,0.555650,0.878413,-0.023066,0.046954,0.670292,-0.591930,-0.019903,0.020160,2132.979980
2016-10-17,always train (rows 1-551),0.278386,0.183705,-1.216340,-0.068026,-0.348295,0.000000,-0.265871,-0.263552,0.791115,0.298322,-0.303799,2126.500000
2016-10-18,always train (rows 1-551),1.815721,1.961634,0.578143,-0.068029,0.768953,0.265760,0.807596,0.347705,-2.599377,-0.317263,0.616040,2139.600098
2016-10-19,always train (rows 1-551),0.651260,0.784663,0.004889,-0.297970,-0.225476,0.460957,1.197798,0.388079,-0.710499,0.218815,0.219197,2144.290039
2016-10-20,always train (rows 1-551),-0.630093,-0.565205,-0.901319,-0.051231,-0.486672,0.045898,-0.084553,-0.255416,0.244345,-2.461272,-0.137572,2141.340088
2016-10-21,always train (rows 1-551),0.295742,0.301149,4.209611,1.069953,-0.392920,-0.676514,1.592289,-0.615959,-1.244871,-1.912932,-0.008414,2141.159912
2016-10-24,always train (rows 1-551),1.417381,1.718842,2.246069,2.332136,0.900493,0.334802,0.916190,0.160164,0.149839,0.020739,0.474984,2151.330078
2016-10-25,always train (rows 1-551),-0.860330,-0.669035,-0.016416,-0.347219,0.509971,-0.218627,-0.742822,-0.285061,0.308070,-0.257941,-0.379773,2143.159912
2016-10-26,always train (rows 1-551),-0.778463,-1.064798,-0.590274,-1.507454,-2.249469,0.426640,-0.944861,0.362574,0.526503,0.494424,-0.174041,2139.429932
2016-10-27,always train (rows 1-551),-0.577795,-0.465529,-0.874148,-0.514234,-0.960299,-0.195195,-1.030238,0.354310,0.995090,-0.363115,-0.298673,2133.040039
2016-10-28,always train (rows 1-551),0.270397,0.002508,-0.382686,-5.137097,-0.663858,-2.462011,1.233714,-0.311524,-0.319797,-0.863373,-0.310830,2126.409912
2016-10-31,always train (rows 1-551),-1.178699,-1.361630,0.083523,1.738972,-0.158302,-1.722107,-0.228482,0.208335,0.572300,0.895797,-0.012228,2126.149902
2016-11-01,always train (rows 1-551),-0.545739,-0.118538,-0.200281,-0.558357,-1.805523,0.396038,-1.137508,-0.464309,-0.560402,1.651549,-0.678688,2111.719971
2016-11-02,always train (rows 1-551),-2.117972,-1.902735,-0.618716,-2.527343,0.089719,-0.239103,-1.799232,-0.306344,-0.416172,-1.023683,-0.652550,2097.939941
2016-11-03,always train (rows 1-551),-0.790206,-0.854687,-0.370194,0.192020,-1.071893,0.251660,0.314266,-5.638115,0.148004,0.000000,-0.442340,2088.659912
2016-11-04,always train (rows 1-551),-0.139351,-0.014420,-0.844440,-1.561876,-0.901366,-0.107552,0.624998,-0.480369,0.069562,-0.578784,-0.166613,2085.179932
2016-11-07,always train (rows 1-551),2.679566,2.690193,2.912608,3.957353,1.442469,2.249590,2.770204,1.159424,1.346533,1.975574,2.222354,2131.520020
2016-11-08,always train (rows 1-551),1.240570,1.021061,0.082734,0.359274,0.588713,0.720181,1.694643,0.598999,0.334298,0.411791,0.377197,2139.560059
2016-11-09,always train (rows 1-551),-0.786941,-0.657784,-0.496088,-2.014596,-0.162087,1.101878,2.361463,-0.837235,2.785137,0.326220,1.107702,2163.260010
2016-11-10,always train (rows 1-551),-3.140561,-2.896955,-2.443087,-3.821843,-2.786780,0.927550,3.159703,-1.932133,-0.640030,0.139329,0.195075,2167.479980
2016-11-11,always train (rows 1-551),-1.094461,-1.119910,0.545151,-0.453943,0.593723,-1.585288,0.551070,-1.473503,-0.895074,-1.066872,-0.139795,2164.449951
2016-11-14,always train (rows 1-551),-2.401036,-2.379249,-1.524894,-2.698209,-2.508527,-0.455245,0.643637,-3.310367,-1.578461,-1.801372,-0.011550,2164.199951
2016-11-15,always train (rows 1-551),2.912814,3.044492,1.974698,3.361286,1.324411,1.805801,-0.297591,1.842192,-0.240150,1.747550,0.748080,2180.389893
2016-11-16,always train (rows 1-551),0.621815,0.789733,1.324951,0.437281,2.688788,-1.232447,-0.241334,-0.733778,0.034400,0.435695,-0.158226,2176.939941
2016-11-17,always train (rows 1-551),0.792338,0.882979,1.659693,1.327543,-0.036333,-0.606403,0.833968,1.246334,0.180475,-0.212289,0.467637,2187.120117
2016-11-18,always train (rows 1-551),-1.296180,-1.386104,-0.478247,0.497091,0.100020,0.058681,-0.404066,-0.653700,-0.354158,0.998898,-0.238680,2181.899902
2016-11-21,always train (rows 1-551),1.137934,1.138641,0.845096,2.609978,1.517360,1.418860,0.608562,4.059133,-0.312064,0.897421,0.746140,2198.179932
2016-11-22,always train (rows 1-551),0.025467,-0.120872,0.427193,0.683330,0.062644,0.219660,-0.031506,-0.246364,-1.965224,0.399349,0.216543,2202.939941
2016-11-23,always train (rows 1-551),-0.764313,-0.947602,-1.178021,-0.663410,-0.509837,0.276891,-0.346655,-0.518650,0.292704,0.343518,0.080802,2204.719971
2016-11-25,always train (rows 1-551),0.157896,0.090680,0.215230,0.032048,0.503460,0.230105,0.044268,-0.380673,0.937502,0.000000,0.391439,2213.350098
2016-11-28,always train (rows 1-551),0.712590,0.861229,0.132167,-1.742764,-0.196792,-0.746132,-0.764946,0.024928,-0.876217,-0.450466,-0.525454,2201.719971
2016-11-29,always train (rows 1-551),0.464527,0.338446,0.791956,-0.554277,-0.098597,-0.659166,0.452310,0.382039,-0.574546,-1.049736,0.133529,2204.659912
2016-11-30,always train (rows 1-551),-1.717670,-1.660506,-1.358646,-1.567172,-0.843360,1.629795,-0.152201,-2.026990,-1.049072,2.030349,-0.265340,2198.810059
2016-12-01,always train (rows 1-551),-1.488630,-1.335049,-1.759060,-0.921968,-0.931950,-0.068731,1.702231,-2.803575,0.071864,1.550692,-0.351553,2191.080078
2016-12-02,always train (rows 1-551),0.017000,0.344985,0.084471,0.374447,-0.445104,-0.229228,-0.455905,0.260648,0.520752,-0.255986,0.039701,2191.949951
2016-12-05,always train (rows 1-551),1.799963,1.601585,1.637114,2.569091,-0.718828,0.505480,0.514466,1.759093,-0.017871,0.221267,0.582131,2204.709961
2016-12-06,always train (rows 1-551),-0.262160,-0.447189,-0.448357,0.705862,0.769898,0.091460,0.705318,-0.102190,0.107194,0.124426,0.341089,2212.229980
2016-12-07,always train (rows 1-551),1.969924,1.591323,2.368670,0.745370,0.982244,0.582473,2.076364,0.545564,-0.856666,1.111696,1.316324,2241.350098
2016-12-08,always train (rows 1-551),0.467470,0.678168,-0.586625,-0.401077,0.981725,0.283849,-0.352178,0.813919,-0.098999,0.198472,0.215934,2246.189941
2016-12-09,always train (rows 1-551),1.795847,1.657649,1.573506,1.632170,0.173323,0.769923,0.457011,0.647536,1.144234,0.434679,0.593898,2259.530029
2016-12-12,always train (rows 1-551),-0.191482,-0.002557,0.322733,-0.570416,-1.111020,2.224750,0.764282,-1.595921,2.761433,0.289089,-0.113743,2256.959961
2016-12-13,always train (rows 1-551),0.920893,0.865345,1.302895,1.668152,1.870753,1.758604,0.300987,2.156748,0.459424,0.230456,0.653977,2271.719971
2016-12-14,always train (rows 1-551),0.312769,0.121837,-0.476353,0.000000,-0.712858,-2.160292,-0.936261,-0.083124,-0.776567,-1.243377,-0.811717,2253.280029
2016-12-15,always train (rows 1-551),-0.273872,0.097861,-0.159522,0.546893,-1.017150,0.342239,0.405912,0.299475,0.782645,0.939963,0.388323,2262.030029
2016-12-16,always train (rows 1-551),-0.712343,-0.883618,-0.447431,0.129519,-0.424439,0.319085,-0.585290,-0.580571,-0.008598,0.879967,-0.175062,2258.070068
2016-12-19,always train (rows 1-551),0.328484,0.429941,2.118786,0.577739,1.086079,-0.833528,0.358104,-0.525579,0.120798,-0.364155,0.197512,2262.530029
2016-12-20,always train (rows 1-551),0.332300,0.279527,-0.125748,0.265761,0.681466,0.011079,0.610822,-0.125792,-0.310281,0.254987,0.363751,2270.760010
2016-12-21,always train (rows 1-551),-0.368008,-0.233558,0.000000,0.094054,-0.080397,-0.165893,-0.246456,-0.041988,-0.302605,-0.033901,-0.245736,2265.179932
2016-12-22,always train (rows 1-551),-0.310251,-0.415325,0.015735,-0.657763,-0.552809,0.653547,0.048208,-1.377670,0.112745,0.729361,-0.186297,2260.959961
2016-12-23,always train (rows 1-551),-0.232178,-0.170617,-0.487806,0.197768,-0.750326,-0.176127,-0.427628,-0.110739,0.450439,-0.294666,0.125172,2263.790039
2016-12-27,always train (rows 1-551),0.263649,0.207627,0.063245,0.635095,1.421267,0.044111,-0.223815,0.631029,-0.043128,-0.168902,0.224837,2268.879883
2016-12-28,always train (rows 1-551),-0.661773,-0.821170,-0.458288,-0.426407,0.094631,-0.495835,-0.727491,-0.923652,-0.698804,-0.262223,-0.835653,2249.919922
2016-12-29,always train (rows 1-551),-0.210047,-0.287896,-0.142891,-0.025698,-0.903990,0.055334,-0.427479,-0.487515,0.338802,-0.076363,-0.029330,2249.260010
2016-12-30,always train (rows 1-551),-1.299069,-1.401389,-1.208238,-0.779580,-1.996994,-0.099616,-0.042936,-1.117330,-0.242422,-0.101807,-0.463705,2238.830078
2017-01-03,always train (rows 1-551),1.963534,1.855355,0.708078,0.284931,0.506751,0.697997,0.521540,1.573235,0.546832,0.962028,0.848658,2257.830078
2017-01-04,always train (rows 1-551),-0.029721,0.096685,-0.447431,-0.111912,0.465728,-1.100227,0.152597,1.565978,-0.164048,0.047517,0.572227,2270.750000
2017-01-05,always train (rows 1-551),0.649945,0.904820,0.000000,0.508515,3.073240,-1.490721,-0.475377,1.668209,1.046277,-0.432837,-0.077067,2269.000000
2017-01-06,always train (rows 1-551),1.499341,1.527654,0.866795,1.114831,1.991160,-0.056421,0.067361,2.270669,-0.479201,-0.400681,0.351696,2276.979980
2017-01-09,always train (rows 1-551),0.238720,0.062041,-0.318278,0.915962,0.116839,-1.649732,-0.850621,1.207356,-0.017179,-0.032766,-0.354859,2268.899902
2017-01-10,always train (rows 1-551),-0.141446,-0.230587,-0.031936,0.100838,-0.127999,-1.275316,-0.339466,-0.440364,-0.103201,0.290096,0.000000,2268.899902
2017-01-11,always train (rows 1-551),0.466105,0.387681,0.910237,0.537324,0.392014,1.024087,0.470672,1.399270,-1.231073,0.752044,0.282964,2275.320068
2017-01-12,always train (rows 1-551),-0.039751,-0.191857,-0.917855,1.829739,-0.417548,-0.541406,-0.505450,0.420344,-0.095867,-0.964623,-0.214481,2270.439941
2017-01-13,always train (rows 1-551),0.169967,0.188501,0.143738,0.430164,-0.176068,0.011603,0.303569,1.358393,-0.017465,0.533407,0.184984,2274.639893
2017-01-17,always train (rows 1-551),-0.418811,-0.404769,-0.271125,0.806436,-0.908041,1.169641,-1.395920,-0.366211,0.235600,-0.172578,-0.296750,2267.889893
2017-01-18,always train (rows 1-551),0.188515,0.181464,-0.047974,-0.008339,-0.276638,-1.236283,0.532452,0.039087,-0.147997,-0.292429,0.176375,2271.889893
2017-01-19,always train (rows 1-551),-0.560894,-0.483204,-0.320003,-0.175031,0.193191,-1.796443,-0.672940,-0.289228,-0.435884,-0.310501,-0.360931,2263.689941
2017-01-20,always train (rows 1-551),0.460969,0.354669,0.706253,0.183692,-0.087757,1.369023,0.501852,-0.399838,-0.043828,0.017268,0.336624,2271.310059
2017-01-23,always train (rows 1-551),1.963373,1.775097,0.350664,1.181450,0.066653,-1.071117,-0.873859,1.487698,-0.210237,-0.181620,-0.269013,2265.199951
2017-01-24,always train (rows 1-551),0.603934,0.556556,0.889435,0.557541,-0.091603,0.141252,1.202697,0.341285,-1.887446,0.849320,0.656459,2280.070068
2017-01-25,always train (rows 1-551),1.050009,1.432286,0.251932,1.711975,1.592077,2.196366,0.293756,1.630990,0.930561,0.747603,0.802609,2298.370117
2017-01-26,always train (rows 1-551),-0.171239,-0.421242,0.926479,0.314398,0.049237,0.407914,0.304709,0.988742,-0.851072,0.171992,-0.073538,2296.679932
2017-01-27,always train (rows 1-551),-1.394435,-1.062295,2.349429,-0.402785,0.008166,-0.315307,-0.105117,-0.451872,1.376988,0.207481,-0.086646,2294.689941
2017-01-30,always train (rows 1-551),-2.508801,-2.549467,-0.988097,-0.644916,-0.262382,0.243315,-0.760193,-0.907869,-0.220523,-1.035311,-0.600954,2280.899902
2017-01-31,always train (rows 1-551),-0.441816,-0.689244,-0.736975,-0.830948,-0.230196,-0.400488,-1.143061,-0.503879,0.106066,-1.627356,-0.088991,2278.870117
2017-02-01,always train (rows 1-551),-0.603518,-0.137429,-1.655097,6.098055,1.077137,-0.322894,-1.132436,2.232958,-0.017650,0.378116,0.029836,2279.550049
2017-02-02,always train (rows 1-551),0.370428,0.356270,-0.644853,-0.170875,0.913080,-0.372838,0.614897,-1.793884,0.300273,-0.423788,0.057031,2280.850098
2017-02-03,always train (rows 1-551),0.228530,0.370698,0.807376,0.427922,-3.541885,0.576689,0.107881,0.106987,0.061645,3.061856,0.726476,2297.419922
2017-02-06,always train (rows 1-551),0.181691,-0.018719,0.937401,-0.062828,-0.315967,-0.317192,-0.275348,0.824545,-0.211189,-0.470324,-0.211536,2292.560059
2017-02-07,always train (rows 1-551),0.926204,0.702572,0.951699,-0.329994,0.601753,-0.299844,-0.648185,-0.166586,0.070560,-0.057591,0.022683,2293.080078
2017-02-08,always train (rows 1-551),0.078392,0.174730,0.387741,-0.141907,0.887385,-0.036824,1.790030,-0.658360,-0.070510,-0.876401,0.069332,2294.669922
2017-02-09,always train (rows 1-551),0.021689,0.145986,0.722621,1.136740,0.201292,0.718363,-0.044676,0.441862,0.599654,1.442566,0.575255,2307.870117
2017-02-10,always train (rows 1-551),0.577060,0.507644,-0.226555,-0.093676,0.742671,-0.018287,0.037283,0.830859,1.016784,-0.229429,0.356605,2316.100098
2017-02-13,always train (rows 1-551),0.492324,0.684580,0.885564,1.124984,1.096123,1.121890,-0.104339,0.581701,0.555415,1.321863,0.524584,2328.250000
2017-02-14,always train (rows 1-551),0.127534,0.147689,1.297891,0.373113,-0.016736,0.663244,-0.149197,-0.216899,0.414196,1.599555,0.400734,2337.580078
2017-02-15,always train (rows 1-551),-0.322610,-0.179162,0.362926,-0.061970,0.754429,0.197665,0.410531,-0.306303,0.721921,1.150072,0.499231,2349.250000
2017-02-16,always train (rows 1-551),0.579250,0.632492,-0.118075,-0.015479,0.170885,0.274992,0.299746,-1.034139,0.750849,-0.066193,-0.086412,2347.219971
2017-02-17,always train (rows 1-551),0.520054,0.474429,0.273384,0.154992,0.110174,0.494814,-0.231616,-0.656148,0.660561,-0.331409,0.167856,2351.159912
2017-02-21,always train (rows 1-551),0.321317,0.433535,0.722090,-0.201183,1.345443,0.207623,0.142262,0.159007,0.673052,0.864479,0.604807,2365.379883
2017-02-22,always train (rows 1-551),0.246104,-0.108219,0.299918,-0.201549,-0.096913,0.408479,1.794828,-1.172304,-0.116974,0.054908,-0.108220,2362.820068
2017-02-23,always train (rows 1-551),-0.042293,0.068612,-0.423058,0.403952,-0.399709,0.318374,-0.558345,1.050326,1.823923,0.076867,0.041899,2363.810059
2017-02-24,always train (rows 1-551),-0.374864,-0.323601,0.095238,0.000000,-0.815545,0.041144,0.059133,-0.855972,1.513692,-0.877882,0.149336,2367.340088
2017-02-27,always train (rows 1-551),0.219392,0.077255,0.197598,-0.603530,0.402248,0.240867,0.716155,0.567332,-0.268890,0.110751,0.101798,2369.750000
2017-02-28,always train (rows 1-551),-0.557859,-0.731949,0.043793,-0.389225,-0.424209,0.462986,-0.637806,-0.269806,-0.155252,0.210076,-0.257838,2363.639893
2017-03-01,always train (rows 1-551),1.398935,1.461342,2.043935,1.500463,0.951435,3.418505,1.387066,2.090477,1.350153,3.288457,1.367385,2395.959961
2017-03-02,always train (rows 1-551),-0.805376,-0.551926,-0.593717,-1.432093,-0.488817,-0.784070,-0.480288,0.337276,-0.185694,-1.559838,-0.585988,2381.919922
2017-03-03,always train (rows 1-551),-0.090610,0.590093,-0.186619,0.374938,0.114264,-0.119397,0.299808,-1.008373,0.129399,0.716316,0.050388,2383.120117
2017-03-06,always train (rows 1-551),-0.213177,-0.314807,-0.156805,0.031126,-0.384755,-0.159380,0.182251,0.448678,-0.064620,-0.948288,-0.327724,2375.310059
2017-03-07,always train (rows 1-551),0.457945,0.129202,0.498936,0.202285,-0.069696,-0.057007,-0.087325,-0.374256,0.097012,-0.554800,-0.291337,2368.389893
2017-03-08,always train (rows 1-551),0.292552,0.415916,-0.372693,0.916126,0.529545,-0.188250,0.305905,-1.805589,0.218042,-0.218798,-0.228422,2362.979980
2017-03-09,always train (rows 1-551),0.492017,0.396215,-0.230268,-0.400050,0.293945,0.228607,0.377577,0.789769,1.490717,0.394692,0.079990,2364.870117
2017-03-10,always train (rows 1-551),0.416165,0.544923,0.331745,0.309004,-0.063307,-0.222387,0.397825,-0.073468,0.206450,-0.316733,0.326867,2372.600098
2017-03-13,always train (rows 1-551),0.367982,0.271560,0.043062,-0.338839,0.249862,0.234315,0.583659,-0.232772,0.372394,0.087640,0.036663,2373.469971
2017-03-14,always train (rows 1-551),0.153839,0.009455,-0.150818,-0.463610,-0.241053,-0.376306,-0.200580,-0.528152,0.292067,0.164242,-0.337903,2365.449951
2017-03-15,always train (rows 1-551),0.286409,0.186845,1.057631,0.527860,0.051610,-0.034337,0.287096,1.247080,1.503350,0.240387,0.837475,2385.260010
2017-03-16,always train (rows 1-551),0.185395,0.186487,0.163747,-0.169874,0.052764,-0.337778,0.193269,0.085370,-0.387726,-0.098124,-0.162671,2381.379883
2017-03-17,always train (rows 1-551),0.272420,0.393512,-0.497509,0.355812,-0.130065,-0.723802,-0.107163,-0.085297,-0.311368,-1.047577,-0.131431,2378.250000
2017-03-20,always train (rows 1-551),-0.511268,-0.436565,1.050064,0.092512,0.546744,-0.433978,0.071526,0.000000,0.007799,-0.716819,-0.200989,2373.469971
2017-03-21,always train (rows 1-551),-2.047443,-1.145229,-2.114552,-1.108903,-1.606823,-1.511016,-1.021892,-0.207297,-0.640269,-2.932341,-1.240797,2344.020020
2017-03-22,always train (rows 1-551),-0.039980,1.129829,-0.104777,1.277045,0.576376,-0.100312,0.779741,-0.085568,-0.778000,0.160180,0.188989,2348.449951
2017-03-23,always train (rows 1-551),-0.353512,-1.194416,-1.447690,-0.246027,-0.080184,0.348492,-0.043006,0.122314,-0.285096,-0.159923,-0.106027,2345.959961
2017-03-24,always train (rows 1-551),-0.198707,-0.537108,-0.385281,0.169566,-0.208881,-0.723995,0.580542,-0.769606,-0.333629,-0.114420,-0.084400,2343.979980
2017-03-27,always train (rows 1-551),0.170634,0.403517,0.623741,0.184664,0.143095,-0.723350,-0.014248,0.024598,0.255021,-0.057281,-0.101959,2341.590088
2017-03-28,always train (rows 1-551),2.072670,0.252854,0.172056,0.291865,1.084055,1.026222,0.519586,0.726207,-0.111295,1.558891,0.725147,2358.570068
2017-03-29,always train (rows 1-551),0.222547,1.099148,1.277840,0.275710,2.140188,0.627808,-1.021925,0.219903,-0.588906,-0.372441,0.108532,2361.129883
2017-03-30,always train (rows 1-551),-0.131831,-0.045875,0.010829,0.366577,0.231041,-0.168225,0.462215,2.048289,-0.208136,0.860979,0.293511,2368.060059
2017-03-31,always train (rows 1-551),-0.187594,-0.197781,-0.233310,0.228242,1.163928,-0.252785,-0.406314,-2.019099,-0.088229,-1.336595,-0.225505,2362.719971
2017-04-03,always train (rows 1-551),0.027835,1.055686,1.083696,-0.470662,0.560608,0.161892,0.113992,0.073149,0.112404,-0.364298,-0.164213,2358.840088
2017-04-04,always train (rows 1-551),0.744609,-0.487893,-0.474618,1.718430,0.274578,-0.386551,-0.005989,0.365548,-0.007994,0.333248,0.055952,2360.159912
2017-04-05,always train (rows 1-551),-0.518038,-0.429289,-0.378646,0.270175,-0.258649,0.084670,-0.617283,0.194258,0.096242,-1.282802,-0.305486,2352.949951
2017-04-06,always train (rows 1-551),-0.249984,-0.448813,-0.424596,0.259320,-1.209747,-0.479385,0.385937,0.581624,0.200325,0.336480,0.192951,2357.489990
2017-04-07,always train (rows 1-551),-0.222775,-0.354979,-0.387716,-0.076072,-0.378506,-0.276268,-0.180214,-0.301197,-0.103991,-0.346908,-0.082713,2355.540039
2017-04-10,always train (rows 1-551),-0.118542,-0.047505,0.007266,1.358845,-0.228346,0.184685,0.108328,0.447051,-0.464293,-0.348104,0.068769,2357.159912
2017-04-11,always train (rows 1-551),-1.075631,-0.216227,-0.167316,-0.515967,-0.076324,-0.794097,-0.390748,-0.348827,-0.096481,-0.174666,-0.143388,2353.780029
2017-04-12,always train (rows 1-551),0.120019,0.188111,0.117805,-0.381776,-0.679329,-0.242993,-0.356063,0.156906,0.949931,-0.384948,-0.375995,2344.929932
2017-04-13,always train (rows 1-551),-0.528935,-0.152125,-0.092188,-0.429268,-1.289845,-0.136151,-1.338506,-1.542682,-0.326978,-1.170952,-0.681469,2328.949951
2017-04-17,always train (rows 1-551),1.779403,0.552999,1.652561,1.957786,0.816010,1.456368,0.890124,-0.134684,0.584040,1.729864,0.861335,2349.010010
2017-04-18,always train (rows 1-551),-0.133310,-0.444216,-0.041812,0.198451,-0.137458,-0.325282,-0.401584,-0.649657,-3.102113,-0.815277,-0.290338,2342.189941
2017-04-19,always train (rows 1-551),0.295078,-0.368247,0.166114,-0.506761,-0.535224,0.929366,-0.568152,-0.690963,-0.369399,-0.821956,-0.171635,2338.169922
2017-04-20,always train (rows 1-551),0.416820,1.251066,0.410392,0.318064,0.707221,1.075428,1.363972,0.646071,0.411981,1.290568,0.755726,2355.840088
2017-04-21,always train (rows 1-551),-0.131414,-0.119349,0.182986,1.374074,-0.391331,-0.083472,-0.951626,-0.395010,-0.090273,-1.204023,-0.303507,2348.689941
2017-04-24,always train (rows 1-551),2.326093,2.320946,0.962956,1.701798,0.988281,1.245843,1.450337,0.520527,0.928035,3.525817,1.084007,2374.149902
2017-04-25,always train (rows 1-551),1.127516,1.105768,0.619597,0.577510,0.023147,0.701167,1.055616,0.764376,0.439428,0.868580,0.609069,2388.610107
2017-04-26,always train (rows 1-551),0.033777,-0.065371,-0.588091,-0.132508,0.183998,0.047768,0.059694,-0.403768,0.064824,0.192580,-0.048570,2387.449951
2017-04-27,always train (rows 1-551),0.258656,0.289105,0.076514,0.648686,0.999677,0.777842,-0.644277,-0.171984,0.186204,-0.927264,0.055292,2388.770020
2017-04-28,always train (rows 1-551),3.710848,3.627095,-0.097347,0.278319,0.719749,1.726483,-0.804561,0.479942,-0.218209,-0.696295,-0.191315,2384.199951
2017-05-01,always train (rows 1-551),0.897777,0.729607,2.039685,1.387689,2.512457,1.470884,0.139214,0.502128,-0.105282,0.068978,0.173229,2388.330078
2017-05-02,always train (rows 1-551),0.457750,0.424086,0.634484,-0.158481,-0.136041,0.209871,0.368714,-0.012203,0.291878,-0.643265,0.118905,2391.169922
2017-05-03,always train (rows 1-551),1.212253,1.156652,-0.305087,-0.317484,-0.624119,-0.641423,0.409511,0.792190,-0.299103,0.578053,-0.127136,2388.129883
2017-05-04,always train (rows 1-551),0.661083,0.498343,-0.360393,-0.390879,-0.371931,-0.625831,-0.233911,-1.281738,0.502721,0.114971,0.058210,2389.520020
2017-05-05,always train (rows 1-551),-0.465046,-0.486208,1.658366,0.276141,-0.360519,-0.404365,0.126252,0.465464,-0.354978,-0.114839,0.408870,2399.290039
2017-05-08,always train (rows 1-551),0.884982,0.773356,2.718870,-0.086901,1.593961,0.545776,-0.918642,1.060715,-0.210520,0.114971,0.003745,2399.379883
2017-05-09,always train (rows 1-551),-0.206527,-0.227975,0.640478,0.398296,0.145024,-0.383954,-0.945338,-0.699723,-0.032431,-0.401841,-0.102525,2396.919922
2017-05-10,always train (rows 1-551),-0.195466,-0.363672,-0.474058,0.391068,-0.406164,-0.126258,0.159057,0.453801,-0.324668,0.783850,0.113060,2399.629883
2017-05-11,always train (rows 1-551),0.109984,0.195945,0.864826,-0.140150,-1.226373,-0.166351,-0.274858,0.854583,0.317560,-0.308813,-0.216281,2394.439941
2017-05-12,always train (rows 1-551),-0.078471,0.174086,1.396558,1.448894,-0.116885,0.193302,0.030626,-0.072617,0.357147,-0.275383,-0.147844,2390.899902
2017-05-15,always train (rows 1-551),0.427160,0.521334,-0.256225,-0.351594,0.073149,-0.093137,0.293899,0.302847,2.709474,0.483212,0.477651,2402.320068
2017-05-16,always train (rows 1-551),0.561924,0.631761,-0.147757,0.845543,2.013519,-0.272989,-0.115997,-0.301933,0.614222,0.309165,-0.068690,2400.669922
2017-05-17,always train (rows 1-551),-2.326343,-2.479329,-3.357553,-2.205849,-2.780576,-3.291505,-1.436346,-0.678405,-0.860931,-3.812370,-1.817821,2357.030029
2017-05-18,always train (rows 1-551),0.884147,1.154821,1.524112,1.453280,0.340819,1.939948,0.223242,-0.292684,0.236832,-0.367853,0.368682,2365.719971
2017-05-19,always train (rows 1-551),0.436603,0.405268,0.340872,0.140849,-0.029517,0.270901,1.002358,0.220191,0.023654,0.976631,0.676750,2381.729980
2017-05-22,always train (rows 1-551),0.986749,0.840461,0.607652,1.128313,1.122758,0.121575,1.157804,0.439386,0.204735,-0.094348,0.516013,2394.020020
2017-05-23,always train (rows 1-551),0.672142,0.738970,-0.123397,0.089627,0.336033,-0.114688,0.211949,0.352392,0.204293,1.251492,0.183787,2398.419922
2017-05-24,always train (rows 1-551),0.727434,0.647119,-0.299047,0.906812,0.131013,1.330441,-0.332368,-0.351154,-0.007817,-0.058322,0.248913,2404.389893
2017-05-25,always train (rows 1-551),1.457620,1.526758,0.345597,1.329111,1.236035,1.279672,0.224344,-0.656210,0.678907,-0.420040,0.444195,2415.070068
2017-05-26,always train (rows 1-551),0.142165,0.199067,-0.168958,0.241605,0.488403,0.111870,0.235934,-0.244677,-0.478337,0.011743,0.031055,2415.820068
2017-05-30,always train (rows 1-551),0.291968,0.453956,0.039049,0.092385,0.643194,0.164339,-0.350052,-0.551816,0.149711,-1.710397,-0.120462,2412.909912
2017-05-31,always train (rows 1-551),-0.911487,-1.129237,-0.592185,-0.208689,-0.809608,-0.603761,0.102961,-0.739807,0.896877,-2.085813,-0.045997,2411.800049
2017-06-01,always train (rows 1-551),0.121574,0.216612,0.274938,0.133723,0.372309,0.046211,0.834950,0.248440,0.413261,1.107695,0.757111,2430.060059
2017-06-02,always train (rows 1-551),0.792270,0.894562,1.481906,1.082379,2.368063,1.372673,-0.222015,-1.487012,1.009452,-0.505645,0.370773,2439.070068
2017-06-05,always train (rows 1-551),0.779022,0.828204,-0.977781,0.457924,0.724624,0.013027,0.138319,0.779875,0.215260,0.181514,-0.121766,2436.100098
2017-06-06,always train (rows 1-551),-0.717223,-0.722798,0.337805,-0.824648,0.332072,-0.533763,-0.234206,1.360461,0.360520,0.205351,-0.277904,2429.330078
2017-06-07,always train (rows 1-551),0.483620,0.447492,0.595651,0.704886,-0.179286,0.202863,0.222714,-0.369413,-0.061122,1.145124,0.156826,2433.139893
2017-06-08,always train (rows 1-551),0.277579,0.251791,-0.244582,0.019797,-0.607779,1.038400,0.264266,-0.358402,-0.152967,1.239385,0.026720,2433.790039
2017-06-09,always train (rows 1-551),-3.401453,-3.414641,-3.877638,-3.163510,-2.265517,-3.302947,1.832992,1.872958,0.750655,2.366143,-0.082999,2431.770020
2017-06-12,always train (rows 1-551),-0.856586,-0.729599,-2.389594,-1.369713,-0.767878,-0.775401,0.294118,0.974095,0.220482,0.023007,-0.097876,2429.389893
2017-06-13,always train (rows 1-551),0.903505,1.113575,0.804545,1.645755,1.246749,1.509020,0.568916,0.036189,0.151718,0.333379,0.451151,2440.350098
2017-06-14,always train (rows 1-551),-0.264804,-0.276909,-0.975483,-0.440460,-0.537847,-0.285361,-0.011666,-1.072821,0.568128,-0.206249,-0.099583,2437.919922
2017-06-15,always train (rows 1-551),-0.800691,-0.888749,-0.599377,-1.259643,-0.526556,-0.299506,-0.524931,0.231503,0.203314,-0.597065,-0.223960,2432.459961
2017-06-16,always train (rows 1-551),-0.162458,-0.268497,2.441482,0.143055,-1.399923,0.560747,-0.041048,1.495282,0.984691,-0.450511,0.028364,2433.149902
2017-06-19,always train (rows 1-551),1.731659,1.871711,0.755277,2.860742,1.242867,1.480350,0.627644,-0.874371,-0.208403,2.193092,0.834723,2453.459961
2017-06-20,always train (rows 1-551),-0.638829,-0.703999,-0.259248,-0.908824,-1.354610,-0.405577,-0.582920,-0.543762,0.111882,-0.624519,-0.669664,2437.030029
2017-06-21,always train (rows 1-551),0.990706,0.927783,0.971193,0.593018,0.514977,1.090305,-0.545299,-1.056967,0.514080,-0.457029,-0.058264,2435.610107
2017-06-22,always train (rows 1-551),-0.201296,-0.245960,-0.092795,-0.164528,-0.014272,-0.331358,-0.766412,-0.442023,0.845023,-0.114768,-0.045578,2434.500000
2017-06-23,always train (rows 1-551),0.969662,0.888110,0.243686,0.446384,1.352169,1.088653,-0.653521,0.653634,0.279285,-0.183907,0.156092,2438.300049
2017-06-26,always train (rows 1-551),-1.419763,-1.379461,-0.972361,-0.314488,-0.954954,-0.954389,0.161467,-0.453348,-0.065965,0.437546,0.031580,2439.070068
2017-06-27,always train (rows 1-551),-2.468895,-2.618994,-1.730418,-1.433242,-1.871536,-1.959761,-0.083587,-0.159999,-0.975513,0.928423,-0.807282,2419.379883
2017-06-28,always train (rows 1-551),1.362742,1.419125,1.387207,1.461055,0.852479,1.766510,1.517773,0.517788,-0.881390,2.010193,0.880807,2440.689941
2017-06-29,always train (rows 1-551),-2.413087,-2.413670,-1.454056,-1.474309,-1.876814,-1.435675,-0.347281,-1.018024,-0.881813,1.480782,-0.860002,2419.699951
2017-06-30,always train (rows 1-551),-0.867971,-0.987129,0.236615,-0.812558,0.642437,-0.039725,0.041342,0.037175,-0.263854,0.274250,0.153323,2423.409912
2017-07-03,always train (rows 1-551),-1.099312,-1.103749,-0.361060,-1.481411,-1.102555,-1.688955,1.434733,1.697010,0.461096,2.035220,0.231083,2429.010010
2017-07-05,always train (rows 1-551),1.392132,1.447658,0.411164,1.860204,1.334903,1.286780,0.029105,-1.522542,0.556819,1.002671,0.145328,2432.540039
2017-07-06,always train (rows 1-551),-0.490221,-0.550632,-0.943858,-0.644430,-0.738267,-1.011016,-0.960145,-0.902915,-0.838050,-0.320231,-0.936882,2409.750000
2017-07-07,always train (rows 1-551),1.414286,1.312482,1.411194,1.015884,1.297963,1.760509,0.552293,0.124827,0.015063,0.503311,0.640313,2425.179932
2017-07-10,always train (rows 1-551),1.083089,1.111479,1.809436,0.610368,0.748599,1.360265,-0.520042,-0.074766,-0.746945,-0.703225,0.092777,2427.429932
2017-07-11,always train (rows 1-551),0.266039,0.138892,-0.234830,0.324019,0.014271,1.153085,-0.593242,0.548874,-0.243263,-0.386322,-0.078268,2425.530029
2017-07-12,always train (rows 1-551),1.481870,1.477275,1.245309,0.144287,1.657409,2.337885,0.401792,0.446658,0.762044,-0.344691,0.730561,2443.250000
2017-07-13,always train (rows 1-551),0.122997,0.352830,-0.584194,1.392893,0.871432,0.226552,-0.135355,0.012380,-0.279820,0.637755,0.187458,2447.830078
2017-07-14,always train (rows 1-551),0.831904,0.932255,0.859404,1.407207,0.117922,0.445807,-0.129649,0.382802,0.561211,-0.913017,0.467350,2459.270020
2017-07-17,always train (rows 1-551),-0.097250,-0.268836,0.348943,0.821511,0.783203,-0.150021,0.407153,-0.516733,-0.339405,-0.932225,-0.005291,2459.139893
2017-07-18,always train (rows 1-551),1.126068,1.256538,1.426678,0.347664,-0.068155,1.959547,0.088149,-0.321523,1.748054,-0.350122,0.059786,2460.610107
2017-07-19,always train (rows 1-551),0.589704,0.568657,0.236221,0.626340,0.763988,0.785962,0.522576,0.310167,0.557796,0.142717,0.537264,2473.830078
2017-07-20,always train (rows 1-551),-0.058434,-0.282209,0.178218,0.487390,-0.450306,0.237578,0.075937,0.012354,1.005818,0.000000,-0.015366,2473.449951
2017-07-21,always train (rows 1-551),0.166306,0.492702,-0.294548,-0.046499,-0.579327,-0.060755,0.005833,-0.915156,-0.922575,-0.339900,-0.036787,2472.540039
2017-07-24,always train (rows 1-551),0.449771,0.762645,1.294759,1.211135,-0.257494,0.954815,0.017508,-0.312011,-1.699846,0.429085,-0.106373,2469.909912
2017-07-25,always train (rows 1-551),-2.932969,-3.023439,0.088554,0.427370,0.801614,-0.433743,0.916151,0.500814,-0.849523,1.665187,0.292317,2477.129883
2017-07-26,always train (rows 1-551),-0.383880,-0.305045,1.243424,0.471427,-0.188712,0.199665,0.046260,0.124573,-0.705206,-0.937462,0.028266,2477.830078
2017-07-27,always train (rows 1-551),-1.326001,-1.446503,-0.645897,-1.889759,-1.201875,2.916487,0.017338,0.572375,-0.091652,-0.413356,-0.097269,2475.419922
2017-07-28,always train (rows 1-551),0.611018,0.796492,-2.481836,-0.704077,-0.164022,1.179295,0.548972,-1.521763,0.779662,-0.294942,-0.134112,2472.100098
2017-07-31,always train (rows 1-551),-1.338793,-1.171490,-0.515062,-0.465528,-3.162619,-1.855605,0.557472,0.552793,0.659834,0.569641,-0.072815,2470.300049
2017-08-01,always train (rows 1-551),0.112113,0.035467,0.887559,-0.165025,0.851408,0.360396,0.754411,0.162440,-0.158239,1.339889,0.244912,2476.350098
2017-08-02,always train (rows 1-551),0.114086,4.725093,-0.047269,-0.030121,-0.440925,-0.329659,0.884913,0.536339,-0.264112,0.086011,0.049265,2477.570068
2017-08-03,always train (rows 1-551),-0.774556,-0.999132,-0.724439,-0.152233,-0.900697,-0.419378,0.640989,-0.136498,0.900427,-0.655140,-0.218365,2472.159912
2017-08-04,always train (rows 1-551),0.583879,0.527112,0.466644,0.734583,0.066877,0.610955,0.519578,-0.347856,-0.127515,1.254042,0.188910,2476.830078
2017-08-07,always train (rows 1-551),1.547391,-0.004243,0.150861,-0.385230,0.474892,1.391331,-1.044912,-0.062301,-0.240249,0.384363,0.164720,2480.909912
2017-08-08,always train (rows 1-551),0.799723,-0.164944,-0.276522,0.538681,-0.244889,-0.436087,-0.904292,-0.249523,-0.444085,-0.361635,-0.241443,2474.919922
2017-08-09,always train (rows 1-551),0.612173,-0.435295,-0.419740,-0.439642,-0.791042,-0.029207,0.923882,0.312642,0.725772,-0.160084,-0.036361,2474.020020
2017-08-10,always train (rows 1-551),-3.185202,-1.754111,-1.696835,-1.462644,-2.554959,-2.208215,-0.954733,-0.591644,-0.105074,-1.432701,-1.447444,2438.209961
2017-08-11,always train (rows 1-551),1.390709,0.703778,0.788112,1.526368,1.156839,0.406226,-0.578365,-0.962353,0.007522,-0.835225,0.127557,2441.320068
2017-08-14,always train (rows 1-551),1.504971,0.950442,0.905519,1.503432,1.581626,1.588549,1.112123,0.025544,0.285490,1.170396,1.004375,2465.840088
2017-08-15,always train (rows 1-551),1.094740,-0.090511,-0.048764,0.027324,-0.056951,0.146400,0.101533,-0.074901,-0.242888,0.259497,-0.049881,2464.610107
2017-08-16,always train (rows 1-551),-0.402198,0.659868,0.513959,0.587301,-0.464010,-0.584791,0.602914,0.592304,-0.730386,-0.690178,0.142010,2468.110107
2017-08-17,always train (rows 1-551),-1.919895,-1.759043,-1.723892,-1.697210,-1.800284,-1.817652,-0.772930,-0.842259,-1.561880,-1.563673,-1.543695,2430.010010
2017-08-18,always train (rows 1-551),-0.228038,-0.159543,-0.034037,0.124318,-0.218619,0.299565,0.225781,-0.308141,0.498294,0.099255,-0.183537,2425.550049
2017-08-21,always train (rows 1-551),-0.184109,-0.573329,-0.440338,-0.469075,-0.540442,0.221003,0.439287,0.618238,-0.339265,-0.121202,0.116265,2428.370117
2017-08-22,always train (rows 1-551),1.634751,2.120823,1.988605,1.399855,1.427687,1.108615,1.183134,0.936716,0.471333,1.026136,0.994078,2452.510010
2017-08-23,always train (rows 1-551),0.125160,0.231821,0.249817,-0.601384,-0.920467,-0.548220,-0.260461,-1.410567,-0.169401,0.120158,-0.345359,2444.040039
2017-08-24,always train (rows 1-551),-0.443792,-0.603662,-0.617038,-0.041280,-0.579332,-0.574955,-0.861208,0.067768,-0.365483,-0.163658,-0.207446,2438.969971
2017-08-25,always train (rows 1-551),0.370445,-0.682039,-0.585064,0.178877,-0.754897,-0.846539,0.655727,-0.280166,0.510946,0.404316,0.167287,2443.050049
2017-08-28,always train (rows 1-551),1.007124,-0.254708,-0.227083,0.013733,0.080397,0.553130,-0.501119,0.045547,-0.325862,-0.315621,0.048707,2444.239990
2017-08-29,always train (rows 1-551),0.891789,0.820986,0.818534,0.302037,0.849877,0.484333,-0.044769,0.356768,-0.026170,-0.545833,0.084282,2446.300049
2017-08-30,always train (rows 1-551),0.270142,0.842120,0.898762,1.314215,1.418155,1.112778,0.968543,-0.862280,-0.457791,0.230525,0.461515,2457.590088
2017-08-31,always train (rows 1-551),0.397869,1.230354,1.049931,1.026881,1.344572,1.206438,0.449125,0.991841,0.302220,-0.459978,0.572098,2471.649902
2017-09-01,always train (rows 1-551),0.030515,-0.340246,-0.211840,-1.110070,-0.239650,0.029081,-0.237364,-1.012314,0.314440,0.891167,0.198254,2476.550049
2017-09-05,always train (rows 1-551),-1.200865,-1.103994,-0.948431,-0.446339,-1.326856,-0.755734,-2.074918,0.796634,-0.862395,-2.388186,-0.755081,2457.850098
2017-09-06,always train (rows 1-551),-0.104856,0.057380,-0.068941,-0.285250,0.262101,0.802486,-0.107358,2.073090,0.592781,0.670298,0.312873,2465.540039
2017-09-07,always train (rows 1-551),-0.401499,0.835436,0.877339,1.280629,1.205827,0.650828,-1.583793,0.317348,1.163217,-1.753428,-0.017844,2465.100098
2017-09-08,always train (rows 1-551),-1.630898,-0.892748,-1.009662,-0.484216,-1.385445,-1.304783,0.867863,-0.265715,-0.915359,-0.124249,-0.148885,2461.429932
2017-09-11,always train (rows 1-551),1.809249,0.199698,0.278457,1.054322,1.248578,1.497535,1.350425,0.545526,1.702553,1.549442,1.083930,2488.110107
2017-09-12,always train (rows 1-551),-0.396276,0.356200,0.321817,-0.107039,0.472418,-0.317011,0.427284,0.315452,-0.435389,1.225077,0.336395,2496.479980
2017-09-13,always train (rows 1-551),-0.752224,0.400359,0.324024,0.709711,1.732170,0.052036,0.162343,0.339639,-0.135757,0.286042,0.075712,2498.370117
2017-09-14,always train (rows 1-551),-0.858176,-1.084757,-1.067281,-0.585025,-0.739294,-1.207727,-0.195613,0.401136,1.306146,-0.197484,-0.110072,2495.620117
2017-09-15,always train (rows 1-551),1.010923,-0.514815,-0.521020,0.722175,-0.546255,0.397740,0.739201,-0.024973,0.201243,0.714563,0.184718,2500.229980
2017-09-18,always train (rows 1-551),-0.756845,-0.592343,-0.574823,-0.199180,-1.276870,-0.949655,0.878316,0.024979,0.691727,1.418901,0.145592,2503.870117
2017-09-19,always train (rows 1-551),0.037873,0.764724,0.744275,0.372554,-0.444470,1.476389,0.848621,0.162329,-0.118182,1.097708,0.111020,2506.649902
2017-09-20,always train (rows 1-551),1.139991,1.059856,-1.675842,-0.662758,0.345410,-0.202876,0.442606,0.411366,-1.479070,0.702603,0.063435,2508.239990
2017-09-21,always train (rows 1-551),0.001065,0.093388,-1.717166,-0.974147,-0.879566,-0.615685,-0.359049,-0.819369,-1.103450,0.454518,-0.304592,2500.600098
2017-09-22,always train (rows 1-551),-0.452764,-0.420389,-0.977910,0.269536,-0.989990,-0.333125,-0.709764,0.037531,-0.273232,-0.210481,0.064779,2502.219971
2017-09-25,always train (rows 1-551),-0.952024,-0.814193,-0.882206,-1.545486,-1.602980,-4.497476,0.362919,1.326385,-0.167455,-0.748699,-0.222205,2496.659912
2017-09-26,always train (rows 1-551),0.337170,0.422384,1.720374,0.000000,-0.126619,0.822754,-0.361606,-0.111191,-0.175349,-0.446235,0.007217,2496.840088
2017-09-27,always train (rows 1-551),2.396974,2.122473,0.711750,0.805315,1.307263,2.113164,0.775324,0.667578,-0.908814,1.579503,0.408514,2507.040039
2017-09-28,always train (rows 1-551),0.511522,0.530454,-0.615955,0.027072,0.581574,0.626176,-0.032737,0.933357,-0.215803,0.210129,0.120462,2510.060059
2017-09-29,always train (rows 1-551),0.923487,1.012093,0.548005,0.839303,0.517569,1.268315,0.060041,-0.255526,0.417099,0.136309,0.370511,2519.360107
2017-10-02,always train (rows 1-551),-0.641870,-0.608875,-0.201154,0.161129,-0.224688,-0.819348,1.140081,-0.426966,0.930692,1.392482,0.387400,2529.120117
2017-10-03,always train (rows 1-551),0.476488,0.474152,0.435591,-0.469071,-0.217892,0.289136,0.140227,0.159287,0.670628,0.526682,0.215884,2534.580078
2017-10-04,always train (rows 1-551),-0.545212,-0.637906,-0.647312,0.579030,0.872426,-0.906097,0.086176,0.036673,0.598029,-1.016948,0.124672,2537.739990
2017-10-05,always train (rows 1-551),1.904259,1.920801,1.244456,1.713758,1.595112,1.674379,0.694179,0.281223,0.225763,1.346561,0.564679,2552.070068
2017-10-06,always train (rows 1-551),0.857704,0.920640,-0.057881,0.039492,0.890045,0.578137,0.165668,-0.377967,0.022530,-0.175119,-0.107363,2549.330078
2017-10-09,always train (rows 1-551),-0.133834,-0.193082,0.347690,0.381528,0.142484,0.156770,0.037351,0.391633,0.172629,-0.526210,-0.180443,2544.729980
2017-10-10,always train (rows 1-551),-0.454501,-0.450338,0.038476,0.000000,-0.382444,-0.527549,0.266667,0.280393,0.337201,0.746784,0.232241,2550.639893
2017-10-11,always train (rows 1-551),1.807029,1.711904,0.416977,0.170458,0.790112,0.670226,-0.287230,0.413328,2.053787,-0.298544,0.180351,2555.239990
2017-10-12,always train (rows 1-551),0.000000,-0.143554,0.915989,-0.351353,0.595982,-0.110006,-0.618801,-0.205817,0.131721,-0.877737,-0.168675,2550.929932
2017-10-13,always train (rows 1-551),0.220763,0.187289,0.479751,0.634626,0.200810,0.689656,0.574338,-0.024291,-0.292323,-0.135428,0.087811,2553.169922
2017-10-16,always train (rows 1-551),0.146846,0.234408,1.840877,0.206471,0.339007,0.448946,0.314891,0.485392,-0.227239,2.065502,0.175075,2557.639893
2017-10-17,always train (rows 1-551),0.163464,0.018159,0.369001,-0.077254,0.277242,0.911069,-0.303260,0.181163,3.430812,-0.224855,0.067258,2559.360107
2017-10-18,always train (rows 1-551),0.172110,0.063488,-0.442448,0.025746,-1.202031,-0.045442,0.245481,-0.241100,-0.078162,0.379039,0.074234,2561.260010
2017-10-19,always train (rows 1-551),-1.076290,-0.842054,0.386564,-2.366021,-1.042120,-0.835056,-0.340697,0.966762,-0.024160,0.122482,0.032800,2562.100098
2017-10-20,always train (rows 1-551),0.322405,0.380917,1.155174,0.173093,-0.375024,0.240592,0.977505,0.253437,0.447176,1.426940,0.511684,2575.209961
2017-10-23,always train (rows 1-551),-1.943151,-1.998581,0.025358,-0.051247,-1.689883,-2.120251,0.185149,0.856734,0.156430,-0.170812,-0.397248,2564.979980
2017-10-24,always train (rows 1-551),0.299338,0.215817,0.038102,0.595572,0.993479,0.309465,0.205924,0.276290,-1.378629,1.590478,0.161791,2569.129883
2017-10-25,always train (rows 1-551),0.300463,0.287469,-0.291698,-0.439219,-0.306380,-0.698481,-0.563807,0.508327,-0.359400,0.099076,-0.466305,2557.149902
2017-10-26,always train (rows 1-551),-0.004055,-0.079111,0.165354,0.639324,-0.049341,0.017576,-0.052995,0.360697,-0.386327,0.712753,0.127095,2560.399902
2017-10-27,always train (rows 1-551),4.261578,4.802790,6.411854,3.583011,13.216381,4.248970,-0.010606,0.287550,-0.021167,0.029468,0.807302,2581.070068
2017-10-30,always train (rows 1-551),-0.052247,0.095461,-0.211925,2.250832,0.899221,1.118729,-0.392380,-0.203074,-1.255452,-0.353712,-0.319247,2572.830078
2017-10-31,always train (rows 1-551),-0.008693,-0.046197,-0.846336,1.391565,-0.501417,0.105645,-0.484431,-0.227435,-0.421434,-0.788893,0.094446,2575.260010
2017-11-01,always train (rows 1-551),0.925419,0.871489,0.000000,-1.271898,-0.144763,1.443960,0.123032,0.623859,0.408856,0.308119,0.159211,2579.360107
2017-11-02,always train (rows 1-551),0.035466,0.007811,1.045957,0.731066,-0.857132,-2.047537,0.769355,-0.405367,-0.035705,0.663902,0.018997,2579.850098
2017-11-03,always train (rows 1-551),0.673084,0.672789,2.611321,0.107047,1.588352,0.000000,-0.710459,-0.419016,0.107174,-0.177174,0.309708,2587.840088
2017-11-06,always train (rows 1-551),-0.696186,1.014535,-0.637314,0.392191,0.815040,0.698629,-0.315059,0.685219,-0.228419,-0.621253,0.127125,2591.129883
2017-11-07,always train (rows 1-551),0.931245,0.321364,0.724259,-0.236767,0.223975,0.044418,-0.203551,-0.202964,0.007152,-2.014310,-0.018910,2590.639893
2017-11-08,always train (rows 1-551),0.560647,0.818053,0.630969,0.344146,0.864518,-0.382808,-0.912505,-0.131621,1.108995,-1.124027,0.144365,2594.379883
2017-11-09,always train (rows 1-551),-0.204312,-0.998794,-0.826070,-0.555818,-0.331015,-0.144798,-0.059589,0.599007,-0.686428,-0.010229,-0.376189,2584.620117
2017-11-10,always train (rows 1-551),-0.340735,-0.330940,-0.309340,-0.261633,-0.334770,-0.468497,-0.439055,-0.312475,-0.562889,-0.122943,-0.089764,2582.300049
2017-11-13,always train (rows 1-551),-0.282528,-0.400758,-0.225670,0.071554,0.339447,0.173723,0.391987,-0.060295,0.143334,0.358952,0.098363,2584.840088
2017-11-14,always train (rows 1-551),0.042260,0.024372,-1.511777,0.142996,0.679258,-0.391566,-0.574836,-0.784164,-0.193202,-0.602908,-0.230961,2578.870117
2017-11-15,always train (rows 1-551),-0.502104,-0.496096,-1.318975,-0.777256,-0.892825,-0.067390,-0.834514,-0.279576,-1.252457,0.945838,-0.552568,2564.620117
2017-11-16,always train (rows 1-551),1.163641,1.135246,1.194670,0.265146,0.940807,0.921612,0.132009,-0.165325,-0.800380,0.531936,0.819606,2585.639893
2017-11-17,always train (rows 1-551),-1.199856,-1.298794,-0.555202,-0.961566,-0.651547,-0.328529,-0.543810,-0.626508,-0.397203,-0.729224,-0.262596,2578.850098
2017-11-20,always train (rows 1-551),-0.118732,-0.069672,-0.099928,0.157739,-0.315965,-0.145251,0.314817,-0.050718,0.386340,0.886473,0.127568,2582.139893
2017-11-21,always train (rows 1-551),1.511613,1.581934,1.859080,1.441927,1.170194,1.745540,0.853377,0.297211,0.397266,-0.080765,0.654114,2599.030029
2017-11-22,always train (rows 1-551),0.154245,1.051143,0.142108,1.462935,-0.728609,-0.544368,-0.338462,0.284402,-0.758978,-0.293141,-0.075026,2597.080078
2017-11-24,always train (rows 1-551),0.437290,2.580959,0.005732,0.448854,0.180478,1.056015,-0.109551,0.394579,0.524412,-0.324417,0.205610,2602.419922
2017-11-27,always train (rows 1-551),1.466143,0.828838,1.306930,-0.502959,0.732644,0.136782,0.619656,-0.380727,0.677990,-0.396656,-0.038426,2601.419922
2017-11-28,always train (rows 1-551),-0.813429,-0.186481,-0.645035,-0.585924,1.204253,-0.333296,2.207198,1.390315,0.690389,3.502485,0.984851,2627.040039
2017-11-29,always train (rows 1-551),-2.436773,-2.708614,-2.458441,-1.814336,-2.074287,-3.996251,1.231744,0.734666,-0.149954,2.338240,-0.036923,2626.070068
2017-11-30,always train (rows 1-551),1.333027,-0.116653,1.398385,0.995961,-0.024477,1.170539,1.664466,1.239820,-0.343357,0.761556,0.819095,2647.580078
2017-12-01,always train (rows 1-551),-1.223711,-1.071242,0.106895,-0.465510,-1.100435,-1.173963,0.803069,0.204126,0.466540,0.258343,-0.202453,2642.219971
2017-12-04,always train (rows 1-551),-0.730774,-1.287723,-2.443329,-1.137442,-3.774033,-2.073086,1.233557,0.131785,-0.692970,2.061247,-0.105216,2639.439941
2017-12-05,always train (rows 1-551),0.763935,-0.094238,0.671988,0.647856,0.629018,0.793159,-0.451868,-0.813689,0.474824,-1.150066,-0.373938,2629.570068
2017-12-06,always train (rows 1-551),1.286775,1.316212,0.944316,-0.371375,1.458498,1.868901,-0.030608,0.995168,-0.735895,-0.747275,-0.011411,2629.270020
2017-12-07,always train (rows 1-551),1.147468,1.232373,0.645633,0.183442,-0.350314,2.317363,0.168360,0.328121,-0.744354,-0.295397,0.293236,2636.979980
2017-12-08,always train (rows 1-551),0.460481,0.593636,0.190552,2.024490,0.029508,-0.632835,0.050935,0.133299,0.414263,1.252141,0.550631,2651.500000
2017-12-11,always train (rows 1-551),0.246800,0.390515,1.271382,0.595526,1.948430,0.022358,0.132353,0.447563,0.391181,-0.292663,0.320196,2659.989990
2017-12-12,always train (rows 1-551),-0.304193,-0.059543,0.410648,-0.328504,-0.561788,-1.161767,1.204886,1.034463,-0.325164,1.164548,0.154892,2664.110107
2017-12-13,always train (rows 1-551),0.249830,0.012495,-0.268727,0.331970,-0.081541,0.757244,-0.838908,0.203359,0.434989,-1.254094,-0.047296,2662.850098
2017-12-14,always train (rows 1-551),0.578270,0.820671,0.870178,-0.773310,-0.029031,0.050460,-0.374868,-0.867796,-0.264688,-0.805612,-0.407086,2652.010010
2017-12-15,always train (rows 1-551),1.374031,1.433529,2.550479,0.415580,1.016139,1.003426,0.569508,0.571812,0.156810,1.414106,0.897434,2675.810059
2017-12-18,always train (rows 1-551),1.221104,1.216905,1.408298,0.970196,-0.541188,0.355210,0.788754,-0.463277,-0.108370,0.772547,0.536281,2690.159912
2017-12-19,always train (rows 1-551),-0.489373,-0.599736,-0.268776,-0.636706,-1.065651,-0.724487,-0.717364,-0.014109,-0.602827,-0.420684,-0.323027,2681.469971
2017-12-20,always train (rows 1-551),-0.576041,-0.535177,-0.108822,-0.821976,-0.361189,-0.902473,-0.060639,0.521580,-0.437278,-0.347402,-0.082789,2679.250000
2017-12-21,always train (rows 1-551),-0.252433,-0.123941,0.378523,-0.023369,-0.242865,-0.247319,0.556149,1.182596,-0.070863,1.592232,0.198566,2684.570068
2017-12-22,always train (rows 1-551),-0.185845,-0.330005,0.000000,0.011697,-0.544792,-0.140899,-0.487707,0.143056,-0.666363,-0.352420,-0.045817,2683.340088
2017-12-26,always train (rows 1-551),-0.281596,-0.318827,0.718960,-0.128611,-2.536965,-0.682825,-0.176835,0.011927,-0.021437,-0.400167,-0.105842,2680.500000
2017-12-27,always train (rows 1-551),-0.530103,-0.697430,0.467381,0.362978,0.017542,0.926165,0.566885,-0.095245,0.342636,0.186867,0.079094,2682.620117
2017-12-28,always train (rows 1-551),-0.400864,-0.117216,0.324804,0.011678,0.281387,0.168903,0.437866,0.143031,-0.007095,0.531629,0.183400,2687.540039
2017-12-29,always train (rows 1-551),-0.241486,-0.166012,-0.210032,-1.402076,-1.081367,-0.820588,-0.671475,-0.452272,-0.597610,-0.788535,-0.518315,2673.610107
2018-01-02,always train (rows 1-551),1.880569,1.777512,1.670844,0.479318,1.790474,2.810836,-0.504490,1.661871,-0.350723,0.944435,0.830336,2695.810059
2018-01-03,always train (rows 1-551),1.706114,1.641328,1.277531,0.465396,-0.017427,1.791407,1.303109,1.964005,0.955276,0.101876,0.639882,2713.060059
2018-01-04,always train (rows 1-551),0.388430,0.362123,0.447601,0.880143,0.464455,-0.184110,0.450478,0.138411,-0.007130,1.432562,0.402864,2723.989990
2018-01-05,always train (rows 1-551),1.326031,1.457105,1.616252,1.239836,1.138579,1.367138,0.363743,-0.080633,0.825349,-0.641952,0.703377,2743.149902
2018-01-08,always train (rows 1-551),0.353055,0.427311,1.442468,0.102004,-0.371424,0.765314,0.655351,0.449578,0.127024,0.147676,0.166234,2747.709961
2018-01-09,always train (rows 1-551),-0.127453,-0.061422,0.467571,-0.067962,-0.011485,-0.217754,0.138107,-0.424579,1.585706,0.506916,0.130293,2751.290039
2018-01-10,always train (rows 1-551),-0.238136,0.130121,-0.329931,-0.453411,-0.022945,-0.015985,1.275735,-0.795204,-0.117929,1.100417,-0.111223,2748.229980
2018-01-11,always train (rows 1-551),1.781828,0.172059,0.263912,0.296084,0.568009,-0.037269,0.525267,0.987427,0.569559,0.535160,0.703365,2767.560059
2018-01-12,always train (rows 1-551),2.233923,1.672587,1.514214,1.725702,1.032663,-4.473565,1.678843,0.678737,0.669943,1.651011,0.674960,2786.239990
2018-01-16,always train (rows 1-551),-0.026059,0.004421,-0.044559,-1.395119,-0.508245,-0.546347,0.061853,-0.628465,0.754659,-0.355023,-0.352449,2776.419922
2018-01-17,always train (rows 1-551),-0.755631,0.742905,0.911084,2.026047,1.651619,1.840321,-0.442844,1.184328,0.081702,0.641310,0.941505,2802.560059
2018-01-18,always train (rows 1-551),-0.129729,-0.274773,-0.193470,-0.044379,0.089335,1.238738,-0.452933,-0.647722,-0.040781,0.238960,-0.161639,2798.030029
2018-01-19,always train (rows 1-551),0.662870,0.097417,0.683305,-0.110969,-0.446277,0.828685,0.028143,-0.320261,0.299447,-0.220727,0.438524,2810.300049
2018-01-22,always train (rows 1-551),2.528241,1.806718,1.608789,1.788886,-0.818092,2.250570,1.275499,1.262189,0.529350,1.168061,0.806673,2832.969971
2018-01-23,always train (rows 1-551),2.654237,1.031647,1.225111,0.316549,0.022608,2.147051,-0.189843,0.056661,-4.259487,-0.104977,0.217437,2839.129883
2018-01-24,always train (rows 1-551),-0.369157,-0.414911,-0.489759,-0.087049,-1.592884,-1.478756,0.023197,0.260464,0.169206,1.278341,-0.055998,2837.540039
2018-01-25,always train (rows 1-551),1.505691,0.926338,0.526522,0.555443,-1.785129,0.498518,-0.236536,-0.180725,1.640024,0.025926,0.060262,2839.250000
2018-01-26,always train (rows 1-551),1.748978,0.458488,0.467369,1.873667,0.233805,1.344159,0.971639,0.712902,0.644070,0.535879,1.184120,2872.870117
2018-01-29,always train (rows 1-551),1.114799,-0.090941,-0.022113,-0.148818,-2.069851,-2.115811,-0.796536,-1.112346,-1.135381,-0.103165,-0.673197,2853.530029
2018-01-30,always train (rows 1-551),1.420625,-0.767817,-1.011400,-1.256358,-0.589435,0.612980,-0.487331,-1.397574,-0.870001,-0.938018,-1.089882,2822.429932
2018-01-31,always train (rows 1-551),0.909020,0.411930,0.537076,2.447686,0.275512,-0.122907,-0.013991,0.599202,-2.976884,0.486472,0.048899,2823.810059
2018-02-01,always train (rows 1-551),-4.196737,-0.053298,-0.191452,-0.789376,0.209034,3.317450,1.338742,2.027530,1.324262,1.037446,-0.064809,2821.979980
2018-02-02,always train (rows 1-551),2.874097,-5.280174,-2.631022,-4.778628,-4.339011,-1.455288,-3.742235,-5.097148,-1.671200,-2.216145,-2.120855,2762.129883
2018-02-05,always train (rows 1-551),-2.793801,-4.118543,-5.075939,-5.045420,-2.498436,-4.740377,-5.891351,-5.690245,-5.294865,-4.795238,-4.097923,2648.939941
2018-02-06,always train (rows 1-551),3.801436,3.784057,2.074570,2.348918,4.179163,2.234357,2.256099,-1.718540,1.104369,3.042243,1.744092,2695.139893
2018-02-07,always train (rows 1-551),-1.806162,-1.883279,-2.676056,-2.963164,-2.140716,-2.768326,-0.432325,-0.310997,-1.799628,0.677948,-0.500159,2681.659912
2018-02-08,always train (rows 1-551),-4.678208,-5.133327,-4.519562,-4.487965,-2.751639,-4.773011,-4.466735,-1.130776,-3.850242,-4.421032,-3.753642,2581.000000
2018-02-09,always train (rows 1-551),-0.807106,3.728962,3.826477,3.620483,1.223156,2.640171,2.403096,2.508699,0.637488,2.002222,1.493609,2619.550049
2018-02-12,always train (rows 1-551),3.480885,1.077335,0.792350,1.364440,4.027851,0.170342,1.464134,0.844526,0.571296,1.544907,1.391458,2656.000000
2018-02-13,always train (rows 1-551),2.040068,0.785406,-0.039826,0.015221,1.001760,-1.847955,-0.452508,-0.156996,-0.237979,0.617489,0.261293,2662.939941
2018-02-14,always train (rows 1-551),2.583221,1.565772,1.760673,1.672850,1.843757,3.678898,1.287938,0.209682,-0.223131,2.312552,1.340246,2698.629883
2018-02-15,always train (rows 1-551),0.738086,2.037249,1.739536,1.852869,3.357837,0.245082,1.675477,1.203041,-0.326983,0.417287,1.206911,2731.199951
2018-02-16,always train (rows 1-551),-0.894122,-0.712273,0.379341,0.484605,-0.323728,-1.444763,-0.053948,1.463084,0.433028,-0.718534,0.037347,2732.219971
2018-02-20,always train (rows 1-551),1.357090,0.782589,0.738470,0.699663,-0.336364,-0.761169,-0.363114,-1.712345,-1.032140,0.026150,-0.584139,2716.260010
2018-02-21,always train (rows 1-551),0.992271,0.920640,0.805479,-1.326591,-0.453870,1.079489,-0.999753,-0.733595,-1.135301,0.418460,-0.549650,2701.330078
2018-02-22,always train (rows 1-551),0.163184,0.262317,-0.133930,-0.634935,0.835913,0.607051,-0.144269,0.000000,1.295252,-0.182312,0.097355,2703.959961
2018-02-23,always train (rows 1-551),0.986982,2.540078,1.638889,1.821741,1.739131,2.402346,1.011308,2.201388,1.624242,2.026424,1.602838,2747.300049
2018-02-26,always train (rows 1-551),1.463338,1.445903,1.392618,1.496286,1.977188,0.894779,3.876505,1.689690,0.678462,1.244544,1.175702,2779.600098
2018-02-27,always train (rows 1-551),-0.655087,-1.278553,-2.226016,-2.289931,-0.324054,-1.876392,-0.455793,-1.699669,-0.302893,-1.187137,-1.270689,2744.280029
2018-02-28,always train (rows 1-551),0.031083,-0.456478,-1.212572,-1.216098,-0.151342,-1.730403,-1.173331,-1.359459,-2.270958,-1.584874,-1.109579,2713.830078
2018-03-01,always train (rows 1-551),-1.256236,-0.981126,-3.020352,-3.111935,-1.751656,-1.334672,-2.736486,-0.712950,-2.001833,-1.792219,-1.332440,2677.669922
2018-03-02,always train (rows 1-551),0.455317,0.215396,1.188162,0.878880,0.691431,0.386491,-0.094280,0.465432,1.209926,-0.096975,0.507160,2691.250000
2018-03-05,always train (rows 1-551),1.557073,0.634057,0.979568,1.113176,0.346199,2.140183,0.943682,0.952971,0.752998,1.535489,1.103203,2720.939941
2018-03-06,always train (rows 1-551),0.920849,-0.341735,0.560856,0.378549,-0.084867,-0.343684,0.644557,-0.117968,-1.209650,0.086925,0.263886,2728.120117
2018-03-07,always train (rows 1-551),0.478651,0.578667,1.284405,1.331442,-0.928267,2.186019,-0.122220,0.639516,-2.520385,-0.373429,-0.048387,2726.800049
2018-03-08,always train (rows 1-551),0.444016,0.607286,1.286049,1.474353,1.091249,-0.745743,0.484577,2.340378,0.008735,-0.188510,0.446308,2738.969971
2018-03-09,always train (rows 1-551),1.741783,2.234479,2.785601,3.023092,1.718088,1.584949,3.726440,1.317586,2.876056,0.593626,1.737883,2786.570068
2018-03-12,always train (rows 1-551),1.235043,0.238233,0.438470,0.384472,0.966752,-0.253724,-0.525967,-0.874427,-0.321916,0.912052,-0.127398,2783.020020
2018-03-13,fold1 val,-0.638775,-2.438789,-2.231684,-2.261053,-0.963019,-1.558807,-1.269947,1.296819,-1.198360,-0.943677,-0.636358,2765.310059
2018-03-14,fold1 val,0.177570,0.844806,0.937452,-0.593134,-0.850127,1.270091,-1.023287,-1.510963,-1.118280,-1.247803,-0.572452,2749.479980
2018-03-15,fold1 val,-0.545576,0.093071,0.064437,0.351621,0.117653,-0.179174,0.400986,0.559214,0.252280,1.114126,-0.078193,2747.330078
2018-03-16,fold1 val,-0.672427,0.445961,-1.204798,-1.407064,-0.352597,0.668974,-0.413820,0.465974,0.940605,0.173561,0.170345,2752.010010
2018-03-19,fold1 val,-1.702002,-1.807641,-3.144054,-3.045798,-1.527919,-6.769658,-1.435060,-2.573309,-1.291272,-0.788296,-1.420420,2712.919922
2018-03-20,fold1 val,2.691387,0.258355,-0.210160,-0.369859,-0.034241,0.372565,-2.555661,0.744781,0.096035,-0.215784,0.148181,2716.939941
2018-03-21,fold1 val,-0.293094,-0.697910,-0.342337,-0.444660,-2.265478,0.039073,0.737472,-0.015246,1.419137,0.087235,-0.184399,2711.929932
2018-03-22,fold1 val,-2.335226,-2.908733,-3.734009,-3.831753,-1.412951,-3.515109,-2.656602,-2.904207,-2.052261,-4.174645,-2.516289,2643.689941
2018-03-23,fold1 val,-3.194990,-2.906789,-2.525770,-2.622313,-2.315654,-2.615999,-3.335564,-1.789893,-0.829942,-2.673926,-2.096688,2588.260010
2018-03-26,fold1 val,4.031934,7.570528,2.682774,3.097212,4.747151,3.574763,0.420354,1.830544,1.522853,3.083802,2.715726,2658.550049
2018-03-27,fold1 val,-3.779901,-4.595861,-4.473052,-4.567942,-2.564111,-1.600282,-4.898168,-0.141334,-0.405401,-1.939980,-1.727631,2612.620117
2018-03-28,fold1 val,-4.383957,-0.089404,-0.174785,-0.053730,-1.104912,0.265105,0.532124,0.188686,-1.207582,-0.157164,-0.291666,2605.000000
2018-03-29,fold1 val,1.112179,2.103175,3.179534,2.710645,0.780919,1.428788,4.417437,0.549237,2.472161,1.824089,1.376972,2640.870117
2018-04-02,fold1 val,-5.206094,-3.013059,-2.363220,-2.453977,-0.655645,-2.245837,-2.753622,-1.863020,-2.801416,-1.927804,-2.233742,2581.879883
2018-04-03,fold1 val,1.462107,1.344319,0.597453,0.689520,1.025906,1.517952,0.463378,3.042715,2.458364,1.372283,1.261487,2614.449951
2018-04-04,fold1 val,1.330416,2.920514,1.082761,1.157487,1.912234,1.086075,-0.646988,1.605001,-0.199941,1.518326,1.156648,2644.689941
2018-04-05,fold1 val,2.919384,0.054175,0.284560,0.693440,0.260446,0.369799,2.733703,0.230030,1.536012,1.313037,0.686286,2662.840088
2018-04-06,fold1 val,-3.204414,-2.327344,-2.197280,-2.020807,-2.557867,-2.668658,-1.343038,-1.996791,-1.512776,-2.493756,-2.192025,2604.469971
2018-04-09,fold1 val,0.060493,0.598447,1.004016,0.835119,0.991822,-0.081848,0.464378,1.077284,0.000000,1.200861,0.333655,2613.159912
2018-04-10,fold1 val,2.143543,2.324559,1.608661,1.881810,1.594386,1.264527,4.501988,2.938409,0.594703,1.911228,1.672695,2656.870117
2018-04-11,fold1 val,-0.638476,-1.098173,-0.467573,-1.103707,-1.131217,0.775599,-1.304349,0.467096,-0.476012,-1.679836,-0.552536,2642.189941
2018-04-12,fold1 val,1.503104,1.872413,0.985884,1.193108,1.229440,1.490628,-1.473096,-0.271199,0.617128,2.485976,0.825075,2663.989990
2018-04-13,fold1 val,-1.222652,-0.534342,0.338778,-0.120524,-0.313792,-0.570335,0.396688,0.802907,0.145645,-2.707970,-0.288663,2656.300049
2018-04-16,fold1 val,0.748537,1.171083,0.623822,0.971031,0.846234,0.619290,0.188415,0.899285,0.872807,-0.081585,0.810904,2677.840088
2018-04-17,fold1 val,4.323969,2.017595,3.179411,3.485601,1.376413,2.323607,0.529716,-0.267394,-0.925946,0.000000,1.066150,2706.389893
2018-04-18,fold1 val,1.596591,0.385157,-0.367817,-0.193638,-0.224426,0.120435,-1.363712,1.136224,-2.160253,-0.807534,0.083137,2708.639893
2018-04-19,fold1 val,1.902685,-0.342178,1.307453,1.456992,-2.834001,0.436074,1.045943,0.252473,-0.133088,2.195361,-0.572612,2693.129883
2018-04-20,fold1 val,-1.889641,-1.154954,-1.113415,-1.355150,-4.097216,-0.124763,-1.082687,-0.528849,-0.697800,-0.223759,-0.853653,2670.139893
2018-04-23,fold1 val,-0.630444,0.368451,-0.325818,-0.513532,-0.289626,-0.354773,-0.264625,0.721522,0.134233,-0.484438,0.005623,2670.290039
2018-04-24,fold1 val,-3.806012,-2.338751,-4.765272,-4.447048,-1.391979,-1.313808,-3.708395,-1.533225,-0.504598,-0.468759,-1.338056,2634.560059
2018-04-25,fold1 val,0.005476,-0.869846,0.034238,0.117656,0.435781,0.000000,0.000000,1.467732,0.451701,-0.380407,0.183706,2639.399902
2018-04-26,fold1 val,3.957763,2.112417,1.986313,1.846873,0.348317,9.061309,0.116868,1.710646,0.986115,0.099998,1.043420,2666.939941
2018-04-27,fold1 val,3.600877,1.655000,-1.136766,-0.960530,-1.157000,-0.327282,0.101506,-3.796616,0.203119,-0.635750,0.111363,2669.909912
2018-04-30,fold1 val,-0.412679,-2.400336,-1.247746,-1.234904,1.811233,-0.915950,-1.774578,-0.051434,-1.387714,-0.566728,-0.818749,2648.050049
2018-05-01,fold1 val,1.029922,1.582546,2.176563,1.963959,2.323643,1.081388,0.712334,-1.028928,-0.379482,0.000000,0.254905,2654.800049
2018-05-02,fold1 val,-0.795063,-1.568413,4.417494,-1.089804,-1.568602,1.271140,-0.922558,-0.194933,-1.991910,-0.790581,-0.720586,2635.669922
2018-05-03,fold1 val,0.152891,0.598843,0.181231,0.024351,-0.064432,-1.164299,-0.879415,-0.338545,-0.380567,-0.630122,-0.225367,2629.729980
2018-05-04,fold1 val,0.564226,1.158741,3.923312,2.406718,2.392252,1.488329,2.103230,0.470381,0.942864,1.109664,1.281118,2663.419922
2018-05-07,fold1 val,1.213831,1.113921,0.723497,0.804943,0.627721,0.770058,0.725822,1.092287,-0.483132,0.866938,0.345795,2672.629883
2018-05-08,fold1 val,-0.484338,-0.426118,0.480694,-0.082119,-0.083421,0.533796,-0.416113,0.450203,-0.792944,1.481211,-0.026564,2671.919922
2018-05-09,fold1 val,0.980290,1.179428,0.704075,2.867961,2.737420,2.090337,1.849770,2.356259,2.180347,0.734061,0.968222,2697.790039
2018-05-10,fold1 val,0.067165,1.000624,1.430394,1.517065,1.367820,1.571225,0.665433,2.239467,0.775965,1.489730,0.937064,2723.070068
2018-05-11,fold1 val,-0.383452,-0.214499,-0.380306,-0.189061,0.062837,0.786929,-0.944331,0.469687,1.507763,-0.376233,0.170760,2727.719971
2018-05-14,fold1 val,-0.085465,0.337765,-0.233317,0.291842,0.176668,-0.187185,-0.060216,0.676739,-0.927344,0.035138,0.088349,2730.129883
2018-05-15,fold1 val,-1.587227,-0.724280,-0.908836,-1.963695,-1.906024,-1.243019,-0.913742,-0.048915,-0.737770,-0.763847,-0.684214,2711.449951
2018-05-16,fold1 val,0.708066,0.258001,0.933251,-0.071882,0.235354,-0.607661,0.238144,0.281190,0.175821,0.274281,0.406056,2722.459961
2018-05-17,fold1 val,-0.347766,-0.998444,-0.632336,-0.261050,-0.293957,0.305680,-0.171863,-0.170658,-0.335307,-1.196646,-0.085587,2720.129883
2018-05-18,fold1 val,-0.467200,0.187145,-0.363663,-1.074679,-1.133895,-0.587709,-0.724091,-0.708383,0.314900,-1.620013,-0.263219,2712.969971
2018-05-21,fold1 val,0.704414,1.286862,0.708489,1.343449,1.239729,0.990790,0.943592,1.205430,-0.418549,0.917826,0.738675,2733.010010
2018-05-22,fold1 val,-0.256081,-0.102464,-0.250479,-0.802570,-0.912388,-0.373994,0.111162,-0.777844,0.766842,-0.654696,-0.313576,2724.439941
2018-05-23,fold1 val,1.293794,1.189730,0.641194,0.990406,0.931070,1.686607,-1.100292,0.624719,-0.460131,0.439338,0.324841,2733.290039
2018-05-24,fold1 val,0.075539,-0.354753,-0.111544,-0.046965,-0.041672,-0.518990,-0.571572,-2.288492,-1.120126,-0.972057,-0.202321,2727.760010
2018-05-25,fold1 val,0.441648,0.050862,0.228540,-0.126218,-0.331718,-0.543206,-0.349026,-1.943447,-0.512437,-0.342778,-0.235722,2721.330078
2018-05-29,fold1 val,0.168930,-0.355818,-0.360580,-1.476834,-1.426102,0.443412,-2.204481,-0.368446,-0.216419,7.586067,-1.156419,2689.860107
2018-05-30,fold1 val,0.745253,0.959068,-0.212872,0.880097,0.705448,1.039100,2.227846,3.927598,0.650771,1.314912,1.269579,2724.010010
2018-05-31,fold1 val,0.291101,-0.111157,-0.336012,2.091026,1.609847,2.190004,-1.324063,-0.319072,-0.862073,-1.115966,-0.687956,2705.270020
2018-06-01,fold1 val,0.731460,1.972898,1.803406,3.181819,3.180679,1.152380,0.365476,0.726295,3.405787,1.370980,1.084923,2734.620117
2018-06-04,fold1 val,1.445585,0.873064,1.589406,0.835794,1.767749,-0.366010,-0.483792,-1.050985,-0.437981,0.569035,0.447960,2746.870117
2018-06-05,fold1 val,1.866365,0.511485,0.771518,-0.175183,0.032489,-0.175908,-0.277051,-0.358162,-0.527905,-0.385397,0.070259,2748.800049
2018-06-06,fold1 val,-0.035369,0.293568,0.346593,-0.353603,-0.243932,-0.829275,1.687897,1.710426,0.884508,1.078362,0.856739,2772.350098
2018-06-07,fold1 val,-0.380365,-1.570884,-0.268058,-1.092442,-1.145256,-1.651519,0.814476,0.999322,0.439792,-2.016501,-0.071419,2770.370117
2018-06-08,fold1 val,-0.314326,0.743450,-0.909756,-0.150744,-0.266035,0.488916,0.224977,0.868716,0.591909,0.141901,0.312590,2779.030029
2018-06-11,fold1 val,0.304634,-0.570695,-0.245186,0.723037,0.813653,1.290308,-0.346917,-0.598076,-1.128505,-0.251978,0.106871,2782.000000
2018-06-12,fold1 val,0.570118,0.257303,0.638977,0.549055,0.825673,0.449006,-0.030716,-0.818315,-0.097816,0.260365,0.174339,2786.850098
2018-06-13,fold1 val,0.359672,-0.454049,-0.344902,-0.821710,-0.397616,0.005176,-0.368721,-1.104074,0.073453,-0.339197,-0.402613,2775.629883
2018-06-14,fold1 val,1.114466,0.565159,1.387830,1.527145,0.052445,0.281019,0.925351,0.466179,-0.179425,0.682241,0.247155,2782.489990
2018-06-15,fold1 val,-0.457695,-1.271929,-0.072392,0.012166,-1.027258,-0.487773,-0.384418,-1.502011,0.163378,-0.774213,-0.101710,2779.659912
2018-06-18,fold1 val,0.455718,0.729065,2.097005,1.839866,-0.052919,1.256070,-0.338962,0.198361,-1.052104,0.570233,-0.212613,2773.750000
2018-06-19,fold1 val,0.637548,0.000000,-0.413153,-0.460179,-1.615991,-0.413496,-0.397674,-0.148490,1.030344,-0.582390,-0.402340,2762.590088
2018-06-20,fold1 val,0.881956,1.001385,0.456426,0.152383,0.436178,2.283649,-0.446549,-0.309801,-0.432415,-0.009289,0.171215,2767.320068
2018-06-21,fold1 val,-1.134801,-0.716588,-1.235564,-1.041170,-0.557645,-0.247519,-0.337731,-0.944663,-0.483426,-0.027869,-0.634551,2749.760010
2018-06-22,fold1 val,-0.840935,-0.721792,-0.012816,-0.188300,-0.291137,0.119116,0.026476,2.120718,1.144467,-1.637098,0.186193,2754.879883
2018-06-25,fold1 val,-3.061194,-2.011738,-2.566525,-2.654308,-1.487147,-2.671763,-1.153993,-2.015236,-0.203510,-0.907784,-1.372467,2717.070068
2018-06-26,fold1 val,1.679939,0.701312,-0.584565,-0.564541,1.240616,1.349634,-0.155301,1.128653,-0.195783,0.066807,0.220458,2723.060059
2018-06-27,fold1 val,-1.808300,-1.554300,-1.384410,-1.294648,-0.146404,-1.587932,-0.820639,1.326862,-0.604816,-1.544927,-0.860436,2699.629883
2018-06-28,fold1 val,2.465513,1.117462,0.880977,0.927557,0.727618,0.199130,1.178948,0.318246,0.320706,1.636970,0.617869,2716.310059
2018-06-29,fold1 val,-0.096981,-0.020249,0.213880,0.128345,-0.210210,-0.973339,-0.235182,0.927179,-0.540977,-0.695718,0.075840,2718.370117
2018-07-02,fold1 val,0.822456,1.419713,1.144185,1.058571,1.118229,1.564421,0.632204,-1.172504,0.197792,0.844551,0.306796,2726.709961
2018-07-03,fold1 val,-1.156514,-0.959882,-2.261605,-2.179233,-1.741646,-2.345980,-0.963636,0.587078,0.929440,-1.398957,-0.494735,2713.219971
2018-07-05,fold1 val,0.340629,0.716793,2.240470,1.938546,0.804708,2.967886,0.795611,0.085107,1.866178,0.650198,0.862080,2736.610107
2018-07-06,fold1 val,0.641276,1.403389,1.208298,1.414251,1.386193,2.408682,0.031999,0.024328,0.599994,0.327789,0.848128,2759.820068
2018-07-09,fold1 val,1.659616,0.682035,1.056200,1.217363,1.388516,0.743001,1.108979,0.692330,0.238562,3.094356,0.882299,2784.169922
2018-07-10,fold1 val,0.232898,0.265143,-0.012002,-0.104855,-0.120669,-0.586105,0.137099,0.916757,1.055132,-0.615193,0.347327,2793.840088
2018-07-11,fold1 val,0.684421,-0.137090,0.370140,0.091952,-1.297621,-0.491308,0.005271,-1.278971,-0.894940,-0.215712,-0.709420,2774.020020
2018-07-12,fold1 val,2.371511,2.167068,2.543842,2.563486,1.676612,2.162537,0.026330,0.121069,1.204044,0.432348,0.874904,2798.290039
2018-07-13,fold1 val,0.913377,1.190129,0.263042,0.451213,0.157047,0.193317,0.526427,0.749784,-1.432362,-0.458571,0.107924,2801.310059
2018-07-16,fold1 val,0.521778,-0.493196,-0.656743,-0.417229,-0.219524,-0.043419,0.544613,-0.984282,-0.984699,3.967670,-0.102814,2798.429932
2018-07-17,fold1 val,1.176419,0.991297,1.384873,1.261972,0.282852,1.331863,-0.828123,-0.218216,3.544832,-0.072364,0.397370,2809.550049
2018-07-18,fold1 val,-0.054773,-0.783381,-0.014025,-0.243571,-0.548458,-0.300027,5.267580,-0.109337,-1.014671,0.932124,0.216051,2815.620117
2018-07-19,fold1 val,-1.625144,-0.684942,-1.138576,-0.745899,0.777296,-0.606609,-1.471761,-0.255411,-1.455396,-1.470457,-0.395299,2804.489990
2018-07-20,fold1 val,0.040264,1.791192,-0.101743,-0.172719,-0.229308,0.889037,-0.359515,-0.743819,-0.071463,1.264913,-0.094845,2801.830078
2018-07-23,fold1 val,-0.645089,1.599716,1.095265,1.737704,0.088817,0.462048,0.543758,0.000000,0.619795,1.860152,0.183805,2806.979980
2018-07-24,fold1 val,1.511653,-0.287131,3.893482,3.532125,0.725426,1.782741,0.308315,1.977915,2.155901,0.705775,0.478091,2820.399902
2018-07-25,fold1 val,1.878921,2.944459,1.413980,1.251538,0.942998,1.318300,-0.428301,0.698700,-0.572063,0.902344,0.910161,2846.070068
2018-07-26,fold1 val,-2.983988,-1.091753,0.749259,0.366397,-0.313115,-18.960918,-0.075904,0.777605,1.290635,-0.286515,-0.303230,2837.439941
2018-07-27,fold1 val,0.512722,-1.769729,-2.536763,-2.351928,-1.663133,-0.777254,0.248147,-2.754046,0.974811,1.027441,-0.656221,2818.820068
2018-07-30,fold1 val,-2.093804,-2.145265,-1.823787,-1.514736,-0.560252,-2.189949,0.575903,-0.219728,0.471312,0.603274,-0.575417,2802.600098
2018-07-31,fold1 val,-0.100040,0.673808,-0.229268,-0.203329,0.200073,0.888581,-0.612789,-0.281355,0.264840,-1.524885,0.488473,2816.290039
2018-08-01,fold1 val,1.110019,0.188561,0.470183,0.225920,5.891020,-0.538899,-0.010102,-1.374077,0.090502,0.617694,-0.104035,2813.360107
2018-08-02,fold1 val,2.067697,1.213749,0.660172,2.923095,0.503280,2.749789,0.106137,-0.597083,-1.047931,0.423624,0.492645,2827.219971
2018-08-03,fold1 val,-0.601857,0.436932,0.289300,-0.239295,-0.198994,0.799444,1.100681,0.362885,0.533357,0.809309,0.464418,2840.350098
2018-08-06,fold1 val,1.341531,0.083305,0.519256,-0.039575,0.086614,4.449345,2.906508,-0.024920,0.053043,0.025604,0.353823,2850.399902
2018-08-07,fold1 val,0.797190,0.693587,1.468081,1.424766,-0.937481,-1.012455,1.290888,1.359428,-0.424201,0.367174,0.282418,2858.449951
2018-08-08,fold1 val,1.290748,0.560246,0.437162,0.272895,0.067545,0.745329,0.105405,-0.664455,-0.220600,0.204132,-0.026238,2857.699951
2018-08-09,fold1 val,0.636098,0.164426,0.248146,0.280184,0.786532,-1.128608,0.076579,-0.507862,0.022871,-0.772541,-0.144167,2853.580078
2018-08-10,fold1 val,-0.643659,-0.610931,-0.945064,-0.297873,-0.919864,-1.545701,-1.181254,-0.100627,-0.343003,-0.983898,-0.711389,2833.280029
2018-08-13,fold1 val,0.524832,-0.724763,-0.308981,0.645689,-0.210083,-0.116501,-0.706580,-1.082875,-0.405333,-1.589927,-0.400599,2821.929932
2018-08-14,fold1 val,1.236685,1.247546,0.760824,0.421330,0.574090,0.588730,0.321686,-0.318199,-0.552905,0.667314,0.638925,2839.959961
2018-08-15,fold1 val,-1.928999,-1.356043,0.233604,-2.060189,-2.231695,-0.872411,-0.646165,-1.749468,0.718127,-0.828630,-0.760216,2818.370117
2018-08-16,fold1 val,0.207158,-0.018556,1.465003,-0.662222,-0.649724,-2.690355,1.496331,1.377689,1.571721,0.941080,0.791941,2840.689941
2018-08-17,fold1 val,-0.227929,-0.055738,1.997013,-0.670714,-0.458369,0.279438,-0.515152,1.502132,0.333356,0.000000,0.332312,2850.129883
2018-08-20,fold1 val,-0.292737,-0.659995,-0.974381,0.501711,0.567056,0.153746,-0.747994,1.792212,0.702792,-0.130688,0.242802,2857.050049
2018-08-21,fold1 val,0.357535,-0.832754,-0.194932,-0.371532,-0.509203,0.014391,0.069566,-1.117771,0.025356,0.610712,0.206854,2862.959961
2018-08-22,fold1 val,1.140484,1.019014,0.004663,0.356494,0.475193,-0.556383,0.590886,1.433487,-0.546725,-0.303507,-0.039815,2861.820068
2018-08-23,fold1 val,-0.104999,0.467036,0.204600,-0.048295,-0.161525,-0.043407,-0.426165,0.371416,-1.100546,-0.208746,-0.169126,2856.979980
2018-08-24,fold1 val,0.130857,0.780987,0.310911,1.276667,1.266833,0.357069,1.012158,0.621732,0.682835,-0.043592,0.619884,2874.689941
2018-08-27,fold1 val,1.169841,1.106975,0.823482,1.578306,1.734316,1.608905,1.216463,0.979638,-0.096250,1.770156,0.767041,2896.739990
2018-08-28,fold1 val,0.266638,0.602226,0.807539,-0.828633,-0.859225,0.123514,-0.676195,-0.149218,-0.444700,-0.488376,0.026928,2897.520020
2018-08-29,fold1 val,3.377448,1.596204,1.492950,1.508190,1.474241,0.237225,-0.204239,0.722419,0.402016,-0.327193,0.570143,2914.040039
2018-08-30,fold1 val,0.214208,-0.062476,0.919356,-0.807331,-0.814854,0.989190,-0.719461,-0.432837,0.066731,-0.492401,-0.443033,2901.129883
2018-08-31,fold1 val,0.515881,0.339429,1.155402,-1.804778,-1.689104,-1.075207,-0.491060,-0.422281,-0.192656,-0.529571,0.013448,2901.520020
2018-09-04,fold1 val,1.331542,0.320698,-0.551970,-1.663438,-1.739469,0.637218,-2.600569,0.149680,-0.720159,0.497472,-0.165432,2896.719971
2018-09-05,fold1 val,-2.191217,-0.652476,-2.882456,-1.007991,-0.878870,1.052126,-2.325312,1.332685,1.600351,-0.486331,-0.280313,2888.600098
2018-09-06,fold1 val,-1.830241,-1.661743,0.230467,-1.260112,-1.267618,0.292100,-2.781437,-1.106231,0.743400,-0.427605,-0.365231,2878.050049
2018-09-07,fold1 val,-0.318638,-0.806797,-0.487408,-0.540530,-0.564245,0.544902,0.313794,1.702740,0.328803,0.192796,-0.221334,2871.679932
2018-09-10,fold1 val,-0.669033,1.081234,-1.342081,-0.214861,-0.016318,0.499910,0.699218,-0.146663,-0.080121,-0.533568,0.189783,2877.129883
2018-09-11,fold1 val,2.482708,1.700464,2.528275,1.270574,1.092181,-0.004646,1.071982,1.407411,0.947454,0.633176,0.373984,2887.889893
2018-09-12,fold1 val,0.143423,0.422505,-1.241895,-1.545389,-1.234976,-0.237104,-2.374351,0.325869,0.613679,-1.179747,0.035667,2888.919922
2018-09-13,fold1 val,-0.006533,1.074227,2.415525,0.899620,1.075842,0.139803,-0.395072,-0.974391,0.380315,0.389104,0.528225,2904.179932
2018-09-14,fold1 val,-0.989011,0.407409,-1.135108,-0.351904,-0.238226,0.688722,0.594973,0.728904,-0.285954,-0.017606,0.027548,2904.979980
2018-09-17,fold1 val,-3.155027,-1.084951,-2.662605,-1.540778,-1.405502,-0.036975,-1.071966,0.590918,0.336952,0.299544,-0.556972,2888.800049
2018-09-18,fold1 val,1.730582,0.954183,0.165234,0.627685,0.447203,0.929312,-0.174365,0.263727,0.414390,0.404087,0.536901,2904.310059
2018-09-19,fold1 val,-0.753714,-1.333826,0.059547,0.613468,0.849967,1.213923,1.721764,1.195776,-0.056912,2.904622,0.125327,2907.949951
2018-09-20,fold1 val,0.928144,1.674139,0.760183,1.473274,1.347450,0.330390,1.815303,0.224500,1.082165,0.858675,0.784059,2930.750000
2018-09-21,fold1 val,-1.506447,0.607566,-1.077123,-1.632319,-1.750810,-0.523272,-1.861254,0.412629,0.633905,-0.657459,-0.036853,2929.669922
2018-09-24,fold1 val,1.010437,0.358821,1.438030,0.634758,0.624295,-1.083802,1.522131,1.679003,-1.686761,-0.958881,-0.351569,2919.370117
2018-09-25,fold1 val,2.077688,-0.191871,0.634081,1.214862,0.961347,-0.036676,-0.302291,-0.115490,-1.302755,-0.282711,-0.130510,2915.560059
2018-09-26,fold1 val,0.015193,-0.410633,-0.796635,0.014231,-0.351156,-0.889705,1.237042,-0.832357,-0.346224,-1.177076,-0.328928,2905.969971
2018-09-27,fold1 val,1.930781,0.377258,2.055169,1.113850,1.198637,0.273007,1.132096,-0.011661,0.043457,-0.434702,0.276329,2914.000000
2018-09-28,fold1 val,-0.495783,-0.034958,0.351193,-0.023182,-0.097915,-1.195199,-2.594182,-0.874446,-0.036216,-1.467019,-0.000687,2913.979980
2018-10-01,fold1 val,0.067899,1.084169,0.673347,0.120110,0.154160,0.312922,-1.228259,0.929227,1.100128,0.357078,0.364111,2924.590088
2018-10-02,fold1 val,-1.648909,-0.397859,0.888832,-0.073640,0.401587,0.237450,-1.914537,0.757472,0.565535,1.067250,-0.039669,2923.429932
2018-10-03,fold1 val,-0.940996,0.017363,1.216879,0.322126,0.236631,0.515584,1.945637,-0.358545,-1.032186,1.534793,0.071152,2925.510010
2018-10-04,fold1 val,-2.219423,-2.066505,-1.758111,-2.844333,-2.889561,1.187619,-2.204031,-0.661642,0.230139,-0.588830,-0.816948,2901.610107
2018-10-05,fold1 val,-1.035396,-0.585142,-1.622863,-0.785007,-0.927925,0.223777,-0.956892,-0.280435,-0.179383,-0.902590,-0.552798,2885.570068
2018-10-08,fold1 val,-1.335165,-1.141562,-0.231851,-1.019838,-0.724070,1.184722,-0.050827,0.925672,0.208503,-0.242713,-0.039512,2884.429932
2018-10-09,fold1 val,0.316450,1.271988,1.385350,-0.930000,-0.883408,0.765557,0.413339,0.441244,-0.136326,0.293799,-0.141790,2880.340088
2018-10-10,fold1 val,-6.152425,-4.632603,-5.433795,-4.629005,-5.057867,-4.764028,-4.129186,-2.300335,-1.056005,-4.239472,-3.286423,2785.679932
2018-10-11,fold1 val,-2.044717,-0.235533,-0.882786,-0.130026,-0.175727,-3.711874,1.301371,-3.454807,-2.824397,-2.996312,-2.057301,2728.370117
2018-10-12,fold1 val,4.027654,3.455776,3.571914,2.732106,2.849939,0.784639,0.254295,-0.269584,0.022401,1.936571,1.420620,2767.129883
2018-10-15,fold1 val,-1.546447,-1.797927,-2.138587,-1.615299,-1.606193,-0.855901,-0.143085,-0.688152,0.059768,-0.341546,-0.590498,2750.790039
2018-10-16,fold1 val,3.351033,3.159849,2.203723,2.779282,2.657825,2.341122,3.426258,0.470180,1.948491,2.610903,2.149560,2809.919922
2018-10-17,fold1 val,0.646719,-0.261257,-0.432138,-0.484518,-0.498525,0.328839,0.403084,2.123611,0.369493,0.243923,-0.025266,2809.209961
2018-10-18,fold1 val,-3.330730,-1.996214,-2.337335,-2.632164,-2.484564,-0.864529,-2.822735,0.429424,0.028696,-1.584263,-1.439192,2768.780029
2018-10-19,fold1 val,-0.377816,0.147463,1.523003,0.662187,0.780338,0.541449,-0.561580,0.146627,-0.322590,-0.166544,-0.036117,2767.780029
2018-10-22,fold1 val,1.432511,0.892688,0.610999,0.560077,0.428653,-1.734737,0.473874,-0.266093,-1.000383,-1.436372,-0.429953,2755.879883
2018-10-23,fold1 val,-1.151287,0.942676,-1.395590,0.318525,0.229764,-1.062128,-0.251975,0.180256,-1.614306,-1.043652,-0.551183,2740.689941
2018-10-24,fold1 val,-5.908293,-3.430167,-5.346886,-5.183376,-4.800255,-2.053923,-5.408382,-1.050880,-2.780551,-3.995857,-3.086443,2656.100098
2018-10-25,fold1 val,7.088690,5.844386,2.189781,4.395896,4.269471,1.086031,3.362086,0.727454,0.888936,2.571557,1.862504,2705.570068
2018-10-26,fold1 val,-7.819675,-1.237294,-1.592360,-1.797758,-2.199757,-1.727889,-3.696573,-1.083259,-0.996040,-1.237046,-1.732726,2658.689941
2018-10-29,fold1 val,-6.326359,-1.877004,-2.907647,-4.523186,-4.796208,0.780890,-2.256313,0.423422,-0.619119,-2.455725,-0.655960,2641.250000
2018-10-30,fold1 val,-0.549746,0.499411,-0.115545,1.428389,1.581238,1.654676,2.906603,2.326436,2.245306,1.764419,1.566678,2682.629883
2018-10-31,fold1 val,4.416426,2.606672,2.969243,3.913265,3.914273,0.949099,3.809309,-0.539967,1.142424,2.174319,1.085133,2711.739990
2018-11-01,fold1 val,4.225255,1.535224,-0.833237,-0.421802,-0.628738,0.282542,-0.026326,0.592884,1.242454,-0.036678,1.055784,2740.370117
2018-11-02,fold1 val,0.000000,0.226597,-6.633079,-1.334278,-1.141119,0.344898,-0.922573,-0.099414,1.586686,-0.550577,-0.631669,2723.060059
2018-11-05,fold1 val,-2.265342,1.271629,-2.838816,-1.470854,-1.673302,4.681221,-1.110748,1.080486,-0.378250,0.655117,0.560032,2738.310059
2018-11-06,fold1 val,0.922108,0.195343,1.081411,1.310936,1.511416,1.049754,0.847473,0.260198,0.428721,0.467504,0.625930,2755.449951
2018-11-07,fold1 val,6.858973,3.936118,3.032825,3.615473,3.559346,1.249376,1.060402,1.529093,1.268427,1.715320,2.120886,2813.889893
2018-11-08,fold1 val,-0.033038,-0.187550,-0.348934,-1.228070,-1.005120,0.533354,-2.415366,0.379957,-1.589782,0.807332,-0.250892,2806.830078
2018-11-09,fold1 val,-2.420638,-1.950792,-1.928135,-1.608748,-1.501311,-1.254381,-1.967949,0.027478,-0.024716,-0.969909,-0.919901,2781.010010
2018-11-12,fold1 val,-4.413610,-2.464175,-5.037402,-2.568213,-2.581238,-1.916863,-2.352370,0.192664,-1.286019,-2.102636,-1.970149,2726.219971
2018-11-13,fold1 val,-0.347004,0.065525,-0.999146,-0.132467,-0.248402,1.160524,0.430955,-0.645490,-2.292394,0.587430,-0.148192,2722.179932
2018-11-14,fold1 val,-1.971593,-1.418110,-2.824718,0.630758,0.734499,-0.867290,1.449072,-0.297210,-0.782041,-2.062228,-0.756741,2701.580078
2018-11-15,fold1 val,1.277665,2.200638,2.467912,1.561754,2.016957,0.624916,-0.256550,0.173289,1.033750,2.552873,1.059375,2730.199951
2018-11-16,fold1 val,-1.607344,0.941418,1.107533,-0.259554,-0.302436,0.473824,-3.003150,1.031180,0.984801,-0.072673,0.222331,2736.270020
2018-11-19,fold1 val,-5.090968,-3.388997,-3.963206,-3.823946,-3.908648,-0.215192,1.191846,-5.719193,0.329253,0.763698,-1.664311,2690.729980
2018-11-20,fold1 val,-1.112881,-2.781532,-4.777812,0.294925,0.564698,-3.317425,-0.866485,0.668951,-2.840184,-2.147417,-1.815124,2641.889893
2018-11-21,fold1 val,1.422304,1.376466,-0.112990,1.259630,1.155249,0.071185,1.804744,-3.045379,0.766503,-0.746901,0.304329,2649.929932
2018-11-23,fold1 val,-0.967219,-0.038781,-1.277502,-2.539881,-1.323246,-1.797398,0.169045,-2.291951,-2.668899,-0.919718,-0.655484,2632.560059
2018-11-26,fold1 val,5.277421,3.298709,2.508475,2.416310,1.352383,1.719224,3.529952,0.028278,1.973777,2.447234,1.553237,2673.449951
2018-11-27,fold1 val,0.005693,0.629309,-0.346609,-0.401491,-0.217635,0.902053,1.308646,-1.011885,0.090953,0.421037,0.326169,2682.169922
2018-11-28,fold1 val,6.091358,3.714745,3.754718,4.004204,3.845278,2.338494,2.248277,1.303689,1.817002,1.111927,2.297398,2743.790039
2018-11-29,fold1 val,-0.249143,-0.836937,0.255541,0.190551,-0.768229,0.091953,1.403933,-0.402904,0.777555,-0.793236,-0.218311,2737.800049
2018-11-30,fold1 val,0.991894,0.635261,1.376779,0.563262,-0.540220,0.248052,1.391688,0.719952,0.556513,1.026702,0.817075,2760.169922
2018-12-03,fold1 val,4.862821,1.082170,0.604693,1.096457,3.494207,1.177599,0.341365,-0.469736,2.163544,0.944335,1.094143,2790.370117
2018-12-04,fold1 val,-5.865624,-3.184952,-4.827289,-4.398841,-5.026079,-4.841267,-0.123123,-2.239705,-2.203884,-4.463660,-3.236490,2700.060059
2018-12-06,fold1 val,1.845487,0.617421,1.469205,1.704396,-1.114940,-1.027979,1.232528,-0.082129,-1.309327,-1.902445,-0.152223,2695.949951
2018-12-07,fold1 val,-4.123148,-4.002201,-2.921861,-3.008246,-3.565719,-1.481055,-0.329013,-1.582768,-0.956770,-1.806235,-2.332012,2633.080078
2018-12-10,fold1 val,0.730453,2.642639,0.630647,0.286511,0.658779,-0.790712,3.223703,-0.116892,-1.416787,-1.868547,0.176215,2637.719971
2018-12-11,fold1 val,0.134677,0.929424,0.804220,1.173581,-0.571932,-0.482139,0.162132,0.853639,0.182903,-0.976730,-0.035635,2636.780029
2018-12-12,fold1 val,1.235363,0.451244,1.137855,1.134317,0.278737,0.098871,1.703271,0.409573,-0.860676,0.647608,0.541950,2651.070068
2018-12-13,fold1 val,-0.310186,0.339196,-0.017703,-0.167351,1.094043,-0.029631,0.352937,0.503047,1.262783,0.098979,-0.019993,2650.540039
2018-12-14,fold1 val,-4.008130,-3.124724,-2.033466,-1.864571,-3.199769,-1.195533,-0.655114,-10.037859,-1.818613,-0.820791,-1.908671,2599.949951
2018-12-17,fold1 val,-4.460046,-2.961412,-2.477855,-2.453710,-0.930640,-1.040001,-2.686386,-2.902298,-2.037610,-1.276308,-2.077348,2545.939941
2018-12-18,fold1 val,2.009975,1.049664,1.731572,1.198196,1.299257,-0.707353,2.475220,0.991186,-2.755254,-0.474704,0.008640,2546.159912
2018-12-19,fold1 val,-3.635238,-0.269317,-0.761925,-0.554099,-3.119160,-0.686956,-7.253241,-2.154555,-1.694429,-1.268495,-1.539571,2506.959961
2018-12-20,fold1 val,-2.290849,-2.102409,-1.147303,-1.329393,-2.523485,-0.814673,0.120067,0.517190,-3.037606,-0.863419,-1.577211,2467.419922
2018-12-21,fold1 val,-5.707713,-3.231202,-3.158526,-2.959157,-3.889556,-0.764540,-6.334328,-0.140335,-0.743084,-2.363922,-2.058823,2416.620117
2018-12-24,fold1 val,-2.431304,-4.173925,-0.663813,-0.338930,-2.587390,-2.259246,-0.712294,-4.098677,-3.831498,-2.155628,-2.711225,2351.100098
2018-12-26,fold1 val,9.445222,6.831039,6.416362,6.478032,7.042119,5.224762,8.157371,3.150435,4.777872,4.145815,4.959374,2467.699951
2018-12-27,fold1 val,-0.629543,0.616534,0.481936,0.425226,-0.648944,1.290676,0.253376,0.552457,0.437081,1.125492,0.856268,2488.830078
2018-12-28,fold1 val,1.120659,-0.780782,-0.590740,-0.651426,0.051227,0.979416,-0.981307,-0.109893,-1.116921,-0.216391,-0.124158,2485.739990
2018-12-31,fold1 val,1.620414,1.175404,-0.164330,-0.141746,0.966501,1.039188,-1.584059,1.398617,0.029360,0.815812,0.849248,2506.850098
2019-01-02,fold1 val,2.474076,-0.443046,0.930186,0.988794,0.114101,-0.675869,3.501428,-1.007372,2.199756,1.731215,0.126850,2510.030029
2019-01-03,fold1 val,-2.524150,-3.678782,-2.769579,-2.848395,-9.960697,-5.493096,-2.903902,-1.589036,-1.535403,-1.421176,-2.475673,2447.889893
2019-01-04,fold1 val,5.006400,4.650917,5.129355,5.378615,4.268898,1.847017,4.713845,1.678325,3.686959,3.686562,3.433571,2531.939941
2019-01-07,fold1 val,3.435341,0.127528,-0.199424,-0.216683,-0.222585,0.876028,0.072484,-0.641475,0.520052,0.069509,0.701043,2549.689941
2019-01-08,fold1 val,1.661236,0.725069,0.878314,0.738513,1.906345,-0.304711,3.245185,2.322662,0.727061,1.322186,0.969529,2574.409912
2019-01-09,fold1 val,0.171435,1.429945,-0.342739,-0.150537,1.698176,0.030563,1.192749,-0.792556,0.527508,0.969079,0.409805,2584.959961
2019-01-10,fold1 val,-0.192843,-0.642532,-0.260706,-0.402913,0.319574,0.106944,-0.020811,0.604968,-0.510932,2.553605,0.451842,2596.639893
2019-01-11,fold1 val,-0.945523,-0.772215,-1.331084,-1.227676,-0.981771,-0.147527,-0.277358,0.030869,-0.457999,0.082237,-0.014630,2596.260010
2019-01-14,fold1 val,-1.423299,-0.729580,-1.217485,-1.182360,-1.503742,-0.259817,1.105690,-1.132984,-0.125485,-0.719759,-0.525753,2582.610107
2019-01-15,fold1 val,3.546231,2.900528,3.328540,3.107144,2.046681,0.592504,2.448553,0.841918,0.055815,0.536598,1.072169,2610.300049
2019-01-16,fold1 val,0.550600,0.352350,0.276114,0.354634,1.221671,0.746421,-0.946592,-1.020424,-0.041863,-0.051108,0.222199,2616.100098
2019-01-17,fold1 val,0.560643,0.702249,0.882042,0.826117,0.593779,0.186480,0.515106,0.820081,0.683986,1.996818,0.759140,2635.959961
2019-01-18,fold1 val,0.175989,1.498267,0.744230,0.767021,0.615940,2.867490,1.173287,1.239440,1.192303,1.570639,1.318305,2670.709961
2019-01-22,fold1 val,-3.774909,-1.884677,-2.589179,-2.525798,-2.244584,-1.838808,-1.646220,-1.446176,-1.507061,-1.872618,-1.415731,2632.899902
2019-01-23,fold1 val,0.480957,0.974657,0.535868,0.471724,0.404408,0.214225,-2.215896,0.000000,-0.820696,0.198381,0.220291,2638.699951
2019-01-24,fold1 val,0.909134,-0.477957,-0.037806,-0.155269,-0.792648,-0.064623,1.060299,-1.374237,0.140248,-0.094812,0.137573,2642.330078
2019-01-25,fold1 val,0.945062,0.913394,1.615294,1.591408,3.313685,0.860609,2.180607,0.944683,0.448194,1.655181,0.848869,2664.760010
2019-01-28,fold1 val,-1.956222,-1.950190,-1.965477,-1.916601,-0.925436,-0.887794,-1.033510,0.592691,-0.669280,-0.337728,-0.784683,2643.850098
2019-01-29,fold1 val,-2.686994,-2.036529,-0.907520,-0.884063,-1.036457,0.547403,-2.224163,1.038824,0.378969,0.534482,-0.145625,2640.000000
2019-01-30,fold1 val,4.802745,3.341760,2.610138,2.681457,6.833456,1.935166,4.320709,1.005132,6.250855,1.090778,1.554926,2681.050049
2019-01-31,fold1 val,2.891472,-1.833045,2.541001,2.507681,0.720141,-0.203930,10.816362,1.093914,-0.541627,1.369495,0.859740,2704.100098
2019-02-01,fold1 val,-5.381881,-1.580033,-0.645710,-0.503429,0.048070,1.775815,-0.587916,0.841589,3.602617,0.469371,0.089861,2706.530029
2019-02-04,fold1 val,0.435358,2.879927,2.038224,1.985145,2.840474,-0.320282,2.136263,-0.983600,2.470131,-1.448899,0.677624,2724.870117
2019-02-05,fold1 val,1.561249,1.399678,0.915532,1.164373,1.710917,-0.335698,1.128516,3.319902,0.000000,1.029129,0.470842,2737.699951
2019-02-06,fold1 val,-1.118269,-1.109874,-2.515907,-2.684145,0.034478,-0.870952,-0.391439,0.226717,0.090321,-0.436600,-0.222444,2731.610107
2019-02-07,fold1 val,-1.578411,-0.716774,-1.512167,-1.481300,-1.893931,-2.077569,-2.410714,-0.949742,-0.714286,-0.770604,-0.935714,2706.050049
2019-02-08,fold1 val,-1.619821,0.379986,-0.319206,-0.332226,0.117509,-0.401526,0.570980,-0.064162,0.265047,0.162447,0.067620,2707.879883
2019-02-11,fold1 val,0.175039,-0.397457,-0.023580,-0.004543,-0.575113,1.060126,-0.920347,-0.237094,-0.302122,0.162212,0.070910,2709.800049
2019-02-12,fold1 val,2.954738,1.558188,2.310088,2.407270,0.861750,1.526713,-0.452378,1.675954,1.636375,1.754370,1.289022,2744.729980
2019-02-13,fold1 val,0.121492,-0.074850,0.093128,-0.107904,-0.415501,-0.169775,-0.587722,-0.034094,0.216156,1.127357,0.302399,2753.030029
2019-02-14,fold1 val,-1.057927,0.084287,0.050506,0.134822,0.364312,-1.467446,-0.073141,-0.185101,-0.104139,0.026205,-0.265164,2745.729980
2019-02-15,fold1 val,-0.905926,1.234803,-0.847513,-0.715023,-0.222471,1.237792,-0.884416,1.988676,1.541236,1.888037,1.087875,2775.600098
2019-02-19,fold1 val,1.220808,-0.046231,0.614485,0.440896,0.299283,0.194851,-0.129233,-0.409114,-0.505964,0.669177,0.149874,2779.760010
2019-02-20,fold1 val,-0.336689,-0.519897,-0.525509,-0.425541,0.643527,0.228500,0.166372,1.270827,0.486379,0.383437,0.177711,2784.699951
2019-02-21,fold1 val,-0.163989,2.109194,-1.461742,-1.511054,-0.563848,-0.402601,-1.550196,-0.941762,-0.682036,-0.904119,-0.352644,2774.879883
2019-02-22,fold1 val,0.748410,1.425824,1.118453,1.221550,1.116576,-1.665611,1.155950,1.549408,0.871360,0.771025,0.641110,2792.669922
2019-02-25,fold1 val,0.088257,0.558700,0.068973,-0.087353,0.728460,0.198105,1.686332,0.665020,0.368452,0.102014,0.123186,2796.110107
2019-02-26,fold1 val,0.208203,0.690033,0.418838,0.516491,0.057376,-0.202661,-0.297645,-0.023426,-0.066084,0.203868,-0.079046,2793.899902
2019-02-27,fold1 val,0.286601,-0.169121,0.078447,0.082505,0.309767,0.193165,-0.804255,2.031535,-0.176322,1.029722,-0.054405,2792.379883
2019-02-28,fold1 val,-0.076773,-0.124812,0.325944,0.346759,-0.983615,-0.489392,-0.835319,1.038021,0.566739,-0.553664,-0.282551,2784.489990
2019-03-01,fold1 val,1.945325,0.446329,1.950203,1.881381,1.051139,0.909092,0.514097,0.150025,1.251443,1.227388,0.689532,2803.689941
2019-03-04,fold1 val,1.461959,-0.239938,0.426637,0.596847,0.502918,-0.649834,3.136541,-1.799736,0.093943,0.387489,-0.388056,2792.810059
2019-03-05,fold1 val,-0.220502,-0.498855,1.367230,1.239767,-0.181950,2.324212,-0.168474,-0.593963,0.209441,-0.149427,-0.113153,2789.649902
2019-03-06,fold1 val,-1.387350,0.044776,-0.363496,-0.358840,-0.575408,0.729876,-0.397083,-1.315905,0.230574,-1.134828,-0.652410,2771.449951
2019-03-07,fold1 val,-2.576472,-1.217004,-1.209513,-1.257517,-1.157448,-1.959303,-0.682710,-0.447635,-0.611098,1.110029,-0.812572,2748.929932
2019-03-08,fold1 val,-0.316738,0.108705,-0.076454,-0.085700,0.237648,0.277886,-0.301057,-0.004726,-0.130204,-1.434632,-0.213169,2743.070068
2019-03-11,fold1 val,3.073787,2.099373,2.547029,2.927367,3.464266,1.456379,1.706089,0.362161,0.974534,-5.332041,1.466604,2783.300049
2019-03-12,fold1 val,0.148449,0.700163,1.525527,1.483304,1.123513,-0.087175,0.202882,0.447463,0.275786,-6.149847,0.295332,2791.520020
2019-03-13,fold1 val,1.058512,0.774502,0.151177,0.010043,0.442193,0.843407,0.770369,0.165246,0.887512,0.460830,0.694958,2810.919922
2019-03-14,fold1 val,-0.271467,0.078606,-0.544598,-0.651122,1.111650,-0.333232,-1.845758,-0.997042,-0.334533,-1.018198,-0.086802,2808.479980
2019-03-15,fold1 val,1.550212,1.151937,-0.186994,-0.091948,1.300845,0.457269,-2.462258,-0.304307,-0.360543,1.524252,0.498490,2822.479980
2019-03-18,fold1 val,1.739707,1.432138,-0.147019,-0.016873,1.020855,1.160000,-3.319669,1.160318,-0.312526,-1.770508,0.370595,2832.939941
2019-03-19,fold1 val,1.130787,0.068053,1.170349,1.231988,-0.792456,-0.740274,0.685486,0.925879,-0.258990,0.308911,-0.013056,2832.570068
2019-03-20,fold1 val,2.010391,-0.110525,1.993387,2.095338,0.873828,-0.916398,2.395252,0.556433,-0.830687,0.731074,-0.294435,2824.229980
2019-03-21,fold1 val,1.223517,2.297510,0.790930,0.618495,3.683031,0.570664,0.386839,0.577984,0.589980,-0.919823,1.085248,2854.879883
2019-03-22,fold1 val,-2.995168,-2.636835,-2.303968,-2.114425,-2.070842,-1.897955,-1.047679,-1.601669,-0.861678,-2.825333,-1.897450,2800.709961
2019-03-25,fold1 val,0.537741,0.521141,-0.850411,-1.036922,-1.209087,-0.553478,1.186548,-0.219108,-0.695846,2.288978,-0.083902,2798.360107
2019-03-26,fold1 val,0.535441,0.212476,-0.629710,-0.702426,-1.033180,0.591653,0.835917,1.434738,1.301352,-0.021586,0.718273,2818.459961
2019-03-27,fold1 val,-1.012468,-0.966872,-0.994247,-0.979224,0.899427,-0.702815,-1.079459,0.093801,-0.765827,1.034073,-0.464432,2805.370117
2019-03-28,fold1 val,0.437214,0.137046,-0.487274,-0.386179,0.132624,0.727874,-0.192923,0.129766,0.497867,0.061453,0.358948,2815.439941
2019-03-29,fold1 val,0.413327,0.863784,0.394117,0.412499,0.651771,0.114620,0.688617,0.655250,0.074342,1.864120,0.673428,2834.399902
2019-04-01,fold1 val,1.877866,0.915712,1.876988,1.800038,0.679132,2.045896,1.205834,1.150970,-0.579415,2.653249,1.156860,2867.189941
2019-04-02,fold1 val,-0.011582,0.142838,0.547127,0.507353,1.453673,3.260214,-0.546339,-0.428208,-0.913834,-0.201772,0.001746,2867.239990
2019-04-03,fold1 val,0.370463,0.654405,0.437149,0.452313,0.685474,-0.378873,-0.103005,-0.589886,-0.392136,-1.538075,0.214838,2873.399902
2019-04-04,fold1 val,-0.101063,-0.508450,0.713561,0.752954,0.174065,1.429088,0.211130,1.421542,-1.166407,2.890265,0.208464,2879.389893
2019-04-05,fold1 val,1.012720,0.444037,-0.656038,-0.646090,0.669455,-0.170447,0.602644,0.536228,0.449919,-0.992775,0.463643,2892.739990
2019-04-08,fold1 val,0.684705,0.033368,-0.261650,-0.274214,1.573577,-0.449590,-0.038963,0.618315,-0.029333,-4.442119,0.104746,2895.770020
2019-04-09,fold1 val,-0.757891,-0.542018,-0.462644,-0.547402,-0.299861,1.514896,-0.160780,-1.289184,-0.418694,-0.329286,-0.606749,2878.199951
2019-04-10,fold1 val,0.625873,0.762926,0.312623,0.410097,0.561392,0.135161,-0.195195,-0.451655,0.007385,0.679406,0.347787,2888.209961
2019-04-11,fold1 val,-0.176473,0.116490,0.260270,0.204643,-0.832400,-0.174340,1.051239,0.478171,-0.272923,0.072742,0.003812,2888.320068
2019-04-12,fold1 val,-0.054769,0.515268,1.086317,1.099933,-0.040204,0.895723,1.882227,-1.256834,0.569505,0.521907,0.660932,2907.409912
2019-04-15,fold1 val,0.098206,0.082662,0.310768,0.265217,0.181031,0.307074,-0.389434,-0.333619,0.397084,0.102110,-0.062937,2905.580078
2019-04-16,fold1 val,0.984894,-0.231319,0.438648,0.493818,0.010029,-0.434151,0.982167,0.681913,1.098766,0.447196,0.050936,2907.060059
2019-04-17,fold1 val,0.095539,0.828031,0.668065,0.750528,1.947287,-0.050325,-0.675169,0.283261,0.362252,0.467719,-0.227381,2900.449951
2019-04-18,fold1 val,-0.167838,1.313965,0.107251,0.002429,0.359375,-0.279667,-0.180629,-0.368422,-0.721916,-0.119539,0.157909,2905.030029
2019-04-22,fold1 val,1.376167,0.316103,0.989949,1.008590,0.328654,1.772475,-0.238107,2.181703,0.225423,0.564221,0.101202,2907.969971
2019-04-23,fold1 val,1.931848,1.357481,1.342369,1.257973,1.442342,1.289706,1.011979,0.579000,1.501822,-0.068016,0.884121,2933.679932
2019-04-24,fold1 val,-1.144625,-0.342804,-0.829526,-0.676142,-0.154212,-0.652975,-0.491467,-1.942895,-0.500323,-0.102082,-0.219176,2927.250000
2019-04-25,fold1 val,0.026293,3.311745,0.578543,0.593163,-0.907520,5.849487,0.655359,0.562608,0.323279,-1.890321,-0.036897,2926.169922
2019-04-26,fold1 val,2.543303,0.572968,0.795365,0.690970,-0.477421,-0.915841,1.071009,0.529883,-2.104110,0.300681,0.468529,2939.879883
2019-04-29,fold1 val,-0.625440,-0.092404,1.470151,1.210521,0.151750,1.718085,1.101671,-0.391762,-0.646025,1.441414,0.107152,2943.030029
2019-04-30,fold1 val,-0.614420,0.639612,-7.501921,-1.925626,-7.696603,-0.708481,0.060026,0.972564,0.387647,-0.060262,0.095142,2945.830078
2019-05-01,fold1 val,-0.778606,-2.082704,4.908574,-2.138534,-1.716491,-0.191335,0.000000,0.531171,-2.005481,-0.766948,-0.750216,2923.729980
2019-05-02,fold1 val,-0.559760,-1.305906,-0.650784,-0.580407,-0.468285,-0.259013,-0.359934,-0.472063,-1.754194,0.217118,-0.212399,2917.520020
2019-05-03,fold1 val,3.242812,2.131355,1.243114,1.975120,1.960249,1.527038,1.236518,0.516723,0.232884,0.615186,0.963828,2945.639893
2019-05-06,fold1 val,-0.606896,-0.581838,-1.544266,0.328695,0.336589,-0.813415,-2.488565,0.056363,-0.438852,-0.887002,-0.447099,2932.469971
2019-05-07,fold1 val,-1.514950,-2.052276,-2.695694,-1.223319,-1.285528,-2.119874,-1.749864,-1.492014,-0.531568,-1.633521,-1.651165,2884.050049
2019-05-08,fold1 val,-0.168149,-0.007968,0.019715,-0.685408,-0.666898,-0.121207,-0.066848,-0.128615,0.156391,-0.185443,-0.160543,2879.419922
2019-05-09,fold1 val,-0.933372,-0.007949,-1.074420,-0.240017,-0.333538,-0.469556,-0.348796,-0.758305,-0.091110,-0.473007,-0.302142,2870.719971
2019-05-10,fold1 val,-0.520561,1.298768,-1.385328,-0.028250,0.162596,-0.164331,0.220563,0.230695,0.869592,0.075972,0.372030,2881.399902
2019-05-13,fold1 val,-3.560882,-2.973321,-2.659221,-2.769122,-5.811972,-3.610489,-1.918481,-1.330485,-1.110251,-2.103183,-2.413056,2811.870117
2019-05-14,fold1 val,0.956826,1.118778,1.583028,-0.637710,-1.416621,-0.446174,-0.643867,-0.276943,0.132099,1.830557,0.801594,2834.409912
2019-05-15,fold1 val,1.686310,1.408214,4.084078,3.906507,1.197946,3.065339,-0.348572,0.065785,0.738693,1.610398,0.583898,2850.959961
2019-05-16,fold1 val,1.946396,2.309171,1.170120,1.268679,-0.439982,0.386551,0.812893,0.949528,-0.013085,1.433504,0.889529,2876.320068
2019-05-17,fold1 val,-2.021949,-0.667040,-1.327142,-1.414790,-0.568178,-0.903794,-0.664614,0.289408,-0.589297,-0.473118,-0.583733,2859.530029
2019-05-20,fold1 val,-0.536646,-1.444515,-2.063679,-2.017545,-3.126986,-1.392345,-0.265661,-0.137087,-0.013199,-0.377835,-0.674938,2840.229980
2019-05-21,fold1 val,-0.078002,0.538726,0.854395,0.946556,1.917104,1.149329,0.310761,-0.216731,0.461142,0.238556,0.849584,2864.360107
2019-05-22,fold1 val,0.116286,0.606797,0.122137,0.155704,-2.047182,0.270511,-0.373719,0.463346,-0.904924,0.231939,-0.282440,2856.270020
2019-05-23,fold1 val,-2.376752,-1.167085,-0.909286,-0.924932,-1.706958,-2.401256,-0.641660,0.742321,-2.342538,-1.662227,-1.191415,2822.239990
2019-05-24,fold1 val,0.429638,0.047562,-0.587592,-0.639934,-0.384072,0.105044,0.193740,0.007223,0.420121,0.699634,0.135356,2826.060059
2019-05-28,fold1 val,0.721229,-0.063371,0.083439,0.059998,-0.413468,1.794978,-0.986665,-1.281985,0.657909,-2.010802,-0.837568,2802.389893
2019-05-29,fold1 val,-0.938777,-0.967034,-1.721722,-1.559753,-0.476906,-1.150229,-0.590883,-4.187634,-0.598636,-0.619725,-0.691191,2783.020020
2019-05-30,fold1 val,-0.157764,0.632319,0.131257,0.133447,0.518676,0.450091,0.614548,0.593924,0.018432,-0.263302,0.209847,2788.860107
2019-05-31,fold1 val,-2.271076,-1.630499,-1.329574,-1.280909,-1.811571,-3.027141,-1.161514,-0.726688,-0.878573,-1.667382,-1.319537,2752.060059
2019-06-03,fold1 val,-4.640947,-3.104769,-6.123826,-6.107117,-1.011015,0.577449,-7.505523,0.221142,-1.692190,1.568464,-0.276524,2744.449951
2019-06-04,fold1 val,2.178188,2.770358,3.658369,1.757714,1.382064,1.525986,2.040831,1.742218,2.351812,2.378956,2.143237,2803.270020
2019-06-05,fold1 val,0.516902,2.167905,1.614357,-0.934101,-1.028448,0.848260,0.399992,0.486082,1.885053,-0.828933,0.816185,2826.149902
2019-06-06,fold1 val,1.581509,0.912280,1.468165,0.298675,0.203415,0.723070,0.095137,1.711550,0.925098,1.822434,0.613559,2843.489990
2019-06-07,fold1 val,2.800781,2.831229,2.661714,1.967046,2.077871,2.982258,0.507884,1.368166,1.875170,0.363354,1.049770,2873.340088
2019-06-10,fold1 val,3.137422,0.913255,1.277906,1.346921,1.345168,0.847993,0.655948,0.339221,0.452802,0.442491,0.466004,2886.729980
2019-06-11,fold1 val,0.164993,-0.377051,1.157980,-0.158861,-0.153651,1.876199,-0.255840,0.546684,-0.298582,-0.093467,-0.034988,2885.719971
2019-06-12,fold1 val,-0.449642,-0.461791,-0.318268,-0.179448,-0.156658,-1.718141,-0.996950,1.359319,0.751587,-1.082292,-0.203758,2879.840088
2019-06-13,fold1 val,0.807408,0.631239,-0.020582,1.103688,1.090015,1.388288,0.205308,-0.684667,-1.305421,0.878030,0.409738,2891.639893
2019-06-14,fold1 val,-0.033686,0.098223,-0.726255,-0.431710,-0.314102,2.174990,0.082930,-0.440656,0.183059,-0.441899,-0.161151,2886.979980
2019-06-17,fold1 val,0.875022,0.302032,0.596641,0.698717,0.658758,4.235372,-0.818877,-0.463987,-0.058954,0.995289,0.093175,2889.669922
2019-06-18,fold1 val,0.813347,1.738769,2.351863,1.037564,1.016027,-0.285696,1.243365,0.566579,-0.165134,0.865614,0.971740,2917.750000
2019-06-19,fold1 val,0.390247,0.392141,-0.292259,-0.066042,-0.115085,-0.525292,0.359209,0.156885,0.832937,-0.554518,0.298516,2926.459961
2019-06-20,fold1 val,0.492460,0.928586,0.803568,0.786768,0.824613,1.093456,0.623939,1.253135,1.786882,1.712702,0.947219,2954.179932
2019-06-21,fold1 val,-0.359190,0.014599,-0.340905,1.093251,0.941153,0.849474,-0.879632,-0.084376,-0.172682,1.409725,-0.125922,2950.459961
2019-06-24,fold1 val,0.136030,0.591404,-0.100636,-0.770412,-0.566908,0.763833,0.310363,0.682646,0.236384,-0.952501,-0.173189,2945.350098
2019-06-25,fold1 val,-1.861646,-3.157225,-1.515772,-2.607684,-2.614913,-1.952238,0.589800,0.824848,-1.478295,-0.883699,-0.949640,2917.379883
2019-06-26,fold1 val,1.041389,0.374724,2.162930,-0.667542,-0.602946,-0.624857,0.211461,-1.656966,-0.128424,0.432680,-0.123393,2913.780029
2019-06-27,fold1 val,0.339856,0.164257,-0.030045,-0.341568,-0.350982,0.980484,1.683377,-0.817778,0.099372,-1.018287,0.382318,2924.919922
2019-06-28,fold1 val,-0.559260,-0.141608,-0.911172,0.573084,0.455374,1.846980,0.542399,-1.002216,1.354880,1.068324,0.575745,2941.760010
2019-07-01,fold1 val,1.508208,1.283951,1.834062,1.588490,1.576456,0.000000,0.680207,0.057445,0.224719,-0.091335,0.767230,2964.330078
2019-07-02,fold1 val,0.630534,0.663345,0.585473,1.145447,1.211341,1.036269,-0.037276,0.480769,0.770380,-1.097170,0.292813,2973.010010
2019-07-03,fold1 val,0.242461,0.644299,0.828694,0.933862,0.929577,1.128196,0.288995,1.506826,0.907124,0.950852,0.767238,2995.820068
2019-07-05,fold1 val,0.201654,-0.291023,-0.088072,0.861972,0.892491,-0.405676,0.041828,-1.104532,-0.118734,-0.405543,-0.180590,2990.409912
2019-07-08,fold1 val,0.484322,-0.072915,-2.061406,-1.402008,-1.346761,-0.325866,-0.055747,0.284562,-0.266041,0.459742,-0.483544,2975.949951
2019-07-09,fold1 val,1.842939,-0.365084,0.609941,0.724317,0.706854,1.762378,-0.176640,0.312097,0.874063,-0.065367,0.123656,2979.629883
2019-07-10,fold1 val,1.464063,1.018631,0.988859,1.425138,1.444429,1.766960,-0.335274,-0.141420,0.889006,1.413052,0.451069,2993.070068
2019-07-11,fold1 val,-0.809951,0.398969,-0.728215,0.293617,0.311279,-0.739883,-0.401813,-0.778988,0.797500,0.077425,0.228523,2999.909912
2019-07-12,fold1 val,0.496240,0.361220,0.768264,0.094382,0.076038,1.808857,0.436275,-0.226836,-4.146754,0.077318,0.462017,3013.770020
2019-07-15,fold1 val,0.496764,0.000000,0.939513,0.451398,0.475163,-0.468591,-0.261566,0.133079,0.305321,-0.708467,0.017587,3014.300049
2019-07-16,fold1 val,-0.548738,-1.310260,-0.345991,0.271211,0.266854,-0.034324,-0.309070,-0.697787,-1.640602,-1.491979,-0.340378,3004.040039
2019-07-17,fold1 val,-0.889100,-0.590918,-0.562339,-0.597269,-0.612074,-1.000780,-2.550737,-0.089236,-0.483005,-0.592627,-0.653124,2984.419922
2019-07-18,fold1 val,-0.709331,0.110102,1.135951,0.043596,-0.001754,-0.505437,0.255483,0.770305,0.159260,-0.847923,0.358200,2995.110107
2019-07-19,fold1 val,-0.676474,0.146621,-1.492741,-1.367627,-1.415817,-1.205318,-0.966436,-0.714565,-1.332641,0.200434,-0.617673,2976.610107
2019-07-22,fold1 val,1.074567,1.324820,2.285396,0.676942,0.705246,1.996367,-0.548626,0.742026,-1.281552,0.106686,0.282869,2985.030029
2019-07-23,fold1 val,0.446207,0.621251,0.781791,0.775987,0.715249,0.019774,0.790866,0.182734,0.155487,0.399639,0.684748,3005.469971
2019-07-24,fold1 val,0.316867,1.026638,-0.081404,-0.724721,-0.732854,1.136591,0.731374,1.343306,0.729572,0.416152,0.468815,3019.560059
2019-07-25,fold1 val,-1.348949,-0.376601,-0.790724,-0.332521,-0.500082,-1.930025,-0.033662,-0.949112,1.032531,-0.581016,-0.526240,3003.669922
2019-07-26,fold1 val,0.820297,-1.558912,10.081913,9.985311,0.347792,-0.478303,0.962001,1.156449,-0.297444,2.335456,0.738769,3025.860107
2019-07-29,fold1 val,-0.219355,-1.574842,0.933831,-0.271452,-0.879709,-1.907388,-0.614575,-0.261290,1.751687,-0.338121,-0.161611,3020.969971
2019-07-30,fold1 val,-0.482147,-0.727861,-0.429193,-1.114471,-1.151356,0.561388,-0.383492,-0.917000,-0.706661,0.013278,-0.257865,3013.179932
2019-07-31,fold1 val,-2.907048,-1.672348,2.040425,-0.798041,-0.690524,-1.426090,-1.145279,-1.944587,-1.408223,-1.105746,-1.088553,2980.379883
2019-08-01,fold1 val,1.313587,-0.613889,-2.163906,-0.527000,-0.630404,-0.772302,-1.810829,0.657320,0.053748,-2.637917,-0.899879,2953.560059
2019-08-02,fold1 val,-0.840230,-1.729078,-2.115820,-1.275820,-1.242345,-1.924957,0.475927,-0.976753,0.598672,-0.008874,-0.728274,2932.050049
2019-08-05,fold1 val,-3.425826,-3.187186,-3.474814,-5.234820,-3.489983,-3.856731,-2.437461,-4.824707,-0.694300,-2.975270,-2.977782,2844.739990
2019-08-06,fold1 val,1.875792,1.286027,1.893079,1.414152,1.529959,1.529741,1.426191,2.143792,0.468668,0.784883,1.301702,2881.770020
2019-08-07,fold1 val,0.438012,0.311546,1.035510,0.412446,0.345312,0.346849,-1.166790,1.646582,-0.428247,0.326802,0.076688,2883.979980
2019-08-08,fold1 val,2.668557,2.201966,2.205598,2.575027,2.624385,2.705921,1.165429,2.612347,1.128960,2.666675,1.876230,2938.090088
2019-08-09,fold1 val,-0.849557,-1.380883,-0.824053,-1.433437,-1.393592,-1.214756,-0.733095,-0.472491,0.273383,-0.892053,-0.661661,2918.649902
2019-08-12,fold1 val,-1.394270,-1.253605,-0.253739,-1.189232,-1.141508,-1.320190,-0.939468,-1.513531,-0.083308,-1.009872,-1.231732,2882.699951
2019-08-13,fold1 val,2.069389,2.208503,4.234850,1.920474,1.892703,1.661510,0.811444,1.287276,1.129387,1.912837,1.513169,2926.320068
2019-08-14,fold1 val,-3.011459,-3.364505,-2.976516,-2.754597,-2.714044,-4.637823,-1.494115,-2.855382,-2.368446,-2.908543,-2.929275,2840.600098
2019-08-15,fold1 val,-0.223902,0.746469,-0.498164,0.427627,0.262896,1.602594,1.276748,1.737286,0.214933,6.111081,0.246427,2847.600098
2019-08-16,fold1 val,1.832730,0.926179,2.359475,0.845808,0.885837,0.607896,0.711010,1.111951,0.628181,0.266231,1.442612,2888.679932
2019-08-19,fold1 val,1.674918,1.313754,1.864412,1.800352,1.770564,1.344594,0.610856,0.847188,0.677520,0.725713,1.210587,2923.649902
2019-08-20,fold1 val,-0.830915,-0.811620,0.004747,-1.408653,-1.315049,-1.267662,-1.388478,-0.278170,-1.247651,-1.546437,-0.791473,2900.510010
2019-08-21,fold1 val,1.114678,1.230170,1.083865,0.680160,0.723781,-0.141450,0.550094,0.948446,0.712105,-0.026750,0.824680,2924.429932
2019-08-22,fold1 val,-0.727713,-1.035349,-0.084649,-0.005029,-0.144368,-0.822665,0.888370,-0.469781,-0.197652,-0.098186,-0.050608,2922.949951
2019-08-23,fold2 val,-3.186227,-3.049881,-4.622052,-3.184163,-3.214737,-2.356617,-1.915323,-2.698647,-2.696738,-0.965110,-2.594634,2847.110107
2019-08-26,fold2 val,1.544357,1.100232,1.899911,1.525677,1.528725,1.468355,1.541891,1.346836,0.804537,1.046688,1.098299,2878.379883
2019-08-27,fold2 val,0.214086,-0.397991,-1.128366,-0.030731,-0.089813,0.521192,-0.924071,0.444822,1.439758,0.383947,-0.320318,2869.159912
2019-08-28,fold2 val,-0.132586,0.137360,0.671038,0.250258,0.272286,0.253705,1.058730,0.162570,-0.740522,0.266837,0.654548,2887.939941
2019-08-29,fold2 val,1.888420,1.255489,1.693166,1.745687,1.864184,2.096183,1.371913,1.399216,-0.341940,1.206566,1.268729,2924.580078
2019-08-30,fold2 val,-0.188206,-0.565944,-0.129141,-0.310662,-0.398199,0.053883,0.103350,-0.193165,0.093585,0.157746,0.064279,2926.459961
2019-09-03,fold2 val,-1.320235,0.762824,-1.456388,-1.762253,-1.658958,-1.766585,-1.233966,-0.895923,0.296044,0.332579,-0.689910,2906.270020
2019-09-04,fold2 val,1.168775,0.602290,1.696668,1.087617,1.114351,2.604300,0.642115,1.434162,0.093214,1.107822,1.084208,2937.780029
2019-09-05,fold2 val,1.758371,2.227016,1.955139,2.530719,2.536806,2.009205,1.013899,1.628415,-0.217302,-0.405489,1.300981,2976.000000
2019-09-06,fold2 val,-0.678317,-0.391699,-0.009371,-0.484247,-0.532449,-1.786273,0.239909,0.546748,-0.287753,-0.615023,0.091061,2978.709961
2019-09-09,fold2 val,-1.135900,-0.117809,0.426721,-0.087036,-0.043151,0.677368,0.923167,-2.255830,1.394575,-0.024211,-0.009401,2978.429932
2019-09-10,fold2 val,-1.047109,-0.589730,1.181310,0.064912,0.102728,-1.372116,0.817928,-2.864253,-0.270279,1.273819,0.032230,2979.389893
2019-09-11,fold2 val,0.029449,0.134027,3.179502,1.174969,1.186038,1.246190,1.248143,-0.776860,1.250477,0.273813,0.722968,3000.929932
2019-09-12,fold2 val,1.028438,1.127817,-0.223626,1.208537,1.172458,-0.541152,0.218098,1.714479,-0.564150,0.614392,0.287915,3009.570068
2019-09-13,fold2 val,-0.145426,-0.228358,-1.945402,0.409719,0.430207,-0.149354,1.059756,-0.398925,1.967600,0.268345,-0.072441,3007.389893
2019-09-16,fold2 val,-0.720920,-1.712576,0.525708,-0.677399,-0.666368,-0.518210,-1.535508,-0.654343,-0.889973,-0.948151,-0.313559,2997.959961
2019-09-17,fold2 val,0.777529,0.813683,0.363819,-0.142092,-0.174618,0.998828,-0.085584,0.193049,-0.495141,0.100329,0.258175,3005.699951
2019-09-18,fold2 val,0.822473,-0.279280,0.937924,0.225221,0.265233,0.031902,0.356888,-0.657438,1.003640,0.570690,0.034269,3006.729980
2019-09-19,fold2 val,1.840886,0.222284,-0.812512,0.494886,0.511196,1.063046,-0.796583,0.382259,-0.317318,-0.230033,0.001997,3006.790039
2019-09-20,fold2 val,-1.155479,-1.500957,-1.461797,-0.707682,-0.720395,-0.110447,-0.525765,-1.079776,1.183611,-0.402065,-0.489558,2992.070068
2019-09-23,fold2 val,-0.215158,-0.493825,0.454695,0.382625,0.345075,-1.637456,-0.076873,0.488322,0.068388,-0.016827,-0.009694,2991.780029
2019-09-24,fold2 val,-1.264903,-2.447210,-0.475494,-1.285888,-1.276565,-2.965422,-0.750150,-0.245845,-0.144238,-1.206191,-0.841637,2966.600098
2019-09-25,fold2 val,1.441270,1.534211,1.538952,2.277713,2.266225,0.838494,0.828492,0.458525,-0.425710,1.195352,0.615857,2984.870117
2019-09-26,fold2 val,0.129148,-1.611124,-0.515767,-0.343681,-0.360855,-1.471552,-0.581427,0.211033,-0.596251,-0.822036,-0.242892,2977.620117
2019-09-27,fold2 val,-1.297142,-0.827085,-0.486602,-1.315320,-1.313027,-1.671208,0.265830,-0.939345,0.126814,0.589603,-0.531635,2961.790039
2019-09-30,fold2 val,0.943897,0.606222,2.353514,-0.392353,-0.497132,0.553349,0.274769,-1.143670,0.194162,-0.025510,0.504761,2976.739990
2019-10-01,fold2 val,-1.409761,-0.014978,0.276848,-1.239816,-1.140256,-1.274694,-0.629746,1.325501,-0.534028,-0.699352,-1.225837,2940.250000
2019-10-02,fold2 val,-1.765513,-1.291738,-2.506793,-2.328352,-2.362474,-0.688241,-1.746408,1.546261,-2.558944,-1.467947,-1.790320,2887.610107
2019-10-03,fold2 val,1.210541,0.653154,0.849460,0.977134,0.951869,2.737703,0.925647,1.790027,-0.613623,0.163615,0.797191,2910.629883
2019-10-04,fold2 val,1.350152,0.883193,2.803184,1.810124,1.782255,0.596490,1.512346,1.799018,1.882752,1.590596,1.421690,2952.010010
2019-10-07,fold2 val,-0.724005,-0.401799,0.022029,-0.223798,-0.109193,-0.426716,-0.403689,-0.613688,-0.374095,-0.787108,-0.447829,2938.790039
2019-10-08,fold2 val,-1.057436,-1.566961,-1.171504,-1.499685,-1.536001,-1.074137,-1.519981,-1.417948,-0.991279,0.298574,-1.556082,2893.060059
2019-10-09,fold2 val,1.894281,0.966286,1.172027,1.030971,1.108373,1.181430,1.273951,1.426741,1.148151,-1.987253,0.910449,2919.399902
2019-10-10,fold2 val,0.622118,-0.100468,1.347835,0.587994,0.528978,0.100085,0.082248,0.000000,0.571761,-0.123821,0.641570,2938.129883
2019-10-11,fold2 val,0.416937,0.677805,2.659826,0.515929,0.560947,2.310739,0.589771,1.246572,0.526716,1.758858,1.093898,2970.270020
2019-10-14,fold2 val,-0.093035,0.260407,-0.143950,0.169459,0.139047,-0.494050,-0.081698,0.169481,-0.889915,-0.464451,-0.138712,2966.149902
2019-10-15,fold2 val,1.447475,1.782393,-0.233165,2.077085,2.057764,3.060861,0.707037,0.783660,1.621764,1.478319,0.995568,2995.679932
2019-10-16,fold2 val,-0.819337,0.568632,-0.403719,0.050683,0.061176,0.349432,-0.042990,-0.492301,1.753982,-0.233405,-0.199954,2989.689941
2019-10-17,fold2 val,-0.512833,0.565426,0.388306,0.758257,0.788398,0.443130,-0.320129,0.039359,0.739811,0.559821,0.276283,2997.949951
2019-10-18,fold2 val,-1.632163,-1.676659,0.480238,-0.604906,-0.669683,-2.384552,0.067107,-1.253245,0.174492,-0.833263,-0.391934,2986.199951
2019-10-21,fold2 val,0.742248,1.601690,1.734284,0.052988,-0.010447,2.103838,1.307727,0.409748,2.480121,0.503625,0.687162,3006.719971
2019-10-22,fold2 val,-1.488084,-1.116112,-0.228666,-0.268833,-0.247529,-3.910202,-0.411372,1.003601,-3.157041,-0.133626,-0.356867,2995.989990
2019-10-23,fold2 val,0.637992,-0.201618,1.341897,1.313985,1.323716,2.089498,0.161434,0.264458,0.269239,-0.192348,0.284715,3004.520020
2019-10-24,fold2 val,1.967324,1.056089,0.164482,0.147699,0.117689,0.123547,-0.331822,-0.071934,2.825143,-0.209458,0.192045,3010.290039
2019-10-25,fold2 val,0.564547,-1.092222,1.231620,0.328322,0.412183,0.810174,0.732431,0.799802,0.959346,-0.050366,0.407270,3022.550049
2019-10-28,fold2 val,2.458593,0.894209,1.001717,1.965803,1.952077,0.803671,0.500471,0.380874,1.118885,0.151194,0.558134,3039.419922
2019-10-29,fold2 val,-0.943193,-0.808628,-2.312794,-2.122475,-2.197080,-0.047519,0.070466,-0.063227,-1.228819,-1.072586,-0.083241,3036.889893
2019-10-30,fold2 val,1.246267,0.980307,-0.012346,-0.105336,0.003153,-0.559925,0.112673,0.911985,-0.553670,2.881028,0.325337,3046.770020
2019-10-31,fold2 val,-0.857481,-0.187076,2.260976,-0.093559,-0.150704,1.806111,-0.314184,-0.217581,-0.644263,-0.602222,-0.302286,3037.560059
2019-11-01,fold2 val,0.244111,0.831896,2.838080,1.081652,1.068483,1.027899,1.528836,2.305511,1.157305,-0.636178,0.966231,3066.909912
2019-11-04,fold2 val,0.577497,0.737957,0.656698,1.384114,1.364504,0.568131,0.996152,0.798112,-1.094342,-0.739339,0.370409,3078.270020
2019-11-05,fold2 val,-0.062205,-0.163465,-0.143689,0.051105,0.141927,-0.205414,1.330402,0.217352,-1.441733,-0.030636,-0.118570,3074.620117
2019-11-06,fold2 val,-0.276912,-0.329692,0.042787,-0.017811,-0.033320,-1.425496,0.507060,0.154922,0.226801,0.538449,0.070250,3076.780029
2019-11-07,fold2 val,0.138790,-0.421540,1.154127,1.320639,1.233926,-0.589916,0.333336,0.541373,0.939065,0.610877,0.273010,3085.179932
2019-11-08,fold2 val,1.178456,-0.129745,0.273680,0.191779,0.157606,0.220553,-0.642008,0.292297,0.302653,0.205030,0.256068,3093.080078
2019-11-11,fold2 val,0.102751,0.791886,-0.796808,-0.928813,-0.818930,-0.644498,-0.207849,-0.352823,0.318475,-0.766932,-0.196247,3087.010010
2019-11-12,fold2 val,0.657047,0.358428,-0.091565,-0.030008,-0.082437,2.563161,0.018109,-0.584960,0.111403,-0.477324,0.156465,3091.840088
2019-11-13,fold2 val,0.163159,0.958190,-1.399887,-0.061599,-0.079382,-0.658224,-0.507037,-0.526486,-0.183599,-0.254985,0.071153,3094.040039
2019-11-14,fold2 val,0.509170,-0.691943,0.084993,1.036971,1.000621,-0.020700,-0.186560,0.093426,0.357332,-0.272743,0.083704,3096.629883
2019-11-15,fold2 val,1.289991,1.187919,-0.861166,1.785054,1.863057,1.009572,0.173233,0.723152,0.011137,0.797994,0.769549,3120.459961
2019-11-18,fold2 val,0.246731,0.504221,0.749645,-1.061513,-1.027352,1.178878,-0.177482,0.841515,-0.061203,-0.081507,0.050315,3122.030029
2019-11-19,fold2 val,0.033267,-0.303261,0.014836,-0.396752,-0.549312,0.972670,-0.145889,-0.030622,1.731047,-0.007410,-0.059259,3120.179932
2019-11-20,fold2 val,-0.173488,-1.164129,-0.414204,-0.943430,-0.817453,-0.908091,-0.707667,-0.727513,-0.607330,0.830707,-0.375618,3108.459961
2019-11-21,fold2 val,-0.093564,-0.448355,-0.619869,-0.130456,-0.132119,0.212651,-0.390836,0.231411,-0.974315,0.367800,-0.158275,3103.540039
2019-11-22,fold2 val,0.073582,-0.087789,0.634696,-0.461833,-0.497637,0.449652,0.613951,0.661881,-0.233511,1.194720,0.217494,3110.290039
2019-11-25,fold2 val,1.096363,1.753356,1.610795,0.876236,0.925273,0.487859,0.504676,0.535220,0.835796,0.043722,0.750729,3133.639893
2019-11-26,fold2 val,0.528992,1.302258,-0.780858,0.524980,0.563698,-0.410410,-0.073041,0.136892,0.873073,-0.007306,0.219557,3140.520020
2019-11-27,fold2 val,0.190735,1.200373,1.343241,-0.042637,-0.066262,1.522823,0.730930,0.296203,0.996998,0.422829,0.417442,3153.629883
2019-11-29,fold2 val,-0.617112,-0.220315,-0.973872,-0.611550,-0.612741,-0.178221,-0.090702,-0.227174,0.075946,-0.188713,-0.401122,3140.979980
2019-12-02,fold2 val,-1.208865,-1.156199,-1.066192,-1.152545,-1.167852,-0.962103,0.013617,-0.220090,-1.474190,-0.094572,-0.863102,3113.870117
2019-12-03,fold2 val,-0.160526,-0.653346,-1.782989,0.415545,0.456200,-0.440648,-1.021195,-1.285485,0.060514,-0.145590,-0.663810,3093.199951
2019-12-04,fold2 val,0.361699,0.882617,-0.523742,1.950125,1.869099,-0.055333,0.146732,1.972567,-0.714681,1.618535,0.632357,3112.760010
2019-12-05,fold2 val,0.053369,1.467120,-1.147843,0.574787,0.608071,0.327098,0.549456,0.544067,0.714283,0.129145,0.150025,3117.429932
2019-12-06,fold2 val,1.213890,1.931613,0.638904,0.940415,0.936711,0.847723,1.370671,1.488036,0.153927,0.587557,0.913572,3145.909912
2019-12-09,fold2 val,-0.256971,-1.399995,-0.119319,0.219269,0.268784,0.144235,-0.552534,-0.466518,0.411709,0.085505,-0.316282,3135.959961
2019-12-10,fold2 val,-0.151949,0.584432,-0.588736,0.081903,-0.007433,-0.233422,-0.054210,0.066963,-0.360798,-0.363017,-0.109693,3132.520020
2019-12-11,fold2 val,0.377150,0.852896,0.546794,0.026759,0.101275,0.691982,0.592069,-0.237912,-0.137174,0.707220,0.290816,3141.629883
2019-12-12,fold2 val,1.015132,0.254888,0.663920,0.390311,0.315414,-2.724209,1.505140,2.861834,0.346157,0.255351,0.857523,3168.570068
2019-12-13,fold2 val,0.841843,1.359265,0.034647,-0.180662,-0.120137,-1.341797,-0.243450,-0.876680,1.368801,0.028267,0.007258,3168.800049
2019-12-16,fold2 val,0.647093,1.711837,0.469642,0.989708,1.026826,1.962784,0.656703,0.387387,0.594140,0.290029,0.714779,3191.449951
2019-12-17,fold2 val,-0.540072,0.196510,1.212399,-0.444479,-0.426980,0.237471,0.088163,0.611598,-0.386588,1.248316,0.033529,3192.520020
2019-12-18,fold2 val,-0.206860,-0.238922,-0.370251,-0.184448,-0.219937,2.071676,-0.898484,-0.101291,-0.334221,-0.257750,-0.043230,3191.139893
2019-12-19,fold2 val,0.868032,0.100127,0.462434,0.278032,0.309844,1.758039,0.088890,-0.499880,1.508526,0.886962,0.445929,3205.370117
2019-12-20,fold2 val,1.091784,-0.207177,-0.322496,-0.384838,-0.475626,0.116451,0.488429,-0.080087,0.488447,0.782690,0.494478,3221.219971
2019-12-23,fold2 val,0.000000,1.631853,0.363845,-0.043662,-0.055560,-0.058146,-0.366754,-0.029125,0.260182,-0.489376,0.086614,3224.010010
2019-12-24,fold2 val,-0.019038,0.095031,-0.211376,-0.459041,-0.391489,-0.514126,-0.004433,0.276957,-0.348267,0.261947,-0.019545,3223.379883
2019-12-26,fold2 val,0.819636,1.984056,4.446652,1.341803,1.253397,1.301678,0.434646,1.061183,0.847680,-0.068511,0.512817,3239.909912
2019-12-27,fold2 val,0.182764,-0.037972,0.055115,-0.574669,-0.625542,0.149187,-0.136894,0.071936,0.121587,-0.054919,0.003398,3240.020020
2019-12-30,fold2 val,-0.861861,0.593532,-1.225265,-1.102138,-1.165050,-1.773196,-0.168040,-0.366549,-0.823721,-0.308720,-0.578082,3221.290039
2019-12-31,fold2 val,0.069826,0.730639,0.051438,-0.023904,0.065872,0.410961,0.327784,0.555452,0.392298,0.037269,0.294602,3230.780029
2020-01-02,fold2 val,1.851615,2.281638,2.715061,2.186833,2.269979,2.207059,0.834437,1.212345,1.713708,0.068539,0.837880,3257.850098
2020-01-03,fold2 val,-1.245166,-0.972186,-1.213903,-0.523138,-0.490722,-0.529135,-0.967646,-1.319622,-0.795315,-1.157753,-0.705987,3234.850098
2020-01-06,fold2 val,0.258474,0.796829,1.488557,2.665411,2.465735,1.883361,0.358128,-0.079512,-0.216240,-0.124746,0.353337,3246.280029
2020-01-07,fold2 val,-0.911770,-0.470312,0.209162,-0.193171,-0.062433,0.216361,-0.471390,-1.700085,-0.264291,0.610687,-0.280324,3237.179932
2020-01-08,fold2 val,1.592825,1.608635,-0.780864,0.711774,0.788064,1.013817,0.030988,0.780101,1.711803,-0.013794,0.490245,3253.050049
2020-01-09,fold2 val,1.249309,2.124071,0.479917,1.057056,1.097170,1.431074,1.177038,0.365120,0.693006,0.296612,0.665526,3274.699951
2020-01-10,fold2 val,-0.462699,0.226062,-0.941060,0.697279,0.645881,-0.109928,-0.887819,0.269056,-0.996795,-0.226963,-0.285518,3265.350098
2020-01-13,fold2 val,1.202421,2.136452,0.432258,0.716012,0.723081,1.765568,0.807520,0.830455,0.805101,0.441198,0.697622,3288.129883
2020-01-14,fold2 val,-0.704303,-1.350324,-1.155821,-0.631080,-0.604636,-1.284307,-0.560297,1.166197,0.368597,0.562765,-0.151453,3283.149902
2020-01-15,fold2 val,0.647603,-0.428529,-0.396913,0.581467,0.601843,0.954063,0.519438,1.912761,-1.498569,0.334459,0.187020,3289.290039
2020-01-16,fold2 val,1.832358,1.252613,0.854991,0.868534,0.761551,0.280376,0.604331,0.575587,0.387631,0.809464,0.836655,3316.810059
2020-01-17,fold2 val,0.559642,1.107138,-0.703966,1.976308,2.024582,0.166831,0.204589,1.866144,0.692185,0.654528,0.386216,3329.620117
2020-01-21,fold2 val,-0.359069,-0.677694,1.462953,0.270881,0.184533,-0.315111,-0.682012,1.265259,-0.984093,0.067047,-0.265198,3320.790039
2020-01-22,fold2 val,-0.480458,0.356939,-0.239955,0.104411,0.109285,-0.054192,0.398018,0.294268,-0.116919,-0.683322,0.028908,3321.750000
2020-01-23,fold2 val,0.615574,0.481568,-0.152591,0.047103,0.055247,-0.704867,-0.069700,-0.663766,-0.102447,0.188850,0.114098,3325.540039
2020-01-24,fold2 val,-1.007684,-0.288203,-1.217243,-1.341254,-1.247371,-0.828168,-1.098616,-0.736025,-0.878439,-0.141389,-0.904216,3295.469971
2020-01-27,fold2 val,-1.672323,-2.940528,-1.788746,-2.236999,-2.348982,-1.408651,-1.943932,-1.614625,0.289936,-1.740539,-1.573071,3243.629883
2020-01-28,fold2 val,1.959569,2.828938,1.362437,1.301338,1.310984,1.358959,0.710273,0.575140,0.504178,1.817766,1.005358,3276.239990
2020-01-29,fold2 val,1.559309,2.093284,0.256310,0.417893,0.427446,2.497824,0.209794,0.990876,0.695654,-0.148761,-0.086687,3273.399902
2020-01-30,fold2 val,2.820736,-0.144964,0.682449,-0.191265,-0.168199,-6.137172,1.505570,1.635273,-0.119565,1.236666,0.313436,3283.659912
2020-01-31,fold2 val,-1.475819,-4.433880,7.379136,-1.484372,-1.476357,-3.636710,-1.513960,-4.437831,-0.990972,-2.597673,-1.770582,3225.520020
2020-02-03,fold2 val,2.437833,-0.274615,-0.225017,3.605420,3.477148,1.129213,-0.427747,0.924742,0.873277,0.763075,0.725461,3248.919922
2020-02-04,fold2 val,3.291680,3.301350,2.268734,-2.615850,-2.508431,2.762138,0.720455,1.369474,0.952255,1.439573,1.498041,3297.590088
2020-02-05,fold2 val,-0.122157,0.815443,-0.478124,0.080164,0.044281,0.133446,1.586099,-0.368431,1.576516,1.700050,1.125060,3334.689941
2020-02-06,fold2 val,2.073376,1.169699,0.507873,1.933383,2.069102,0.352200,0.419859,0.113412,-0.298738,0.014558,0.332567,3345.780029
2020-02-07,fold2 val,0.141593,-1.359230,1.416914,0.203227,0.212717,0.701921,-0.971210,-0.147769,-1.068163,-0.319773,-0.540085,3327.709961
2020-02-10,fold2 val,2.615664,0.474933,2.627358,1.990894,1.997850,0.343784,-0.118746,1.603049,0.415578,-0.019771,0.732640,3352.090088
2020-02-11,fold2 val,-2.257550,-0.603336,0.791503,0.087110,0.012977,-2.755082,0.096870,-0.995209,0.188715,0.085605,0.168847,3357.750000
2020-02-12,fold2 val,0.146425,2.374798,0.427747,0.567528,0.628306,1.723057,0.048388,1.716208,0.000000,-0.592150,0.646265,3379.449951
2020-02-13,fold2 val,-0.541399,-0.712126,-0.468982,-0.257053,-0.325756,1.129247,-0.426487,0.125495,-0.086919,-0.661879,-0.163045,3373.939941
2020-02-14,fold2 val,0.892694,0.024624,-0.697717,0.401390,0.352857,0.487941,0.145716,1.393439,-0.304626,0.026668,0.184353,3380.159912
2020-02-18,fold2 val,1.014307,-1.831049,0.974299,-0.070365,0.046737,1.690174,-0.013227,0.432727,-1.324026,-0.659411,-0.291994,3370.290039
2020-02-19,fold2 val,0.299914,1.448260,0.674965,0.461957,0.357383,-0.142337,1.089210,0.999081,1.363909,-0.134103,0.470579,3386.149902
2020-02-20,fold2 val,-1.527124,-1.025881,-0.788863,-0.559384,-0.516780,-1.337995,-0.466763,-0.871981,0.000000,-0.382692,-0.381552,3373.229980
2020-02-21,fold2 val,-3.161248,-2.263480,-2.653382,-2.176320,-2.210309,-2.050516,0.508394,-1.248555,1.051388,-1.221874,-1.051810,3337.750000
2020-02-24,fold2 val,-4.311560,-4.750081,-4.135555,-4.277147,-4.287263,-4.500892,-3.331443,-4.798598,-2.060673,-2.687597,-3.351363,3225.889893
2020-02-25,fold2 val,-1.650174,-1.819050,-3.387183,-2.331177,-2.362206,-1.967925,-1.641932,-5.226609,-0.863552,-4.464286,-3.028000,3128.209961
2020-02-26,fold2 val,1.249452,1.586344,0.347232,0.340660,0.299353,0.218520,-0.912637,-0.631636,-0.670598,0.300961,-0.377854,3116.389893
2020-02-27,fold2 val,-7.045879,-4.813627,-6.536794,-5.389812,-5.431261,-3.777883,-3.883180,-3.845932,-3.173711,-4.161414,-4.416324,2978.760010
2020-02-28,fold2 val,2.421252,-0.029185,-0.058517,1.611406,1.847998,1.433464,-0.640440,0.972158,-3.335241,-4.333833,-0.823834,2954.219971
2020-03-02,fold2 val,6.653937,9.310106,3.726611,3.716793,3.514639,2.062675,5.471556,5.815359,4.119567,4.659369,4.603923,3090.229980
2020-03-03,fold2 val,-4.791935,-3.175976,-2.300981,-3.435288,-3.505676,-5.370611,-4.052753,-3.431616,-3.163840,-3.752473,-2.810790,3003.370117
2020-03-04,fold2 val,3.671539,4.638512,3.501323,3.364410,3.280193,3.157777,4.334085,4.608833,5.819031,2.470933,4.220259,3130.120117
2020-03-05,fold2 val,-2.509548,-3.243756,-2.621679,-4.866855,-4.837851,-3.436582,-4.085190,-3.772712,-1.024531,-3.377634,-3.392208,3023.939941
2020-03-06,fold2 val,-2.826751,-1.328015,-1.192292,-1.564014,-1.446646,-2.203379,-1.426115,-1.390651,0.014103,1.130104,-1.705385,2972.370117
2020-03-09,fold2 val,-6.777240,-7.909167,-5.285383,-6.367259,-6.183902,-6.400139,-6.238465,-3.935818,-7.176172,-0.059707,-7.596970,2746.560059
2020-03-10,fold2 val,6.838416,7.202151,5.065507,5.318011,4.899337,5.126851,4.970740,3.811213,6.702506,2.244758,4.939631,2882.229980
2020-03-11,fold2 val,-4.530199,-3.473066,-3.750890,-5.075019,-5.040105,-4.461532,-3.990528,-5.284786,-6.947200,-4.474459,-4.886844,2741.379883
2020-03-12,fold2 val,-9.483850,-9.875478,-7.922083,-8.268815,-8.204642,-9.263384,-9.592067,-4.848265,-7.441454,-9.071050,-9.511268,2480.639893
2020-03-13,fold2 val,14.216923,11.980805,6.464834,9.401672,9.241145,10.234990,11.609929,9.838815,7.080768,9.658826,9.287125,2711.020020
2020-03-16,fold2 val,-14.739052,-5.369752,-12.864682,-11.100828,-11.634148,-9.485738,-14.253006,-5.331743,-13.547166,-6.432962,-11.984055,2386.129883
2020-03-17,fold2 val,8.233677,7.026613,4.397020,3.271150,4.199446,5.529618,2.335474,7.441212,11.708487,3.868156,5.995485,2529.189941
2020-03-18,fold2 val,-4.209612,1.225774,-2.447989,-2.053945,-2.403258,-1.646375,-8.081025,-1.193357,2.783804,-5.959864,-5.183076,2398.100098
2020-03-19,fold2 val,1.645297,2.783061,-0.766194,1.685819,1.876827,4.198420,1.298997,-2.122215,-5.860960,2.539110,0.470781,2409.389893
2020-03-20,fold2 val,-3.755849,-1.852280,-6.348568,-3.852804,-3.909423,-2.220329,-2.644834,-4.587698,-5.635586,-3.559968,-4.335951,2304.919922
2020-03-23,fold2 val,3.073529,-0.997469,-2.124431,-1.464113,-1.318087,-1.088639,-4.663056,0.271979,-7.298358,-1.734294,-2.929387,2237.399902
2020-03-24,fold2 val,9.089543,1.958656,10.032550,7.366882,7.198342,8.696831,9.911794,0.656317,6.905001,7.234095,9.382774,2447.330078
2020-03-25,fold2 val,-0.957233,-2.796760,-0.550856,-2.818084,-2.512368,-2.963097,1.273852,4.691620,-4.894414,0.184611,1.153501,2475.560059
2020-03-26,fold2 val,6.255086,3.693312,5.262267,5.476623,5.462919,4.564358,1.900589,4.388689,6.005025,4.778763,6.241416,2630.070068
2020-03-27,fold2 val,-4.106073,-2.832539,-4.140220,-4.485385,-4.436268,-4.010040,-2.305596,-4.334433,-2.694155,-3.704968,-3.368735,2541.469971
2020-03-30,fold2 val,7.034078,3.360355,2.853795,3.251066,3.246990,5.842220,1.959250,7.997719,2.482059,5.119507,3.351601,2626.649902
2020-03-31,fold2 val,-1.572733,-0.724562,-0.204077,1.394293,1.364376,0.512205,-0.191064,-1.413417,-2.687697,-1.362912,-1.601272,2584.590088
2020-04-01,fold2 val,-3.550829,-2.155179,-5.261685,-4.918269,-5.150820,-4.316550,-3.763061,-1.769242,0.457627,-4.971451,-4.414243,2470.500000
2020-04-02,fold2 val,2.070873,0.583421,1.668664,1.376619,1.354680,-0.883455,2.148337,3.369284,3.951313,2.795361,2.282935,2526.899902
2020-04-03,fold2 val,-0.921050,-0.637888,-1.437143,-2.048473,-2.178103,-2.534930,-0.773382,0.766072,0.699531,-1.007263,-1.513713,2488.649902
2020-04-06,fold2 val,7.436795,4.772922,8.723763,8.110185,8.281325,7.374490,3.869019,4.166348,5.515570,6.472269,7.033132,2663.679932
2020-04-07,fold2 val,-1.077013,0.701346,-1.158252,-0.034546,-0.053241,1.981285,0.005395,-1.631360,-3.236313,-0.501659,-0.160305,2659.409912
2020-04-08,fold2 val,1.003129,1.560946,2.559472,2.003355,2.066700,3.228099,3.109309,4.204237,3.766520,-0.122973,3.405645,2749.979980
2020-04-09,fold2 val,0.006007,-0.011748,0.721581,0.096662,-0.035638,0.522143,1.481599,-1.417017,-0.714515,-0.032822,1.448741,2789.820068
2020-04-13,fold2 val,0.224075,6.173507,1.962790,0.504351,0.318269,-0.228322,-2.615555,-1.033763,2.873572,-2.705957,-1.010466,2761.629883
2020-04-14,fold2 val,4.948333,5.276945,5.050275,4.243743,4.529052,1.933746,2.209036,4.478792,2.952921,3.331546,3.057259,2846.060059
2020-04-15,fold2 val,-1.047762,1.066870,-0.912705,-0.532604,-0.626761,-0.673500,-2.264950,1.116201,-0.186067,-0.451253,-2.203044,2783.360107
2020-04-16,fold2 val,3.002110,4.355454,0.794565,0.079208,0.010334,-0.406856,-0.323488,1.361248,2.772627,3.261448,0.581669,2799.550049
2020-04-17,fold2 val,0.881131,-1.378214,-1.356851,1.565537,1.715401,1.696446,1.723766,1.570110,-0.158718,-0.707369,2.679359,2874.560059
2020-04-20,fold2 val,-1.982070,0.783576,-2.075694,-1.296711,-1.395639,-0.557915,-1.281379,-0.230243,-1.718139,-1.954922,-1.788105,2823.159912
2020-04-21,fold2 val,-2.736033,-4.135732,-3.091005,-3.968858,-3.884532,-4.174136,-2.792055,-1.312029,-0.492877,-2.954140,-3.067480,2736.560059
2020-04-22,fold2 val,3.396522,1.519253,2.880328,3.853361,3.815510,6.721303,1.689561,2.211384,1.842006,3.103247,2.293025,2799.310059
2020-04-23,fold2 val,1.521482,-1.210255,-0.387541,1.037039,1.013969,1.563531,-0.509163,1.647160,-2.325430,-1.763718,-0.053942,2797.800049
2020-04-24,fold2 val,0.448851,1.825899,2.886982,0.235049,0.427170,2.668390,0.479448,-0.417979,0.707995,0.372627,1.391806,2836.739990
2020-04-27,fold2 val,-0.286433,-1.419786,0.070681,-0.268114,-0.449625,-1.352139,0.503969,-0.368097,-0.880712,-0.494473,1.471407,2878.479980
2020-04-28,fold2 val,-2.436094,-2.606061,-1.620933,-3.308306,-3.011356,-2.447970,-0.181378,-1.879544,-0.233822,-0.296882,-0.524238,2863.389893
2020-04-29,fold2 val,4.487361,2.533616,3.284493,8.790941,8.838987,2.874918,4.573308,-0.759648,6.154733,-3.437483,2.658392,2939.510010
2020-04-30,fold2 val,4.268957,1.003247,2.109641,0.487203,0.384750,5.417382,-1.186646,-0.133127,-1.688770,-1.658590,-0.921245,2912.429932
2020-05-01,fold2 val,-2.589155,-7.597409,-1.609970,-2.079857,-2.181642,-1.191939,-2.503204,-1.166337,-1.762511,1.127078,-2.805903,2830.709961
2020-05-04,fold2 val,2.446012,1.310124,1.414903,0.468733,0.423594,1.478223,-2.583895,-0.013493,0.330335,0.634567,0.424983,2842.739990
2020-05-05,fold2 val,1.073599,0.078152,1.500860,1.832226,1.974456,0.881812,-1.078954,0.829546,1.300048,0.832644,0.904056,2868.439941
2020-05-06,fold2 val,0.984702,1.443614,1.031758,-0.281991,-0.266123,0.676110,-2.073507,-0.949840,0.190518,-1.146441,-0.697941,2848.419922
2020-05-07,fold2 val,0.580704,0.695370,1.034479,1.874865,1.772667,1.338309,0.638120,-0.330883,2.203845,-0.708730,1.150463,2881.189941
2020-05-08,fold2 val,0.588227,0.506839,2.380148,1.151871,1.099849,0.515964,1.931062,0.752086,1.297063,0.861488,1.687154,2929.800049
2020-05-11,fold2 val,1.115445,1.235074,1.573577,1.091813,1.371152,0.390869,-1.238479,0.275703,-0.826613,0.593731,0.013308,2930.189941
2020-05-12,fold2 val,-2.265185,-2.160642,-1.142817,-1.979903,-2.005342,-1.444812,-1.047871,-1.321142,-2.228175,0.088979,-2.050032,2870.120117
2020-05-13,fold2 val,-1.512228,0.465432,-1.207428,-1.919687,-1.952466,-2.379801,-1.296216,-0.006799,-1.160916,-0.056533,-1.746272,2820.000000
2020-05-14,fold2 val,0.433941,0.883893,0.614333,0.553665,0.582889,0.833740,0.211048,0.346632,2.151468,-0.234456,1.152482,2852.500000
2020-05-15,fold2 val,1.456815,0.876155,-0.591229,1.207913,1.243960,1.967993,1.896493,-0.982854,1.431718,2.041816,0.392636,2863.699951
2020-05-18,fold2 val,0.955474,0.683884,2.356128,0.868759,0.796799,1.095393,3.669132,0.053172,4.299986,1.365739,3.150119,2953.909912
2020-05-19,fold2 val,-0.692252,0.950843,-0.577839,-0.778228,-0.755452,1.730860,-1.692694,-0.996540,-1.055491,-2.122857,-1.048440,2922.939941
2020-05-20,fold2 val,1.387084,1.984628,1.944794,2.529094,2.419754,6.035593,2.046495,2.376422,-0.899202,2.202740,1.665110,2971.610107
2020-05-21,fold2 val,-1.201119,-2.049693,-0.745515,-0.171021,-0.278662,0.617478,-0.613568,-1.671305,-0.656833,-0.752249,-0.777360,2948.510010
2020-05-22,fold2 val,0.043587,-0.402982,0.643837,0.461348,0.543201,1.521237,-0.005722,0.125884,-0.912832,0.224173,0.235371,2955.449951
2020-05-26,fold2 val,-1.057132,-0.616361,-0.677349,0.575268,0.467936,-1.153630,3.092668,1.236507,0.131583,0.128501,1.228918,2991.770020
2020-05-27,fold2 val,0.132155,-0.473604,0.435699,-0.076675,0.057873,-1.317833,3.010984,-0.206991,0.228304,1.957013,1.482730,3036.129883
2020-05-28,fold2 val,-0.225505,-0.385415,0.044011,-0.143641,-0.078285,-1.605991,-0.360660,0.746807,1.435582,-0.063678,-0.210791,3029.729980
2020-05-29,fold2 val,1.019830,1.718795,-0.097429,1.077391,0.860423,-0.164121,0.259317,0.504463,1.211140,0.709979,0.481234,3044.310059
2020-06-01,fold2 val,-0.229184,1.173862,1.229799,0.094174,0.202960,3.029901,-0.937604,-0.455835,-1.048754,0.339924,0.375123,3055.729980
2020-06-02,fold2 val,1.137661,0.055440,0.462945,0.518512,0.516818,0.349266,1.142301,1.034219,0.720195,0.659706,0.821083,3080.820068
2020-06-03,fold2 val,0.243409,0.242273,0.550551,-0.212160,-0.197323,-1.100030,2.624505,0.259742,0.269792,-0.305857,1.364898,3122.870117
2020-06-04,fold2 val,-1.316420,-0.718205,-0.861252,-1.733552,-1.684791,-1.681442,0.644584,-1.640707,-1.291649,1.679323,-0.336870,3112.350098
2020-06-05,fold2 val,2.339840,0.910349,2.848083,1.818581,1.856005,1.979764,4.483208,3.083042,0.388498,2.175622,2.621165,3193.929932
2020-06-08,fold2 val,0.619655,1.653646,0.591289,0.556932,0.571471,0.272991,0.448517,-0.005023,-0.359816,-1.041350,1.204158,3232.389893
2020-06-09,fold2 val,0.764517,3.042714,3.157787,0.565155,0.373751,3.141758,-2.723750,-0.260493,-0.551887,-0.989461,-0.779917,3207.179932
2020-06-10,fold2 val,3.709155,1.791329,2.572739,0.665443,0.869079,-0.812850,-2.325706,0.703219,1.260612,1.316619,-0.531309,3190.139893
2020-06-11,fold2 val,-5.369824,-3.380230,-4.801057,-4.230324,-4.287529,-5.195782,-7.044014,-5.786132,-4.688758,-4.975961,-5.894406,3002.100098
2020-06-12,fold2 val,0.789198,-0.505874,0.863374,0.665326,0.786044,1.849123,1.791935,1.789517,0.908601,0.993027,1.306084,3041.310059
2020-06-15,fold2 val,0.639135,1.086831,1.236707,0.530600,0.494863,1.714937,0.187626,-0.260058,-0.633113,1.297843,0.831222,3066.590088
2020-06-16,fold2 val,2.450506,1.655473,2.650233,1.811031,1.610728,1.354843,0.413109,0.584064,2.272593,0.499176,1.896240,3124.739990
2020-06-17,fold2 val,0.346145,0.983066,-0.139166,0.419627,0.582237,-0.050924,-0.789908,0.352540,-0.304601,0.148987,-0.360030,3113.489990
2020-06-18,fold2 val,1.070865,0.492248,0.039829,-1.137149,-1.175809,0.174076,-0.071882,0.180827,-0.423542,-0.677795,0.059422,3115.340088
2020-06-19,fold2 val,-0.595997,0.792394,-0.571460,-0.295256,-0.661038,1.207930,-0.558842,-0.881869,0.292855,-0.141254,-0.564949,3097.739990
2020-06-22,fold2 val,2.777386,1.450829,2.616352,1.406699,1.826423,0.180073,0.250388,1.436001,-0.305904,1.526942,0.649510,3117.860107
2020-06-23,fold2 val,0.668041,1.864170,2.134499,0.864398,0.918180,1.262431,0.466224,1.543929,-0.369666,-0.501349,0.430742,3131.290039
2020-06-24,fold2 val,-1.085587,-2.015725,-1.765211,-2.169640,-2.182209,-3.393326,-1.922543,-3.313618,-2.127918,-0.635973,-2.585515,3050.330078
2020-06-25,fold2 val,1.263637,0.738007,1.327531,0.606741,0.633195,0.709349,0.743540,1.342670,-0.107291,-0.490454,1.095945,3083.760010
2020-06-26,fold2 val,-2.001592,-2.240276,-3.072589,-5.470591,-5.630477,-8.316368,-1.945771,-2.428102,-1.331702,-1.161152,-2.422691,3009.050049
2020-06-29,fold2 val,1.074728,-0.463815,2.304693,2.541555,2.578863,2.110325,1.037810,1.114816,0.892523,0.625440,1.468568,3053.239990
2020-06-30,fold2 val,2.554906,2.926449,0.834747,1.494457,1.336241,2.914262,0.744959,0.935330,1.143577,0.604702,1.540988,3100.290039
2020-07-01,fold2 val,4.345339,0.584756,-0.189139,1.688948,1.728197,4.615307,-0.291294,0.315745,-0.177789,-0.075098,0.502213,3115.860107
2020-07-02,fold2 val,0.402961,0.762081,0.000000,1.936886,1.853905,-1.738572,0.471935,0.975354,0.420285,0.564982,0.454125,3130.010010
2020-07-06,fold2 val,5.768955,2.152633,2.675010,2.021864,2.116481,2.938913,2.175250,1.068104,13.479394,1.425811,1.588173,3179.719971
2020-07-07,fold2 val,-1.861937,-1.162802,-0.310272,-0.648824,-0.703370,0.241379,-0.859242,1.332769,-1.800146,-0.090889,-1.081853,3145.320068
2020-07-08,fold2 val,2.699558,2.199278,2.329046,0.918189,0.728556,1.129286,0.027603,0.447967,-1.725350,0.294015,0.782746,3169.939941
2020-07-09,fold2 val,3.294919,0.700104,0.430018,1.001577,1.001988,0.377685,-1.324500,2.079246,-1.466125,-0.544456,-0.564361,3152.050049
2020-07-10,fold2 val,0.545775,-0.303289,0.174908,1.524190,1.849970,0.233139,10.784776,2.293060,0.176897,1.919936,1.046620,3185.040039
2020-07-13,fold2 val,-3.000002,-3.088870,-0.461287,-1.918336,-1.793617,-2.476840,-3.080959,0.672505,-1.833283,-1.886743,-0.936254,3155.219971
2020-07-14,fold2 val,-0.644330,0.618138,1.654813,0.570676,0.611377,0.305447,3.030469,1.318586,2.280176,1.866242,1.340637,3197.520020
2020-07-15,fold2 val,-2.436122,-0.148780,0.687738,-0.261679,-0.456402,0.229425,0.448047,1.925758,1.665531,0.229890,0.908205,3226.560059
2020-07-16,fold2 val,-0.298120,-1.980381,-1.230495,0.078194,0.080179,0.270501,0.236144,-2.934650,-1.551778,0.667714,-0.340610,3215.570068
2020-07-17,fold2 val,-1.264375,-0.510016,-0.202020,-0.080101,0.045970,0.456570,-0.130883,0.013331,0.821716,0.067014,0.284861,3224.729980
2020-07-20,fold2 val,7.929520,4.298087,2.107366,3.226271,3.181780,1.400659,9.472029,-0.146781,1.732546,0.167402,0.840694,3251.840088
2020-07-21,fold2 val,-1.831490,-1.346856,-1.380149,-0.466226,-0.506433,-1.495399,-4.542907,0.939736,-1.002663,0.093557,0.167904,3257.300049
2020-07-22,fold2 val,-1.222963,1.437137,0.280916,0.646172,0.573967,-0.777662,1.528348,-0.088416,1.211312,0.180346,0.574708,3276.020020
2020-07-23,fold2 val,-3.656880,-4.349482,-4.551654,-3.302940,-3.137959,-3.030813,0.598643,-4.977615,-0.719099,-0.266657,-1.231986,3235.659912
2020-07-24,fold2 val,0.748687,-0.612238,-0.247711,-0.317383,-0.497177,-0.812549,0.657182,-6.349339,-1.154845,-0.995935,-0.619040,3215.629883
2020-07-27,fold2 val,1.538765,1.266782,2.370017,1.212423,1.406960,1.209305,-1.223527,8.652081,0.901889,-0.634616,0.739514,3239.409912
2020-07-28,fold2 val,-1.796278,-0.897724,-1.642749,-1.739370,-1.897733,-1.447542,1.030496,-4.099112,-0.086341,-0.237809,-0.647339,3218.439941
2020-07-29,fold2 val,1.106547,1.009809,1.916849,1.320790,1.444996,1.377545,1.179687,1.532007,0.935231,-0.197485,1.242838,3258.439941
2020-07-30,fold2 val,0.604903,-0.078425,1.210026,0.975384,0.619586,0.518666,-1.074284,-0.775126,-2.276159,0.204705,-0.375025,3246.219971
2020-07-31,fold2 val,3.696082,10.468862,0.544411,-3.277496,-3.166276,8.174843,0.761706,-3.813805,-1.886019,-0.735513,0.767050,3271.120117
2020-08-03,fold2 val,-1.668097,5.624084,2.519761,-0.348796,-0.573875,-0.674098,1.777503,3.790989,0.152308,1.090829,0.718102,3294.610107
2020-08-04,fold2 val,0.865712,0.667809,-1.500877,-0.637992,-0.642960,-0.845375,0.491825,0.134678,0.839058,-0.088199,0.361193,3306.510010
2020-08-05,fold2 val,2.109065,0.362480,-0.164088,0.392957,0.589796,-0.284190,1.687969,-0.133150,1.981417,0.801521,0.642974,3327.770020
2020-08-06,fold2 val,0.623086,3.488911,1.601405,1.748377,1.797627,6.486818,0.687560,0.307067,1.361524,-0.572783,0.642770,3349.159912
2020-08-07,fold2 val,-1.784185,-2.273581,-1.788795,-0.437211,-0.373988,1.191200,2.175393,-2.475194,-1.212441,0.711612,0.063303,3351.280029
2020-08-10,fold2 val,-0.609319,1.453494,-1.990767,-0.103442,0.107736,-2.026510,1.479858,-2.350091,0.218975,-0.383621,0.274222,3360.469971
2020-08-11,fold2 val,-2.143799,-2.974010,-2.338560,-1.087630,-1.054737,-2.612161,0.037634,0.497993,-3.114406,-0.716005,-0.796913,3333.689941
2020-08-12,fold2 val,2.647805,3.323440,2.856771,1.803398,1.776648,1.467979,0.272737,13.123639,0.490464,1.830286,1.399655,3380.350098
2020-08-13,fold2 val,-0.038583,1.769785,-0.234264,0.748134,0.661324,0.542541,-0.590888,4.260465,-0.433363,-1.109172,-0.204717,3373.429932
2020-08-14,fold2 val,-0.411256,-0.089169,0.095824,-0.705999,-0.792519,-0.022951,-0.481172,1.832820,-0.475760,0.162155,-0.017188,3372.850098
2020-08-17,fold2 val,1.092431,-0.261045,0.660636,0.679859,0.771576,-0.030651,11.203058,-1.981422,1.418823,0.505936,0.270984,3381.989990
2020-08-18,fold2 val,4.087467,0.833254,0.575414,2.675899,2.607790,0.451846,2.802837,0.749590,-0.210602,0.738297,0.230339,3389.780029
2020-08-19,fold2 val,-1.570115,0.125474,-0.606687,-0.710246,-0.717951,0.095300,-0.453606,-0.537606,0.994908,0.199899,-0.440440,3374.850098
2020-08-20,fold2 val,1.131427,2.218948,2.327119,2.211256,2.048400,2.444885,6.563644,-0.526042,1.572227,0.684858,0.315863,3385.510010
2020-08-21,fold2 val,5.153275,-0.383644,-0.726989,-0.084069,-0.043126,-0.743484,2.405293,0.635551,-0.009776,0.884953,0.344111,3397.159912
2020-08-24,fold2 val,1.196006,0.692302,0.314520,0.492268,0.608027,1.640418,-1.745381,2.497232,1.116910,0.263629,1.004372,3431.280029
2020-08-25,fold2 val,-0.820352,1.180055,1.300943,1.260537,1.305882,3.474677,0.453775,0.348058,0.818764,-0.059170,0.359635,3443.620117
2020-08-26,fold2 val,2.849556,1.359903,2.161962,2.745907,2.383754,8.222364,6.416619,0.614013,1.037951,0.157864,1.019563,3478.729980
2020-08-27,fold2 val,-1.215915,-1.195445,2.455357,-1.092377,-0.949425,-3.517493,3.974608,1.029531,0.366233,0.446475,0.167304,3484.550049
2020-08-28,fold2 val,0.052939,-0.161975,1.028343,0.616762,0.669935,0.150064,-1.132330,0.774661,2.217702,0.468456,0.673257,3508.010010
2020-08-31,fold2 val,3.391215,1.445122,-1.476585,-0.622096,-0.603868,-0.156643,12.568905,-0.233361,-1.724538,1.398684,-0.219496,3500.310059
2020-09-01,fold2 val,3.983261,1.395548,0.771529,1.623438,1.567945,0.763959,-4.669691,0.233907,0.641545,0.701271,0.752500,3526.649902
2020-09-02,fold2 val,-2.071822,0.923947,1.927226,4.068744,3.764748,2.389675,-5.826757,1.432162,1.467058,0.060992,1.536591,3580.840088
2020-09-03,fold2 val,-4.628411,-8.006114,-6.194685,-5.001505,-5.117053,-3.761976,-9.023849,-1.592385,-3.473753,-2.126219,-3.512584,3455.060059
2020-09-04,fold2 val,-2.178736,0.066167,-1.403600,-3.094088,-2.964079,-2.881970,2.781325,0.077934,-2.057806,-1.183046,-0.813303,3426.959961
2020-09-08,fold2 val,-4.394436,-6.729482,-5.409566,-3.686266,-3.643421,-4.092249,-0.238184,-21.062824,-2.218307,-3.066595,-2.775634,3331.840088
2020-09-09,fold2 val,3.770662,3.988656,4.258340,1.603377,1.550954,0.944105,10.923349,0.840221,1.968798,1.040084,2.014499,3398.959961
2020-09-10,fold2 val,-2.860545,-3.264590,-2.801839,-1.601847,-1.368919,-2.056870,1.381458,-0.833220,-1.234951,-2.201736,-1.758480,3339.189941
2020-09-11,fold2 val,-1.854732,-1.312877,-0.652456,-0.737580,-0.674271,-0.552048,0.371626,0.059683,-0.426706,-0.080411,0.053307,3340.969971
2020-09-14,fold2 val,2.999992,-0.425199,0.676362,-0.094696,-0.457203,-0.172536,12.583177,0.922319,2.142711,0.453559,1.274183,3383.540039
2020-09-15,fold2 val,1.713200,0.156055,1.640648,1.458584,1.742388,2.355816,7.182685,-0.454669,0.200047,0.029146,0.521936,3401.199951
2020-09-16,fold2 val,-2.472334,-2.951389,-1.786581,-1.332521,-1.500191,-3.267009,-1.778730,0.296882,-0.126597,-0.800829,-0.461895,3385.489990
2020-09-17,fold2 val,-2.253667,-1.596347,-1.043655,-1.668093,-1.656665,-3.301469,-4.149312,-0.701304,0.068240,0.315579,-0.841237,3357.010010
2020-09-18,fold2 val,-1.788791,-3.172029,-1.241926,-2.376420,-2.417522,-0.898674,4.421042,0.073379,-1.295857,-0.966311,-1.118258,3319.469971
2020-09-21,fold2 val,3.032588,0.188161,1.072897,-1.974666,-1.443755,-1.734448,1.637451,-2.378444,-2.546737,-0.460773,-1.157110,3281.060059
2020-09-22,fold2 val,5.692336,1.571574,2.409417,2.396654,2.075306,2.659692,-5.598695,0.535161,1.575063,0.904642,1.051794,3315.570068
2020-09-23,fold2 val,-4.126889,-4.194631,-3.292848,-3.428942,-3.454528,-2.249262,-10.341091,-2.124581,-2.587758,-1.677387,-2.372145,3236.919922
2020-09-24,fold2 val,0.664368,1.026912,1.296173,0.924236,0.955734,0.204794,1.953415,-0.424598,0.076773,0.522085,0.298746,3246.590088
2020-09-25,fold2 val,2.494874,3.751617,2.278665,1.167147,1.138557,2.119983,5.041385,0.828860,0.884824,0.416996,1.597672,3298.459961
2020-09-28,fold2 val,2.549812,2.386891,0.779519,1.353642,1.361992,0.784880,3.402559,1.468281,1.556407,-0.014601,1.611059,3351.600098
2020-09-29,fold2 val,-0.919013,-0.756783,-1.040878,0.328445,0.504564,1.935222,-0.505692,-1.451714,-0.439284,-0.080117,-0.481266,3335.469971
2020-09-30,fold2 val,0.122415,1.507567,1.481238,0.018377,-0.028633,0.042005,2.371912,1.187987,0.265735,2.019830,0.825372,3363.000000
2020-10-01,fold2 val,2.303475,0.846225,1.012688,1.394264,1.521554,1.806004,4.463775,-0.432046,1.690241,2.265726,0.529291,3380.800049
2020-10-02,fold2 val,-2.988274,-3.228015,-2.951133,-2.125374,-2.170845,-2.509054,-7.379069,-0.396195,-0.929421,-1.803188,-0.957765,3348.419922
2020-10-05,fold2 val,2.374404,3.079112,2.032099,1.892467,1.870702,1.811935,2.551253,0.558769,1.032446,0.925265,1.797271,3408.600098
2020-10-06,fold2 val,-3.102029,-2.866982,-2.124751,-2.192434,-2.145223,-2.263359,-2.748539,-0.988890,-1.518139,-0.825110,-1.397352,3360.969971
2020-10-07,fold2 val,3.088104,1.696723,1.903759,0.471296,0.559632,-0.208772,2.734430,1.441072,1.007786,0.184878,1.739675,3419.439941
2020-10-08,fold2 val,-0.160844,-0.095565,0.357443,1.755808,1.664674,2.185034,0.145778,0.872052,0.251870,0.333616,0.801012,3446.830078
2020-10-09,fold2 val,3.012025,1.739566,2.483619,1.971137,1.821453,0.261589,1.897078,0.246339,1.803109,1.004530,0.879353,3477.139893
2020-10-12,fold2 val,4.754991,6.352054,2.590237,3.559246,3.584357,4.273019,1.912440,0.338470,-0.116134,1.029572,1.641581,3534.219971
2020-10-13,fold2 val,0.020334,-2.652711,0.659438,0.161233,0.158520,0.141429,0.983493,-1.894555,1.372602,-1.007743,-0.630692,3511.929932
2020-10-14,fold2 val,-2.320808,0.074303,-0.897413,-0.229048,-0.231669,-1.564419,3.279972,-0.659410,-1.566029,-1.037585,-0.662314,3488.669922
2020-10-15,fold2 val,-0.745014,-0.396073,-0.543347,-0.570778,-0.509765,-1.876241,-2.692391,0.350856,0.409885,-1.310588,-0.152776,3483.340088
2020-10-16,fold2 val,-1.975048,-1.400047,0.000000,0.890226,0.786267,-0.296175,-2.051768,0.122849,0.124532,0.355788,0.013492,3483.810059
2020-10-19,fold2 val,-2.001396,-2.554176,-2.476563,-2.441170,-2.407992,-1.703480,-2.010601,-1.377943,-1.216205,-1.642866,-1.632986,3426.919922
2020-10-20,fold2 val,0.305555,1.319165,0.200761,1.389280,1.381088,2.356545,-2.063459,0.511982,0.664549,0.370622,0.472733,3443.120117
2020-10-21,fold2 val,-0.996889,-0.544647,0.069891,2.402421,2.250684,4.174784,0.165903,0.057124,0.347469,0.369237,-0.219570,3435.560059
2020-10-22,fold2 val,-0.268129,-0.958296,0.041875,1.382026,1.303287,-0.218856,0.745306,0.680373,-0.588648,-0.221722,0.521893,3453.489990
2020-10-23,fold2 val,0.881497,-0.613411,0.623566,1.589173,1.638202,2.398224,-1.211855,0.519827,0.208999,0.010097,0.344576,3465.389893
2020-10-26,fold2 val,0.082389,0.008691,-2.844198,-3.080465,-2.981675,-2.696708,-0.083210,-1.983922,-1.174848,-2.494808,-1.858952,3400.969971
2020-10-27,fold2 val,2.472369,1.347243,1.508975,0.868298,0.920920,2.230157,1.046916,-0.772220,0.499460,-1.559025,-0.302562,3390.679932
2020-10-28,fold2 val,-3.759507,-4.631225,-4.956645,-5.462942,-5.508856,-5.513768,-4.393898,-2.987243,-1.980821,-4.835349,-3.528788,3271.030029
2020-10-29,fold2 val,1.524924,3.705054,1.006540,3.337690,3.050026,4.916490,1.184670,0.403586,-0.085704,2.211548,1.194733,3310.110107
2020-10-30,fold2 val,-5.445646,-5.601822,-1.099087,3.430875,3.804396,-6.309863,-5.547305,0.193538,-0.836187,-1.709293,-1.212955,3269.959961
2020-11-02,fold2 val,-1.043095,-0.082658,-0.069142,0.309689,0.508049,-0.665111,3.213583,1.193662,1.189205,1.667492,1.231820,3310.239990
2020-11-03,fold2 val,1.462152,1.535344,2.026411,1.487065,1.313756,1.507463,5.840062,1.135533,1.695146,1.948656,1.779929,3369.159912
2020-11-04,fold2 val,6.322966,4.083672,4.824872,5.994365,6.088135,8.322677,-0.688848,-0.222623,-0.574314,2.989302,2.204705,3443.439941
2020-11-05,fold2 val,2.494173,3.549359,3.188679,0.814131,0.953691,2.540179,4.064330,0.620846,1.063695,1.892034,1.946019,3510.449951
2020-11-06,fold2 val,-0.319994,-0.113585,0.192563,-0.091876,-0.157151,-0.430954,-1.858066,0.674866,1.603097,0.419946,-0.028772,3509.439941
2020-11-09,fold2 val,-1.996831,-5.062255,-2.382427,0.070951,0.096027,-4.989610,-2.021166,6.056976,7.159796,-1.529800,1.169989,3550.500000
2020-11-10,fold2 val,-0.300880,-3.458295,-3.379268,-1.282459,-1.345520,-2.274269,-2.587474,3.151240,0.296204,1.407274,-0.139979,3545.530029
2020-11-11,fold2 val,3.035269,3.372959,2.625465,0.707871,0.547293,1.486607,1.649772,-0.485820,-0.285958,1.662567,0.765186,3572.659912
2020-11-12,fold2 val,-0.234337,-0.864093,-0.512617,-0.163743,-0.252418,-0.506356,-1.287375,-1.165499,0.168949,-1.939908,-0.997853,3537.010010
2020-11-13,fold2 val,0.041941,0.595765,0.496691,1.553289,1.689222,0.679805,-0.791715,1.201494,1.558354,1.065958,1.361034,3585.149902
2020-11-16,fold2 val,0.872059,0.071905,0.332549,0.245349,0.099868,0.725737,-0.100372,2.497585,1.262119,1.054738,1.164805,3626.909912
2020-11-17,fold2 val,-0.756443,0.146922,-1.275148,-0.630390,-0.697266,-1.419562,8.213879,0.025739,-2.013899,-0.935586,-0.479193,3609.530029
2020-11-18,fold2 val,-1.139140,-0.963121,-1.318373,-1.320265,-1.193209,-1.101799,10.196776,-1.325269,-0.187462,-1.366818,-1.156383,3567.790039
2020-11-19,fold2 val,0.516824,0.372249,0.634816,0.981236,1.030077,0.356643,2.595352,-0.234715,2.032339,-0.125091,0.394644,3581.870117
2020-11-20,fold2 val,-1.095747,-0.565281,-0.955642,-1.231893,-1.261815,-1.187062,-1.934825,-1.097898,-1.235876,-1.777708,-0.679256,3557.540039
2020-11-23,fold2 val,-0.032591,-2.974259,-0.133089,-0.420742,-0.507945,6.584827,-0.470893,1.114488,0.459284,2.099255,0.563593,3577.590088
2020-11-24,fold2 val,0.634849,1.159409,1.784788,1.960969,2.103536,6.425218,3.162841,1.908166,0.284914,0.730209,1.616167,3635.409912
2020-11-25,fold2 val,2.149089,0.746725,0.004669,0.144160,0.013047,3.352659,-0.480294,-0.337719,0.310506,0.577062,-0.158442,3629.649902
2020-11-27,fold2 val,0.322444,0.482629,0.635888,1.228384,1.297516,2.048780,0.805559,-0.677734,-0.151497,0.052162,0.239698,3638.350098
2020-11-30,fold2 val,2.109964,-0.854373,-0.538936,-1.809608,-1.825391,-3.100244,-0.302392,-1.140142,0.784984,-0.308048,-0.459555,3621.629883
2020-12-01,fold2 val,3.082740,1.642659,0.999664,2.121807,2.334718,3.023257,3.458873,0.336372,-0.098204,0.404095,1.127119,3662.449951
2020-12-02,fold2 val,0.293366,-0.513962,-0.388505,1.660099,1.649252,-2.725900,0.338507,0.322190,-1.388867,-0.482959,0.179117,3669.010010
2020-12-03,fold2 val,-0.113770,-0.524419,-0.524675,-0.064539,-0.171515,4.317707,-1.972035,0.260397,-0.810532,-1.013425,-0.062416,3666.719971
2020-12-04,fold2 val,-0.561219,-0.757833,0.056008,0.066773,0.105394,0.953853,-0.762807,0.142846,2.225441,-0.261218,0.883627,3699.120117
2020-12-07,fold2 val,1.226968,-0.144821,-0.032677,-0.465540,-0.369018,7.131413,2.102235,-0.912038,-0.014123,-0.537246,-0.193564,3691.959961
2020-12-08,fold2 val,0.509097,0.610835,0.802649,-0.051125,-0.313704,1.265270,-0.763355,-0.458037,0.056446,0.904721,0.278715,3702.250000
2020-12-09,fold2 val,-2.090371,-2.300385,-1.948937,-1.892722,-1.847801,-6.985904,-1.933668,-0.298001,-0.789563,-1.499284,-0.794920,3672.820068
2020-12-10,fold2 val,1.198876,-0.087310,-0.604362,-0.493233,-0.574316,3.737096,-0.287850,-0.070321,-0.467038,-0.939975,-0.128511,3668.100098
2020-12-11,fold2 val,-0.673462,0.481385,1.301501,0.362757,0.404522,-2.723777,-1.288257,-0.422259,-0.027221,-0.659868,-0.126500,3663.459961
2020-12-14,fold2 val,-0.514677,1.301170,0.440801,-1.218454,-1.270030,4.891885,0.233973,-1.563670,0.489697,-0.918354,-0.435926,3647.489990
2020-12-15,fold2 val,5.009029,0.258160,-0.032679,0.438043,0.503351,-1.028403,0.496000,0.686560,0.535588,-0.048072,1.292125,3694.620117
2020-12-16,fold2 val,-0.054750,2.396122,2.405073,-0.269820,-0.220885,-1.654954,0.043561,-1.100812,-0.043193,-0.103048,0.177280,3701.169922
2020-12-17,fold2 val,0.696377,-0.150575,0.063843,-0.856487,-0.949246,5.319782,-0.431681,1.248249,1.397207,0.460710,0.575765,3722.479980
2020-12-18,fold2 val,-1.585089,-1.063939,-0.378277,-0.966305,-0.821022,5.961278,0.699506,-0.556347,0.061580,-0.102681,-0.351112,3709.409912
2020-12-21,fold2 val,1.239544,0.141490,1.829911,0.482946,0.483147,-6.494968,-1.306070,0.026860,-1.088454,0.013716,-0.390628,3694.919922
2020-12-22,fold2 val,2.846430,0.010603,0.606512,-0.912401,-0.826725,-1.464927,-2.089523,-0.720390,-1.516660,-1.212564,-0.207309,3687.260010
2020-12-23,fold2 val,-0.697608,-0.662712,-1.303922,0.515240,0.465633,0.880777,0.381889,1.063638,-0.262352,-0.679632,0.074581,3690.010010
2020-12-24,fold2 val,0.771243,-0.394942,0.782741,0.373457,0.343139,2.444349,-0.264831,1.021224,1.656117,0.195523,0.353659,3703.060059
2020-12-28,fold2 val,3.576576,3.507113,0.992134,2.141671,2.295062,0.290131,3.590135,0.829914,1.883088,1.198602,0.872253,3735.360107
2020-12-29,fold2 val,-1.331505,1.158363,-0.360062,-0.978000,-0.913215,0.346552,-0.079431,0.507860,0.818328,-0.633511,-0.222738,3727.040039
2020-12-30,fold2 val,-0.852656,-1.088206,-1.101939,-1.091707,-1.223724,4.322887,-1.773947,0.034842,1.861244,-0.083187,0.134155,3732.040039
2020-12-31,fold2 val,-0.770270,-0.880137,0.333807,0.749853,0.904623,1.567398,0.474483,0.966689,0.169451,-0.020793,0.643885,3756.070068
2021-01-04,fold2 val,-2.471928,-2.158474,-2.126578,-1.387900,-1.474151,3.415197,-1.544880,-1.474964,-0.443461,1.651063,-1.475483,3700.649902
2021-01-05,fold2 val,1.236353,1.000436,0.096435,0.733686,0.806444,0.731737,0.754815,-0.428976,-1.492456,-0.532307,0.708260,3726.860107
2021-01-06,fold2 val,-3.366109,-2.489661,-2.592933,-0.323378,-0.986774,2.839030,-2.826894,1.230933,-0.881115,0.624349,0.570984,3748.139893
2021-01-07,fold2 val,3.412330,0.757713,2.845699,2.994321,2.986856,7.944656,2.062216,1.133452,0.559717,-0.006825,1.484740,3803.790039
2021-01-08,fold2 val,0.863117,0.649551,0.609303,7.840299,1.116787,1.323881,-0.435344,0.493814,0.767045,-0.013659,0.549186,3824.679932
2021-01-11,fold2 val,-2.324899,-2.151946,-0.969854,-2.240483,-2.310568,-7.821412,-4.010195,-0.256380,-1.188213,0.450122,-0.655475,3799.610107
2021-01-12,fold2 val,-0.139555,0.212580,-1.177079,4.715295,-0.550242,-1.662165,-2.238732,-0.171355,1.140620,-1.893002,0.041579,3801.189941
2021-01-13,fold2 val,1.622658,1.443841,0.656020,0.585095,0.449484,0.565241,0.219045,0.635110,0.234583,-1.020334,0.227564,3809.840088
2021-01-14,fold2 val,-1.512684,-1.213555,-1.534614,-1.101352,-0.810553,-0.934633,-2.384365,0.217479,-0.325521,-1.066644,-0.375345,3795.540039
2021-01-15,fold2 val,-1.373066,-0.742460,-0.173711,-2.229585,-0.229300,-0.190650,2.328607,-0.651008,-0.217838,-1.585389,-0.719003,3768.250000
2021-01-19,fold2 val,0.542698,0.531852,1.782284,2.225963,3.148871,3.290643,3.874939,0.453980,1.547072,-0.864214,0.813638,3798.909912
2021-01-20,fold2 val,3.285607,4.570048,3.649966,5.362776,5.357355,0.698600,2.443509,0.089529,-0.245694,1.478510,1.393563,3851.850098
2021-01-21,fold2 val,3.665807,1.336342,0.280821,0.230548,0.216991,-0.642016,2.015080,-0.255576,-0.400319,-0.453586,0.031672,3853.070068
2021-01-22,fold2 val,1.607427,-0.446331,0.435627,0.518170,0.446378,0.195264,0.597367,-0.529555,1.125354,1.021732,-0.301061,3841.469971
2021-01-25,fold2 val,2.768372,0.053763,1.584408,-0.086794,4.034781,0.090875,1.278695,0.038638,1.485767,-0.088831,0.361584,3855.360107
2021-01-26,fold2 val,0.167909,0.975414,1.219889,0.939234,0.721652,0.259992,1.453193,-0.617994,2.711180,0.896028,-0.148883,3849.620117
2021-01-27,fold2 val,-0.768379,-2.812581,0.245347,-2.143608,-4.039946,-5.131297,-3.513582,-1.818028,-1.525101,-2.487955,-2.567788,3750.770020
2021-01-28,fold2 val,-3.498519,2.589112,0.155912,1.765333,1.883515,-3.324624,-2.623629,1.578992,0.762433,-0.062585,0.976063,3787.379883
2021-01-29,fold2 val,-3.742045,-0.970465,-2.917171,-1.469024,-1.394347,-5.015373,-2.517005,-1.333623,-3.564638,-2.267838,-1.931148,3714.239990
2021-02-01,fold2 val,1.651990,4.262990,3.315216,3.574016,3.595908,5.832167,1.424576,0.636333,-0.257502,2.670633,1.605177,3773.860107
2021-02-02,fold2 val,0.633683,1.110421,-0.058416,1.375884,1.376071,3.927073,1.934998,1.273329,-0.897291,2.142555,1.389822,3826.310059
2021-02-03,fold2 val,-0.777834,1.457142,-1.996157,7.396062,7.282500,-2.073807,-0.160982,0.189454,-0.465131,-0.616956,0.100877,3830.169922
2021-02-04,fold3 val,2.575788,-0.407413,0.557585,-0.371966,-0.254992,-0.549912,-0.060013,1.328009,3.918378,0.928362,1.085332,3871.739990
2021-02-05,fold3 val,-0.309787,0.634942,0.078504,1.727618,1.714044,0.263535,0.604159,-0.258727,1.518620,-0.229406,0.389750,3886.830078
2021-02-08,fold3 val,0.109616,0.111480,-0.871378,-0.242613,-0.206337,1.313030,-0.566967,0.961045,0.285754,-0.900514,0.739935,3915.590088
2021-02-09,fold3 val,-0.657352,0.536153,-0.539885,-0.449129,-0.437995,-1.616832,1.076606,1.048777,0.818648,-0.024557,-0.111353,3911.229980
2021-02-10,fold3 val,-0.455835,-0.389688,-0.557341,0.569709,0.534355,-5.255094,0.898134,0.004166,0.324714,-0.480764,-0.034518,3909.879883
2021-02-11,fold3 val,-0.192030,0.687733,-0.743927,0.024354,0.108792,0.849879,-0.544361,-0.066690,-0.449606,2.202595,0.166246,3916.379883
2021-02-12,fold3 val,0.177603,0.204507,0.477597,0.392195,0.300675,0.549490,0.040669,1.126131,0.313148,-0.332269,0.471103,3934.830078
2021-02-16,fold3 val,-1.610374,-0.526562,-0.267262,0.845483,0.747961,-1.021318,-0.167239,1.163075,-0.906472,-0.981168,-0.056927,3932.590088
2021-02-17,fold3 val,-1.764409,0.435964,1.214159,0.302092,0.375229,0.242387,-0.145978,-0.012230,0.357420,0.111626,-0.032040,3931.330078
2021-02-18,fold3 val,-0.863645,-0.167895,0.592081,-0.522037,-0.604651,-1.349369,-1.527957,-0.713558,0.048306,-0.567636,-0.441584,3913.969971
2021-02-19,fold3 val,0.123335,-1.156727,-2.353506,-0.758533,-0.807283,-0.772183,-2.906567,-0.677616,-1.219370,-1.665251,-0.185490,3906.709961
2021-02-22,fold3 val,-2.979904,-2.680845,-2.128061,-1.725731,-1.654055,-1.522983,-0.909844,-5.520263,0.939058,-0.061743,-0.773284,3876.500000
2021-02-23,fold3 val,-0.111111,-0.528752,0.432606,0.289614,0.285253,-2.191743,2.124243,0.228598,0.803163,0.147986,0.125632,3881.370117
2021-02-24,fold3 val,-0.405209,0.548722,-1.094697,1.173900,1.149938,6.178807,-0.583022,1.189263,3.451040,1.759503,1.135161,3925.429932
2021-02-25,fold3 val,-3.478258,-2.370488,-3.240039,-3.045573,-3.256525,-8.059082,-3.639676,-1.915876,-1.357174,-2.588523,-2.447881,3829.340088
2021-02-26,fold3 val,0.223148,1.480399,1.170039,0.270750,0.295625,-0.985015,1.150419,-1.304940,-0.636254,-2.652466,-0.475021,3811.149902
2021-03-01,fold3 val,5.385137,1.962300,1.720380,2.192102,2.361631,6.355291,2.829764,3.617318,1.996343,2.262685,2.379076,3901.820068
2021-03-02,fold3 val,-2.089381,-1.295667,-1.640426,-0.272396,-0.250285,-4.452764,-2.230957,0.004010,-0.397003,-0.325569,-0.808085,3870.290039
2021-03-03,fold3 val,-2.445636,-2.698106,-2.893171,-2.366750,-2.570607,-4.842376,-1.386106,0.934918,1.933181,-0.426383,-1.306622,3819.719971
2021-03-04,fold3 val,-1.581211,-0.364743,-0.912816,1.104250,1.119613,-4.862218,0.873124,-2.413042,-1.536849,-1.559220,-1.341721,3768.469971
2021-03-05,fold3 val,1.073833,2.147935,0.768748,2.901289,3.104313,-3.779931,2.577240,3.124490,1.848680,0.232483,1.949597,3841.939941
2021-03-08,fold3 val,-4.167336,-1.817781,-1.616746,-4.001345,-4.271199,-5.844967,-0.024677,-1.667858,2.256194,1.325273,-0.535923,3821.350098
2021-03-09,fold3 val,4.064971,2.810152,3.756837,1.409468,1.636890,19.641208,2.257964,2.344037,0.040852,-0.706272,1.415464,3875.439941
2021-03-10,fold3 val,-0.916673,-0.581741,-0.170102,0.113489,-0.204384,-0.819507,-0.316104,1.918771,1.275179,2.173454,0.603031,3898.810059
2021-03-11,fold3 val,1.650272,2.026509,1.829843,2.907032,3.160299,4.721134,3.389957,-1.166706,1.335307,-0.522112,1.039549,3939.340088
2021-03-12,fold3 val,-0.762548,-0.581959,-0.774027,-2.499105,-2.406042,-0.839050,-2.000905,-0.341119,-0.791495,1.185810,0.101540,3943.340088
2021-03-15,fold3 val,2.445675,-0.398748,-0.252794,0.221654,0.216588,2.048346,1.993320,-2.080605,-0.485852,-0.499476,0.649192,3968.939941
2021-03-16,fold3 val,1.274296,1.235052,0.330341,1.259612,1.433494,-4.387377,2.020062,-1.221476,0.640480,-1.197163,-0.156968,3962.709961
2021-03-17,fold3 val,-0.645063,-0.281867,1.418885,-0.068805,-0.080151,3.683074,1.693692,0.198807,-0.747659,1.029226,0.287938,3974.120117
2021-03-18,fold3 val,-3.390499,-2.666200,-3.435878,-2.623524,-2.923800,-6.932073,-1.897841,0.182542,1.650676,-1.058202,-1.476054,3915.459961
2021-03-19,fold3 val,-0.448031,-0.160390,1.551191,0.342777,0.278033,0.261801,4.123887,-0.582271,-1.592134,-6.235844,-0.060270,3913.100098
2021-03-22,fold3 val,2.833577,2.448457,1.167821,-0.225622,0.184023,2.310383,1.182312,-0.251008,-2.687884,0.531676,0.702512,3940.590088
2021-03-23,fold3 val,-0.688874,0.673746,0.856029,0.704902,0.523952,-1.170146,-0.991339,-0.818822,-1.000191,0.072090,-0.763085,3910.520020
2021-03-24,fold3 val,-1.999344,-0.892314,-1.607330,-0.384820,-0.431083,-4.816059,-2.921245,0.531597,0.776090,-1.304945,-0.546734,3889.139893
2021-03-25,fold3 val,0.416347,-1.325069,-1.321963,-0.034218,-0.003441,1.605663,-1.205061,0.448662,1.281388,0.037064,0.524027,3909.520020
2021-03-26,fold3 val,0.514130,1.781878,0.189411,-0.430946,-0.380329,-3.385438,1.535468,2.400793,1.665006,0.432219,1.663120,3974.540039
2021-03-29,fold3 val,0.148525,-0.524347,0.776531,1.002194,1.040132,-1.199267,2.756006,0.798387,-1.553949,0.458967,-0.086801,3971.090088
2021-03-30,fold3 val,-1.227456,-1.441074,-0.664560,-0.019951,0.033243,3.980108,-0.969689,-0.243414,1.178988,0.069577,-0.315783,3958.550049
2021-03-31,fold3 val,1.876575,1.690727,1.269601,0.636825,0.784271,5.083221,2.267379,-1.053488,-1.456543,-0.399978,0.362250,3972.889893
2021-04-01,fold3 val,2.790864,0.695855,2.162845,3.341345,3.261065,-0.925246,1.402226,1.068623,0.972250,1.641092,1.182520,4019.870117
2021-04-05,fold3 val,2.772841,2.357712,2.079405,4.107113,4.187287,4.427659,3.432004,1.727340,1.005273,0.530054,1.443823,4077.909912
2021-04-06,fold3 val,0.246232,-0.485804,-0.090189,-0.035941,-0.437144,0.082478,-0.857872,0.152286,-0.178066,-0.703001,-0.097353,4073.939941
2021-04-07,fold3 val,1.339044,0.823045,1.723734,1.120573,1.347519,-2.985743,2.230129,0.212878,1.566764,0.283595,0.147523,4079.949951
2021-04-08,fold3 val,1.923421,1.340537,0.607124,0.700560,0.509143,1.912160,-0.022340,-0.041721,0.122640,0.652164,0.422063,4097.169922
2021-04-09,fold3 val,2.025134,1.026654,2.209562,0.902248,0.899380,-0.991516,-0.178919,0.948731,0.824622,0.747811,0.771993,4128.799805
2021-04-12,fold3 val,-1.323310,0.023439,0.213212,-1.360091,-1.147238,3.686741,-0.294427,0.721771,-0.211144,-0.471871,-0.019608,4127.990234
2021-04-13,fold3 val,2.430654,1.008184,0.609875,0.553485,0.437053,8.595690,-0.571372,-0.309777,-0.203180,-1.192697,0.329449,4141.589844
2021-04-14,fold3 val,-1.785335,-1.121928,-1.970592,-0.548244,-0.555360,-3.947167,-2.240432,0.160986,0.434353,-1.869045,-0.408773,4124.660156
2021-04-15,fold3 val,1.870780,1.529815,1.382841,1.854684,1.933168,0.904093,1.651128,0.601808,1.937123,0.634877,1.109419,4170.419922
2021-04-16,fold3 val,-0.252752,0.477845,0.602234,0.047887,-0.109393,0.125870,-0.532752,1.103504,0.057437,0.742627,0.360882,4185.470215
2021-04-19,fold3 val,0.506807,-0.767055,-0.806901,0.201947,0.307081,-3.399658,-1.286854,-0.672517,-0.273854,-0.424042,-0.530656,4163.259766
2021-04-20,fold3 val,-1.282988,-0.185513,-1.106757,-0.380915,-0.469481,0.610102,0.135655,-0.884262,-1.111651,6.801183,-0.680232,4134.939941
2021-04-21,fold3 val,0.293002,0.898314,0.819567,-0.014822,-0.028956,3.495179,-0.389883,1.612593,1.867629,0.066055,0.930606,4173.419922
2021-04-22,fold3 val,-1.168561,-1.308615,-1.575840,-1.106279,-1.133716,-3.283070,-1.641938,-0.991875,0.052747,-0.846377,-0.921066,4134.979980
2021-04-23,fold3 val,1.803910,1.547621,0.962219,2.089138,2.104758,1.349191,1.554696,0.916478,1.067828,-7.151938,1.092870,4180.169922
2021-04-26,fold3 val,0.297770,0.153140,2.038978,0.494113,0.434794,1.206471,0.634277,-0.411804,0.147801,0.246328,0.178227,4187.620117
2021-04-27,fold3 val,-0.244953,0.160609,0.247292,-0.843239,-0.820371,-4.532648,0.174886,1.030056,-0.186676,0.458293,-0.021490,4186.720215
2021-04-28,fold3 val,-0.602704,-2.828573,1.201779,3.155012,2.970790,-1.467209,1.162828,-0.255795,1.539724,0.647933,-0.084554,4183.180176
2021-04-29,fold3 val,-0.074887,-0.805303,0.370393,2.100076,1.429379,-2.505755,7.297313,1.703606,1.460709,1.944481,0.676281,4211.470215
2021-04-30,fold3 val,-1.513336,-0.130697,-0.112064,-0.813617,-1.640789,4.791724,-1.344434,-0.954609,-1.393235,-0.889274,-0.719471,4181.169922
2021-05-03,fold3 val,0.821566,-0.126892,-2.334017,-0.620301,-0.442739,-3.459063,-0.769052,1.538454,-0.406732,-0.292533,0.274809,4192.660156
2021-05-04,fold3 val,-3.538581,-1.615972,-2.203454,-1.708438,-1.547105,-1.649874,-1.308191,0.386853,-0.249344,1.382347,-0.667834,4164.660156
2021-05-05,fold3 val,0.195541,-0.532721,-1.247943,0.105777,0.344208,-0.394896,-1.049123,0.892029,-1.215366,1.312077,0.070346,4167.589844
2021-05-06,fold3 val,1.280279,1.322670,1.095540,1.044227,0.975465,-1.102934,1.587203,2.457908,0.920558,2.012423,0.816546,4201.620117
2021-05-07,fold3 val,0.532728,1.093187,-0.446406,0.728164,0.623771,1.330746,-0.293734,0.421111,0.345821,0.342275,0.737334,4232.600098
2021-05-10,fold3 val,-2.580472,-2.091406,-3.072053,-2.377548,-2.558736,-6.444373,-4.108699,0.481213,-0.012415,-2.649466,-1.043565,4188.430176
2021-05-11,fold3 val,-0.741024,-0.384333,1.047482,-1.404984,-0.946440,-1.882228,0.183031,-2.291924,-1.662317,-0.216850,-0.867391,4152.100098
2021-05-12,fold3 val,-2.493850,-2.936295,-2.232380,-3.018076,-3.075253,-4.424821,-1.298421,-0.952281,-0.687536,-2.150983,-2.144940,4063.040039
2021-05-13,fold3 val,1.791964,1.686209,0.302354,1.022299,1.308490,0.895748,-3.085320,1.410339,2.572278,1.556917,1.217314,4112.500000
2021-05-14,fold3 val,1.984499,2.106734,1.943085,2.395703,2.213511,3.498659,3.157303,1.317532,1.554157,1.430230,1.491796,4173.850098
2021-05-17,fold3 val,-0.925865,-1.196865,1.473515,0.226678,0.462597,-0.151950,-2.189098,-0.502268,0.402428,-0.220316,-0.253005,4163.290039
2021-05-18,fold3 val,-1.124570,-0.856507,-1.165306,-0.774542,-1.155555,-1.743485,0.180295,-0.563587,-1.408873,-0.384208,-0.851729,4127.830078
2021-05-19,fold3 val,-0.128151,0.247409,-0.014851,0.229214,0.399120,1.171145,-2.493638,-0.476371,-0.763776,-0.434458,-0.294341,4115.680176
2021-05-20,fold3 val,2.101200,1.382020,0.491371,2.052241,1.560648,1.600793,4.138713,0.178188,-0.173811,0.823727,1.055474,4159.120117
2021-05-21,fold3 val,-1.476699,-0.531475,-1.373285,-0.466462,-0.555724,-0.746995,-1.005492,0.352240,1.137864,0.145723,-0.078388,4155.859863
2021-05-24,fold3 val,2.288174,1.331408,1.308422,2.625480,2.916581,2.656303,4.400223,0.691604,0.540992,1.124486,0.991129,4197.049805
2021-05-25,fold3 val,0.374882,-0.157353,0.433285,0.099722,0.077508,0.973421,-0.288567,-0.873226,-1.033389,-0.130814,-0.212528,4188.129883
2021-05-26,fold3 val,-0.091387,-0.039410,0.187476,1.015330,0.738102,-0.039652,2.387996,0.045256,-0.012347,-0.851455,0.187682,4195.990234
2021-05-27,fold3 val,-0.866841,-1.237667,-1.073456,-1.274677,-0.740673,1.553428,1.892984,0.685623,1.557178,-0.092497,0.116531,4200.879883
2021-05-28,fold3 val,0.148395,-0.534801,-0.217943,0.376673,-0.246758,-1.208127,-0.892452,0.048398,-0.066911,0.193966,0.076888,4204.109863
2021-06-01,fold3 val,-0.913153,-0.264837,-0.137141,0.756784,1.032316,0.121698,-0.211127,0.138196,1.102030,-0.294777,-0.049233,4202.040039
2021-06-02,fold3 val,-0.040416,0.627615,0.476596,-0.351065,-0.444735,0.006080,-3.010095,0.062101,0.006033,1.336975,0.144693,4208.120117
2021-06-03,fold3 val,-0.642940,-1.215430,-1.452694,-0.688489,-0.970651,-0.944873,-5.334476,0.672372,0.066222,-0.674901,-0.362870,4192.850098
2021-06-04,fold3 val,2.067473,1.902246,0.602766,1.960818,1.959045,1.321946,4.575447,0.188371,0.162479,0.889908,0.883410,4229.890137
2021-06-07,fold3 val,1.204201,0.007928,-0.256069,0.584479,0.364729,1.885855,1.014943,-1.046082,-0.468601,0.512736,-0.079674,4226.520020
2021-06-08,fold3 val,-0.488574,0.667201,2.066915,0.679620,-0.160689,-0.861599,-0.254492,-0.093273,-0.398441,0.315573,0.017502,4227.259766
2021-06-09,fold3 val,0.403842,0.307720,0.522035,0.344365,0.396101,-1.027914,-0.796898,-0.210939,0.112068,-1.248475,-0.182387,4219.549805
2021-06-10,fold3 val,1.439330,-0.802331,2.087685,1.212178,1.129183,0.669172,1.893850,-1.271739,0.705963,-1.558856,0.465224,4239.180176
2021-06-11,fold3 val,0.252696,0.983274,-0.084183,-0.304175,-0.202461,-0.360934,-0.037702,0.670388,0.431689,0.149844,0.194843,4247.439941
2021-06-14,fold3 val,0.775531,2.457777,1.106713,0.521491,0.769901,1.663337,1.278922,-1.147064,-0.374511,1.085528,0.181520,4255.149902
2021-06-15,fold3 val,-0.588723,-0.643746,-0.021870,-0.252465,-0.837941,-0.005942,-2.967508,0.144607,-0.469937,-1.277828,-0.201169,4246.589844
2021-06-16,fold3 val,-0.379304,0.393380,0.949418,-0.266994,-0.532849,-1.683740,0.919316,-0.292321,0.122278,-1.450744,-0.539012,4223.700195
2021-06-17,fold3 val,1.367638,1.260065,2.166464,0.536600,0.803996,1.640093,1.939261,-1.561225,4.755693,1.110612,-0.043572,4221.859863
2021-06-18,fold3 val,-0.563450,-1.009152,-0.067066,-0.635819,-1.340940,-2.035602,1.088224,-1.668518,-0.099156,-0.749515,-1.312447,4166.450195
2021-06-21,fold3 val,1.233468,1.410383,-0.944680,0.706792,1.416601,0.797776,-0.397880,1.116624,-1.134741,1.696968,1.400229,4224.790039
2021-06-22,fold3 val,1.096610,1.269839,1.490466,0.430587,0.425248,2.028361,0.463898,-0.064956,2.493573,0.687080,0.512449,4246.439941
2021-06-23,fold3 val,-0.090390,-0.208994,-0.046219,-0.423617,-0.166354,0.460126,5.268477,-0.816124,0.902766,-0.529810,-0.108328,4241.839844
2021-06-24,fold3 val,0.535294,-0.216908,-1.562295,0.648811,0.305407,3.541130,0.760442,0.302187,0.777937,0.664752,0.581125,4266.490234
2021-06-25,fold3 val,-0.626203,-0.224849,-1.380656,-0.225485,0.006954,-1.169431,-0.527413,1.049045,-0.908624,0.457156,0.333060,4280.700195
2021-06-28,fold3 val,1.396127,1.254602,1.247409,-0.138187,0.022450,2.507927,4.180226,-0.635829,5.012879,-1.361028,0.231496,4290.609863
2021-06-29,fold3 val,0.997326,1.150025,0.123403,-0.631627,-0.215052,-1.054417,-1.155768,-0.144606,0.208924,0.794555,0.027734,4291.799805
2021-06-30,fold3 val,-0.184228,0.462084,-0.231430,-0.557439,-0.149659,-0.155708,-1.187898,0.619102,-0.121088,-0.902724,0.132816,4297.500000
2021-07-01,fold3 val,0.258401,0.226342,-0.209000,0.839865,0.290783,1.921152,-0.261882,0.809585,1.047356,0.568811,0.522163,4319.939941
2021-07-02,fold3 val,2.227553,1.959656,2.272375,1.860036,2.297347,0.087469,0.144564,-0.374779,1.360563,1.479900,0.750008,4352.339844
2021-07-06,fold3 val,1.471847,0.003614,4.692711,0.817290,0.744469,-0.541312,-2.845781,-0.644880,1.032398,0.406504,-0.202186,4343.540039
2021-07-07,fold3 val,1.795532,0.817543,0.566956,0.236193,0.225066,-0.649134,-2.263563,0.692335,-1.578637,0.166935,0.335898,4358.129883
2021-07-08,fold3 val,-0.919959,-0.896681,0.942223,-0.692292,-1.130672,-1.380920,1.265804,-1.840705,-2.302202,-1.412501,-0.856103,4320.819824
2021-07-09,fold3 val,1.305488,0.187443,-0.323470,0.307734,0.379482,1.380020,0.634184,2.331260,0.741096,0.786113,1.127795,4369.549805
2021-07-12,fold3 val,-0.420381,-0.223084,-0.021235,0.763660,1.160780,4.376282,0.781904,-0.135479,2.305460,-0.251635,0.345117,4384.629883
2021-07-13,fold3 val,0.788917,1.319810,-1.107695,0.329729,0.288231,-0.303000,-2.502553,-0.321300,-1.279680,1.883403,-0.351681,4369.209961
2021-07-14,fold3 val,2.410039,0.544511,0.117477,0.830532,0.703230,-1.266686,-2.267626,-0.322336,-2.017323,1.501959,0.116493,4374.299805
2021-07-15,fold3 val,-0.449185,-0.523857,-1.371114,-0.617812,-0.960724,-0.911895,-0.425480,0.506631,1.040704,-4.411169,-0.326224,4360.029785
2021-07-16,fold3 val,-1.407587,-0.099625,-1.585423,0.441107,-0.027550,-0.958012,-0.980632,-0.650653,-0.173004,-4.245715,-0.753885,4327.160156
2021-07-19,fold3 val,-2.691445,-1.332179,-0.672703,-1.965558,-1.883928,-1.234022,0.310448,-1.885567,3.407008,-3.107377,-1.586951,4258.490234
2021-07-20,fold3 val,2.597410,0.833906,0.664861,1.429360,1.309632,1.397826,2.209778,1.551387,0.952542,-0.893258,1.516261,4323.060059
2021-07-21,fold3 val,-0.513196,0.744659,0.336111,1.143369,1.061343,1.337585,-0.788802,1.079848,4.287571,0.395555,0.824182,4358.689941
2021-07-22,fold3 val,0.962863,1.684454,1.473564,0.549034,0.684037,1.432579,-0.920201,-0.778903,0.947955,0.196985,0.201667,4367.479980
2021-07-23,fold3 val,1.198907,1.233656,0.511538,3.365743,3.576899,5.296268,-0.905643,0.284472,-0.183727,1.998858,1.014545,4411.790039
2021-07-26,fold3 val,0.289474,-0.214051,1.180864,1.326767,0.766835,0.722032,2.213307,0.111314,0.493943,-1.349814,0.238220,4422.299805
2021-07-27,fold3 val,-1.490039,-0.868367,-1.984688,-2.039451,-1.592885,-1.248441,-1.952495,0.710190,0.271713,-0.445733,-0.471244,4401.459961
2021-07-28,fold3 val,-0.111675,-1.219594,0.108374,-0.303356,3.179680,1.487167,0.341204,-0.954481,1.535813,-1.590091,-0.018626,4400.640137
2021-07-29,fold3 val,0.097830,0.455210,-0.837394,0.116568,-0.232553,-4.007708,4.694119,0.596909,0.815244,0.396854,0.420615,4419.149902
2021-07-30,fold3 val,0.151092,-0.554959,-7.564891,-0.966376,-0.774048,-0.563749,1.454193,-0.525451,-0.828999,-0.617134,-0.540605,4395.259766
2021-08-02,fold3 val,-0.233112,-0.031601,0.116904,0.568319,0.095013,3.269793,-1.220873,-0.053898,1.287245,-2.682725,-0.184281,4387.160156
2021-08-03,fold3 val,1.264427,0.807528,1.043375,0.213613,0.575063,0.009863,-0.201744,1.315874,0.329121,-1.121861,0.820343,4423.149902
2021-08-04,fold3 val,-0.278222,-0.212401,-0.342224,-0.184517,-0.371965,0.166255,2.186535,-1.071678,2.316440,-0.177156,-0.463239,4402.660156
2021-08-05,fold3 val,1.050522,0.074846,0.634036,0.670062,0.833277,0.521864,1.128384,0.512947,1.790437,1.495755,0.600545,4429.100098
2021-08-06,fold3 val,-0.020732,-0.476716,-0.919733,0.070088,-0.376498,0.148784,-2.173152,1.934268,-1.313166,0.495397,0.167527,4436.520020
2021-08-09,fold3 val,-0.390407,-0.034213,-0.091773,0.704927,0.865250,2.096978,-0.522697,0.560167,-0.348605,-0.579935,-0.093991,4432.350098
2021-08-10,fold3 val,-0.655468,-0.335391,-0.634082,0.068488,-0.077395,-0.528189,-0.132734,0.595339,-1.768918,-0.804182,0.099268,4436.750000
2021-08-11,fold3 val,0.178048,0.178553,-0.860364,-0.294723,-0.385958,-0.305636,-0.323985,0.809855,-1.188809,-1.264324,0.127574,4442.410156
2021-08-12,fold3 val,2.077351,0.996696,0.345981,0.508382,0.671414,2.038653,0.747292,-0.357048,1.045731,-1.256702,0.414638,4460.830078
2021-08-13,fold3 val,0.141058,1.048949,-0.288483,0.011943,0.388900,-0.703356,0.146173,-0.809666,1.421765,0.371014,0.160731,4468.000000
2021-08-16,fold3 val,1.354761,0.597593,0.152395,0.368462,0.422546,0.930679,-4.322550,0.541873,-1.178914,1.164846,0.262085,4479.709961
2021-08-17,fold3 val,-0.615391,-0.515985,-1.728703,-1.162922,-1.191538,-2.212469,-2.981765,-0.120921,-2.466182,-0.352640,-0.706070,4448.080078
2021-08-18,fold3 val,-0.611897,-2.550103,-1.256649,-0.532024,-0.887202,3.497016,-0.836943,-0.947776,-2.148208,-1.236528,-1.074847,4400.270020
2021-08-19,fold3 val,2.077551,0.232278,-0.420782,0.251504,0.170508,-0.092837,-2.252569,-0.429522,3.981085,-0.025890,0.125669,4405.799805
2021-08-20,fold3 val,2.557493,1.015693,0.382716,1.112732,1.289448,1.196755,1.008206,0.049095,5.141934,1.528230,0.814157,4441.669922
2021-08-23,fold3 val,0.095271,1.025728,2.060035,1.923264,1.900617,3.827952,1.107517,0.122693,5.486182,1.949918,0.852379,4479.529785
2021-08-24,fold3 val,-0.666316,-0.060158,1.222032,0.920632,0.871178,0.310065,0.594462,0.140044,-0.751461,0.042730,0.149574,4486.229980
2021-08-25,fold3 val,-0.201557,-0.842096,-0.199651,0.387294,0.578696,0.787946,0.382505,0.447521,1.927219,-0.704416,0.222012,4496.189941
2021-08-26,fold3 val,-0.966864,-0.552720,0.509826,-0.578516,-0.449395,-1.088530,-1.411698,-0.706578,-0.652745,-0.889982,-0.582492,4470.000000
2021-08-27,fold3 val,0.210645,0.718447,1.014176,1.708039,1.812423,2.264131,1.534601,0.466231,2.573859,0.941355,0.880763,4509.370117
2021-08-30,fold3 val,1.291215,3.041722,2.147700,0.635748,0.407274,2.154957,2.667435,-0.327984,0.229717,-0.627440,0.430657,4528.790039
2021-08-31,fold3 val,-0.563253,-0.842453,1.438520,-0.005167,0.074010,0.658083,-0.336267,0.038502,-1.318104,-0.921151,-0.134912,4522.680176
2021-09-01,fold3 val,-0.016590,0.447829,0.236541,0.261247,0.357981,0.703788,-0.221552,-0.178458,0.250190,0.445209,0.031169,4524.089844
2021-09-02,fold3 val,0.747513,-0.225283,-0.456448,-1.112859,-1.328017,-0.231579,-1.772025,-0.073625,-0.200539,-0.516985,0.284264,4536.950195
2021-09-03,fold3 val,0.423057,-0.003315,0.431109,0.385524,0.315794,0.161113,0.261138,-1.108568,1.995883,-0.604517,-0.033503,4535.430176
2021-09-07,fold3 val,1.548896,-0.318784,0.898202,0.513919,0.376378,2.637784,1.573381,-1.060705,-0.792357,-0.175557,-0.339557,4520.029785
2021-09-08,fold3 val,-1.008354,0.009979,0.461917,-0.436720,-0.408586,0.126175,-1.206242,0.157764,-1.425290,-0.414373,-0.131857,4514.069824
2021-09-09,fold3 val,-0.670474,-0.985965,-1.172600,0.020700,-0.104383,0.131323,0.113890,-0.261334,-0.725205,-0.698426,-0.460561,4493.279785
2021-09-10,fold3 val,-0.518099,-3.310196,-0.430800,-2.065021,-1.856611,-2.462704,0.182531,-0.362506,1.357265,-1.134114,-0.772258,4458.580078
2021-09-13,fold3 val,0.432836,0.389354,-0.345329,1.087927,1.033894,0.914066,-0.575666,0.835737,-1.450295,0.258058,0.227649,4468.729980
2021-09-14,fold3 val,0.942821,-0.956219,-0.207398,-0.041111,0.148929,0.200535,0.005315,-0.971707,0.406267,-1.745245,-0.574664,4443.049805
2021-09-15,fold3 val,1.677861,0.614399,0.747539,1.255156,1.322406,1.523190,-0.693164,0.353528,0.445113,0.693947,0.847400,4480.700195
2021-09-16,fold3 val,0.131190,-0.161060,0.358191,-0.573304,-0.567421,0.153476,-0.229986,-0.240845,-0.443141,-0.044280,-0.155114,4473.750000
2021-09-17,fold3 val,-1.752817,-1.834813,-0.737332,-2.015612,-1.956685,0.330253,-2.235589,-0.270261,-1.537630,-0.259367,-0.911087,4432.990234
2021-09-20,fold3 val,-1.857500,-2.136083,-3.084174,-1.729427,-1.477623,-3.860484,-2.473118,-0.924988,-3.593614,-2.348557,-1.697731,4357.729980
2021-09-21,fold3 val,0.169914,0.342771,-0.360575,0.452813,0.225997,1.261353,0.500419,-0.371998,0.629957,0.054526,-0.081236,4354.189941
2021-09-22,fold3 val,1.282217,1.687256,1.089235,0.925204,0.899435,1.698718,-3.991833,0.325798,3.271202,1.171820,0.951961,4395.640137
2021-09-23,fold3 val,0.328248,0.671929,1.063594,0.630052,0.664722,0.226081,0.801254,1.477720,2.465713,0.925479,1.213472,4448.979980
2021-09-24,fold3 val,-0.070112,0.061296,0.278687,0.568654,0.707423,2.753306,2.023344,-0.089889,-1.783662,1.153993,0.146101,4455.479980
2021-09-27,fold3 val,-1.730422,-1.055007,-0.575684,-0.793649,-0.803707,2.191406,0.175681,0.665781,-1.906605,2.416587,-0.277638,4443.109863
2021-09-28,fold3 val,-3.620357,-2.380146,-2.637847,-3.757566,-3.715849,-1.743836,-3.656907,-1.047473,-4.436756,-0.538982,-2.036411,4352.629883
2021-09-29,fold3 val,0.169298,0.648330,-0.447535,-1.221133,-1.087000,0.482278,-0.305289,0.180642,-0.879270,-0.078267,0.156918,4359.459961
2021-09-30,fold3 val,-0.732399,-0.931219,-0.487108,-0.632491,-0.805481,-0.746181,-0.064760,-1.568757,0.969939,-1.361872,-1.190971,4307.540039
2021-10-01,fold3 val,2.546832,0.812730,-0.054188,2.144754,2.398973,-0.033529,1.066623,1.014871,0.125500,2.101533,1.149148,4357.040039
2021-10-04,fold3 val,-2.071952,-2.460536,-2.847168,-2.030260,-2.058324,0.813962,-4.892016,-0.750781,-4.869359,-0.107708,-1.298590,4300.459961
2021-10-05,fold3 val,1.995689,1.415827,0.978754,1.803166,1.768307,-0.120285,2.062972,1.611597,3.643828,1.633012,1.052451,4345.720215
2021-10-06,fold3 val,1.506449,0.630719,1.273202,1.014834,0.982903,0.276714,0.204245,0.780440,1.217561,0.213457,0.410279,4363.549805
2021-10-07,fold3 val,0.593632,0.908425,1.239120,1.206721,1.333427,1.387426,-1.324783,0.974238,1.811577,0.633078,0.829828,4399.759766
2021-10-08,fold3 val,0.000000,-0.272137,-0.418180,0.601267,0.426679,-1.023183,0.252086,0.420570,-1.157749,0.076419,-0.191372,4391.339844
2021-10-11,fold3 val,-0.210277,-0.063003,-1.286860,-0.819734,-0.666683,0.821153,-1.393722,-1.129732,-0.652887,-2.103153,-0.686576,4361.189941
2021-10-12,fold3 val,-0.458822,-0.910306,0.031728,-1.580130,-1.731714,1.740027,-0.516199,-0.822268,-0.115982,-0.768126,-0.241678,4350.649902
2021-10-13,fold3 val,1.171119,-0.424008,1.137860,0.868238,0.830331,0.665238,0.237826,-0.258417,1.296502,-2.636687,0.302251,4363.799805
2021-10-14,fold3 val,2.173418,2.022540,0.474376,2.546786,2.594098,0.892647,1.229421,1.345815,3.854062,1.534169,1.706310,4438.259766
2021-10-15,fold3 val,0.482240,0.751310,3.308024,0.185968,0.153755,3.019600,-1.147518,0.912504,0.533416,1.920847,0.746021,4471.370117
2021-10-18,fold3 val,1.012449,1.180608,1.106477,0.907358,0.997378,3.212224,3.257766,-0.569999,1.646720,-0.036005,0.337477,4486.459961
2021-10-19,fold3 val,0.305895,1.507991,-0.075144,0.602619,0.321484,-0.671186,1.386664,0.792664,0.306010,1.212825,0.739334,4519.629883
2021-10-20,fold3 val,-0.266018,0.336133,-0.844620,-0.978304,-1.024864,0.177031,0.232365,0.933892,-0.838959,1.346624,0.366403,4536.189941
2021-10-21,fold3 val,1.089750,0.147385,0.584176,0.256659,0.082524,3.257101,0.322798,-0.233046,2.664802,-0.784346,0.299587,4549.779785
2021-10-22,fold3 val,-0.514884,-0.528496,-2.895483,-2.910416,-3.044362,1.753911,-5.051497,0.843729,0.149836,1.345128,-0.107255,4544.899902
2021-10-25,fold3 val,-0.333153,-0.033615,-0.455099,0.106748,-0.086870,12.661598,1.256887,0.352655,1.936116,-0.489004,0.474820,4566.479980
2021-10-26,fold3 val,0.642568,0.457482,1.677526,0.647820,1.354348,-0.627405,-3.918579,0.203265,6.695142,0.269112,0.181980,4574.790039
2021-10-27,fold3 val,4.211406,-0.314768,0.486364,4.836696,4.959494,1.907844,-1.136739,-1.055529,-1.076190,-2.082838,-0.505157,4551.680176
2021-10-28,fold3 val,0.365172,2.499165,1.594115,-0.203856,-0.252018,3.775075,1.505330,0.674127,2.004020,1.507468,0.982928,4596.419922
2021-10-29,fold3 val,2.241401,-1.815593,-2.151125,1.465502,1.506348,3.431629,2.098328,2.509923,-0.935383,-0.275870,0.194933,4605.379883
2021-11-01,fold3 val,-0.678509,-0.560723,-1.610710,-3.032646,-3.072692,8.491023,1.981020,1.016935,-0.268290,-0.052975,0.180008,4613.669922
2021-11-02,fold3 val,1.141576,0.711608,-0.161541,1.452973,1.348806,-3.027500,-0.575790,2.222468,0.590415,0.394580,0.368036,4630.649902
2021-11-03,fold3 val,0.261168,0.979867,2.150781,0.635529,0.801400,3.571674,1.078996,0.746200,0.274375,0.035170,0.646128,4660.569824
2021-11-04,fold3 val,0.730539,-0.349852,2.748232,1.289591,1.138839,1.322230,1.275565,12.042256,-0.356747,-1.313538,0.418194,4680.060059
2021-11-05,fold3 val,-0.112925,0.358241,1.207643,0.375316,0.394212,-0.635817,1.572140,-0.164421,0.066044,-0.142614,0.373280,4697.529785
2021-11-08,fold3 val,0.276718,-0.555285,-0.852795,0.074033,0.120271,-4.840071,-0.735811,3.535882,0.319572,0.601005,0.088779,4701.700195
2021-11-09,fold3 val,-0.308593,0.245928,2.500724,-0.068976,-0.075505,-11.990303,-0.959769,-0.477202,-0.848332,-0.757141,-0.349878,4685.250000
2021-11-10,fold3 val,-1.533004,-1.916309,-2.633499,-1.757131,-2.031315,4.342945,-2.304911,-3.907750,-0.359699,-0.095328,-0.822582,4646.709961
2021-11-11,fold3 val,0.492747,-0.033794,-0.274260,0.083222,-0.087043,-0.415753,0.030500,3.160327,-0.234829,-0.005978,0.055094,4649.270020
2021-11-12,fold3 val,1.290503,1.433700,1.516203,1.974443,1.997367,-2.829310,4.012335,0.000000,0.470752,-0.447474,0.722266,4682.850098
2021-11-15,fold3 val,-0.193035,0.006655,0.582380,-0.172051,-0.152001,-0.037235,0.017736,-1.201060,-0.461547,-0.179788,-0.001074,4682.799805
2021-11-16,fold3 val,1.023584,0.666685,-0.140449,-0.208848,-0.387984,2.043986,0.644706,0.592839,-0.460192,-0.720457,0.386523,4700.899902
2021-11-17,fold3 val,0.067893,1.648987,0.234413,-0.009403,0.115606,3.250121,-0.638548,-3.118911,-0.624643,-0.538227,-0.260163,4688.669922
2021-11-18,fold3 val,0.633978,2.853590,4.143701,1.104919,1.210109,0.676761,-0.610381,8.249903,-0.340918,-0.863384,0.338478,4704.540039
2021-11-19,fold3 val,0.539155,1.697641,-0.527311,-0.501973,-0.608661,3.710392,1.951619,4.135770,-0.228064,-1.306350,-0.139867,4697.959961
2021-11-22,fold3 val,-0.955959,0.292713,-2.828730,-1.916574,-1.762279,1.742212,-1.242371,-3.119602,1.778639,2.131483,-0.319714,4682.939941
2021-11-23,fold3 val,-0.632673,0.242226,0.209096,-0.218610,-0.355435,-4.135293,-1.102615,-0.657168,1.259780,2.391249,0.165713,4690.700195
2021-11-24,fold3 val,0.068109,0.328346,0.010332,-0.026922,0.231839,0.628477,1.129741,2.923187,-0.443582,-0.784379,0.229385,4701.459961
2021-11-26,fold3 val,-2.435547,-3.167849,-2.118470,-2.666020,-2.694338,-3.053760,-2.328053,-3.583867,-1.458508,-3.012721,-2.272482,4594.620117
2021-11-29,fold3 val,2.108106,2.187349,1.626743,2.316430,2.354340,5.090023,1.473940,5.945453,-0.342648,-0.432291,1.320020,4655.270020
2021-11-30,fold3 val,-1.794241,3.157803,-1.530227,-2.506231,-2.496363,0.683382,-4.014428,-2.097337,-1.924710,-1.488548,-1.896131,4567.000000
2021-12-01,fold3 val,-0.154298,-0.320647,-1.806349,-0.585480,-0.596217,-4.346763,-4.271713,-3.786081,-0.610793,-0.591815,-1.181519,4513.040039
2021-12-02,fold3 val,-0.178730,-0.612972,-0.184689,1.524169,1.357317,-0.949774,-0.067607,2.198166,1.487271,2.102735,1.419444,4577.100098
2021-12-03,fold3 val,-1.966656,-1.172445,-1.383908,-0.873590,-0.674640,-6.419876,-1.143744,-4.460535,-0.594792,-1.811341,-0.844856,4538.430176
2021-12-06,fold3 val,0.984473,2.150272,1.108622,0.895317,0.812302,-0.587209,3.594720,-2.137291,1.423787,1.181402,1.173087,4591.669922
2021-12-07,fold3 val,3.544620,2.676370,2.798650,2.948607,2.874167,4.235837,1.554096,7.956845,1.275853,1.504760,2.070708,4686.750000
2021-12-08,fold3 val,2.278319,0.014898,-0.003690,0.462069,0.622657,1.636320,2.400790,-1.853407,-0.438643,-1.144145,0.308529,4701.209961
2021-12-09,fold3 val,-0.297017,-0.558240,-1.127964,-0.413201,-0.369781,-6.095645,-0.223879,-4.197829,0.281964,-0.155533,-0.718108,4667.450195
2021-12-10,fold3 val,2.801335,2.833969,-1.124756,0.384204,0.245857,1.317993,-0.021198,-0.957689,1.303958,0.753741,0.954907,4712.020020
2021-12-13,fold3 val,-2.067416,-0.916659,-1.535608,-1.325395,-1.469557,-1.450950,-2.192187,-6.745477,0.617562,-0.018807,-0.913617,4668.970215
2021-12-14,fold3 val,-0.802326,-3.258710,-0.280713,-1.181956,-1.316305,-0.817458,-0.224258,0.624990,1.730971,0.276046,-0.747068,4634.089844
2021-12-15,fold3 val,2.850882,1.921797,2.497757,1.654121,1.760861,1.823662,2.373129,7.488436,-0.152531,3.111849,1.634846,4709.850098
2021-12-16,fold3 val,-3.926354,-2.913517,-2.564117,-1.716812,-1.363018,-5.027713,-1.978581,-6.802598,1.897626,-0.307474,-0.874342,4668.669922
2021-12-17,fold3 val,-0.650198,-0.338542,0.678920,-1.405339,-1.883052,0.609545,-0.331453,-2.064299,-2.168774,-1.164633,-1.028768,4620.640137
2021-12-20,fold3 val,-0.812199,-1.201370,-1.728356,-0.281148,-0.083267,-3.498927,-2.498576,-0.294972,-1.379152,-0.695924,-1.138806,4568.020020
2021-12-21,fold3 val,1.908705,2.306915,1.997865,1.277358,1.317378,4.288056,2.688594,4.891962,1.253411,0.719402,1.777793,4649.229980
2021-12-22,fold3 val,1.531878,1.805750,0.363811,1.891914,2.050905,1.509027,4.708470,1.117798,0.398995,1.420349,1.018020,4696.560059
2021-12-23,fold3 val,0.364384,0.447143,0.018414,0.131665,0.342525,5.761886,1.449516,0.816322,0.027168,0.252982,0.622370,4725.790039
2021-12-27,fold3 val,2.297476,2.318567,-0.817802,0.626266,0.673851,2.524839,3.263340,4.402841,0.740271,0.831675,1.383894,4791.189941
2021-12-28,fold3 val,-0.576722,-0.350406,0.584372,-0.934307,-0.981750,-0.500028,0.011561,-2.013269,0.546060,0.688686,-0.101015,4786.350098
2021-12-29,fold3 val,0.050212,0.205118,-0.855492,-0.021853,0.038548,-0.209471,-0.947388,-1.058632,0.392230,0.524907,0.140190,4793.060059
2021-12-30,fold3 val,-0.657822,-0.769114,-0.328901,-0.309886,-0.342637,-1.459227,0.414071,-1.383269,0.173652,-0.227467,-0.298976,4778.729980
2021-12-31,fold3 val,-0.353539,-0.884115,-1.142940,-0.922361,-0.906153,-1.266884,-2.326038,-0.591514,-0.326692,-0.453963,-0.262618,4766.180176
2022-01-03,fold3 val,2.500417,-0.466825,2.211832,0.157972,0.211269,13.531668,0.651087,2.414066,0.598665,0.027876,0.637405,4796.560059
2022-01-04,fold3 val,-1.269160,-1.714696,-1.691559,-0.453549,-0.408293,-4.183270,-0.593714,-2.758854,2.573221,-1.166653,-0.062962,4793.540039
2022-01-05,fold3 val,-2.659983,-3.838806,-1.889309,-4.603016,-4.667606,-5.347121,-3.672770,-5.756256,0.450528,-3.553815,-1.939276,4700.580078
2022-01-06,fold3 val,-1.669349,-0.790182,-0.671098,-0.019968,-0.074458,-2.152337,2.557281,2.079407,1.064787,0.036009,-0.096377,4696.049805
2022-01-07,fold3 val,0.098859,0.050965,-0.428778,-0.530332,-0.397303,-3.544657,-0.201524,2.094374,-3.303975,0.990800,-0.405022,4677.029785
2022-01-10,fold3 val,0.011595,0.073225,-0.657018,1.206061,1.145575,3.034195,-1.121183,-0.265810,0.561522,0.095704,-0.144103,4670.290039
2022-01-11,fold3 val,1.678388,0.225939,2.400213,0.976508,0.834136,0.593502,1.920309,0.272786,1.521898,0.101627,0.915998,4713.069824
2022-01-12,fold3 val,0.257027,1.044507,-0.093733,1.164488,1.212644,3.928975,-0.331951,0.184499,0.654279,0.567185,0.281775,4726.350098
2022-01-13,fold3 val,-1.902819,-4.232274,-2.416965,-1.776936,-2.010517,-6.749107,-2.034456,0.271543,-5.085908,-0.124678,-1.424362,4659.029785
2022-01-14,fold3 val,0.511087,1.771667,0.573149,0.471141,0.644705,1.749776,1.660127,0.893356,1.380995,1.072889,0.081998,4662.850098
2022-01-18,fold3 val,-1.889420,-2.433869,-1.986274,-2.500955,-2.496734,-1.819724,-2.699383,-2.650601,-3.856420,-1.642859,-1.838795,4577.109863
2022-01-19,fold3 val,-2.102470,0.224629,-1.647710,-0.468472,-0.648211,-3.382790,0.452605,-1.729685,-3.227425,0.331883,-0.968954,4532.759766
2022-01-20,fold3 val,-1.034709,-0.570313,-2.963231,-1.581630,-1.338832,0.062270,-0.948092,-1.188242,-3.658193,0.103770,-1.103738,4482.729980
2022-01-21,fold3 val,-1.276509,-1.846830,-2.367461,-2.407833,-5.950181,-5.256607,-4.229846,-1.861679,-3.213267,-0.395246,-1.891482,4397.939941
2022-01-24,fold3 val,-0.486452,0.114885,0.347168,0.215233,1.332698,-1.472613,1.827353,-0.488169,-0.008564,0.238515,0.277174,4410.129883
2022-01-25,fold3 val,-1.138483,-2.658845,-2.957881,-2.789326,-3.153375,-1.247312,-2.772846,1.139167,-4.483980,-1.174633,-1.217191,4356.450195
2022-01-26,fold3 val,-0.056295,2.849315,1.820331,1.966180,-0.795433,2.069905,-1.839052,0.673852,2.006803,0.348038,-0.149664,4349.930176
2022-01-27,fold3 val,-0.294338,1.054908,-0.092075,-0.176403,0.550865,-11.554176,0.003396,-0.514129,-3.636039,0.691504,-0.538409,4326.509766
2022-01-28,fold3 val,6.977757,2.808148,3.271491,3.325693,3.108406,2.080569,2.399538,1.699867,4.083110,3.306064,2.434765,4431.850098
2022-01-31,fold3 val,2.612606,0.882372,1.764832,1.506558,3.886361,10.677611,3.828171,0.038349,7.206674,3.600393,1.888595,4515.549805
2022-02-01,fold3 val,-0.097278,-0.713862,1.606492,1.729813,1.083076,-0.583953,1.832344,0.300301,0.620763,0.641966,0.686300,4546.540039
2022-02-02,fold3 val,0.704421,1.522211,7.367364,7.523775,-0.384272,-2.747919,1.253919,1.796412,2.451491,1.316936,0.942252,4589.379883
2022-02-03,fold3 val,-1.671968,-3.895236,-3.345618,-3.610340,-7.812763,-1.603249,-1.548533,3.797553,-5.126367,-2.757391,-2.439108,4477.439941
2022-02-04,fold3 val,-0.167949,1.556830,0.141875,0.256246,13.535902,3.611111,-0.076141,-0.281810,1.549185,-1.145726,0.515693,4500.529785
2022-02-07,fold3 val,-0.423453,-1.631004,0.187774,-2.671777,-3.034992,-1.730719,0.482561,1.681800,-5.137285,0.109711,-0.370171,4483.870117
2022-02-08,fold3 val,1.846685,1.199511,2.202163,0.142231,0.197927,1.615719,1.557610,1.536719,-2.103072,2.007426,0.840121,4521.540039
2022-02-09,fold3 val,0.829365,2.183477,-0.138773,1.573174,1.609042,1.084592,0.292435,6.360529,5.368348,0.950545,1.451721,4587.180176
2022-02-10,fold3 val,-2.359895,-2.837303,-1.356171,-2.098999,-2.015140,-2.945277,-0.784788,-3.299004,-1.693976,-2.284697,-1.811573,4504.080078
2022-02-11,fold3 val,-2.021839,-2.427429,-3.591111,-3.129037,-3.226869,-4.925103,-0.221976,-7.260695,-3.735695,-1.764870,-1.896945,4418.640137
2022-02-14,fold3 val,0.142294,-0.013533,1.222168,0.926034,0.872269,1.832566,-1.522848,1.327807,-0.842624,-0.780102,-0.384060,4401.669922
2022-02-15,fold3 val,2.315278,1.854225,0.865835,0.798728,0.831859,5.329076,0.610924,9.181237,1.515839,0.807322,1.576672,4471.069824
2022-02-16,fold3 val,-0.138877,-0.116737,1.015904,0.826813,0.778467,0.104075,-0.173946,0.060361,-2.018092,0.380555,0.088121,4475.009766
2022-02-17,fold3 val,-2.126963,-2.928205,-2.180890,-3.774557,-3.766895,-5.094270,-0.665296,-7.559136,-4.077780,-2.022697,-2.117314,4380.259766
2022-02-18,fold3 val,-0.935549,-0.963084,-1.326196,-1.558646,-1.444501,-2.210304,0.398661,-3.529592,-0.746221,-0.537924,-0.716616,4348.870117
2022-02-22,fold3 val,-1.781218,-0.072935,-1.575350,-0.505603,-0.762917,-4.136624,-0.203299,-1.065889,-1.979043,-1.132930,-1.014295,4304.759766
2022-02-23,fold3 val,-2.586423,-2.589344,-3.575625,-1.714387,-1.404514,-6.997918,-1.327353,-4.288190,-1.796335,-0.624867,-1.841212,4225.500000
2022-02-24,fold3 val,1.668016,5.109393,4.509522,3.999570,3.988316,4.807345,-0.551628,6.079467,4.610747,-0.811519,1.495686,4288.700195
2022-02-25,fold3 val,1.296554,0.923304,1.605793,1.382448,1.341726,1.136403,3.555207,1.722245,1.387278,4.356305,2.237268,4384.649902
2022-02-28,fold3 val,0.163765,0.497806,-0.146626,0.395207,0.325300,7.477747,0.692276,0.943818,0.261315,0.025214,-0.244260,4373.939941
2022-03-01,fold3 val,-1.162783,-1.285186,-0.653925,-0.619268,-1.576555,-0.696214,-1.434132,-3.723609,-3.572945,0.079872,-1.547350,4306.259766
2022-03-02,fold3 val,2.058822,1.776570,0.434920,0.380430,0.602418,1.795530,2.146199,3.182373,2.270362,1.917066,1.864269,4386.540039
2022-03-03,fold3 val,-0.198109,-1.422430,-0.329141,-0.499362,-2.731956,-4.614210,1.266832,-2.089153,-2.469828,0.249280,-0.525467,4363.490234
2022-03-04,fold3 val,-1.840840,-2.047857,-1.627597,-1.488452,-1.526379,-0.119152,-0.732286,-3.280760,-1.433720,2.478488,-0.793404,4328.870117
2022-03-07,fold3 val,-2.371764,-3.777689,-4.282015,-4.190829,-5.622045,-4.021280,-0.805310,-6.906202,-6.293107,-2.362389,-2.951816,4201.089844
2022-03-08,fold3 val,-1.167599,-1.097136,0.643656,0.574457,-1.046545,2.463394,-1.301442,0.758703,1.504243,-2.754337,-0.723375,4170.700195
2022-03-09,fold3 val,3.499764,4.585844,5.175656,4.968761,2.400120,4.193358,2.159992,6.972200,4.314461,2.557775,2.569825,4277.879883
2022-03-10,fold3 val,-2.718647,-1.008691,-0.884448,-0.742398,5.412516,-2.406376,-0.030733,-1.546864,-1.657411,1.208893,-0.429181,4259.520020
2022-03-11,fold3 val,-2.390858,-1.932829,-1.663017,-1.932374,-0.880685,-5.123459,0.399637,-2.462714,-3.893252,-1.453097,-1.296155,4204.310059
2022-03-14,fold3 val,-2.656242,-1.296095,-2.862237,-3.018000,-2.522949,-3.643680,1.034907,-3.484145,-0.522367,1.045830,-0.742100,4173.109863
2022-03-15,fold3 val,2.967717,3.874285,3.886773,2.949684,1.934162,4.634836,0.778828,7.702749,2.893403,2.047459,2.140857,4262.450195
2022-03-16,fold3 val,2.901557,2.521316,3.893356,3.108129,3.159881,4.781204,1.070515,6.629540,6.040749,0.070307,2.238376,4357.859863
2022-03-17,fold3 val,0.645407,0.281939,2.700775,0.680674,0.419043,3.733501,2.636047,1.102219,2.067469,1.758109,1.234782,4411.669922
2022-03-18,fold3 val,2.091883,1.764764,2.551215,1.635183,1.708400,3.876779,-0.742093,6.811749,4.161851,-0.177502,1.166229,4463.120117
2022-03-21,fold3 val,0.853787,-0.422736,0.149455,-0.236092,-0.017630,1.741796,2.117345,1.062270,-2.309572,0.304253,-0.043466,4461.180176
2022-03-22,fold3 val,2.080049,1.637930,2.103830,2.783586,2.767424,7.905244,0.077215,-0.785533,2.439817,-0.460923,1.130411,4511.609863
2022-03-23,fold3 val,0.823348,-1.502987,-0.898182,-1.264636,-1.138581,0.516114,-0.505812,-3.355451,-1.472407,-0.413617,-1.227270,4456.240234
2022-03-24,fold3 val,2.267810,1.539300,0.147790,2.211037,2.200420,1.482313,1.209212,9.815093,2.862376,2.032899,1.434391,4520.160156
2022-03-25,fold3 val,0.373378,-0.138125,0.686829,0.071323,0.148265,-0.323494,1.813439,-1.626992,1.024720,-0.083766,0.506617,4543.060059
2022-03-28,fold3 val,0.503680,2.311658,2.559268,0.199909,-0.050992,8.034508,0.225777,1.903065,0.797938,0.033133,0.714496,4575.520020
2022-03-29,fold3 val,1.913456,1.515916,0.192028,0.915789,0.742292,0.707986,-1.237593,1.548603,2.804249,-0.481278,1.225655,4631.600098
2022-03-30,fold3 val,-0.664960,-0.491433,-1.780118,-0.422680,-0.397894,-0.507475,0.701169,-3.371016,-0.874448,1.975610,-0.629370,4602.450195
2022-03-31,fold3 val,-1.777579,-1.768293,-1.986457,-2.099607,-2.022704,-1.498181,-1.314276,-1.459009,-2.409482,-2.083268,-1.565254,4530.410156
2022-04-01,fold3 val,-0.171838,0.360019,0.345097,0.752245,0.778764,0.648660,-0.291859,-2.103640,1.119805,0.513770,0.341022,4545.859863
2022-04-04,fold3 val,2.369381,1.793677,2.926448,2.091314,2.012832,5.611341,-1.833015,2.425877,4.020471,-0.501392,0.809094,4582.640137
2022-04-05,fold3 val,-1.894193,-1.298542,-2.549209,-1.795778,-1.665007,-4.730897,-0.182383,-5.222963,-0.876498,1.517604,-1.255172,4525.120117
2022-04-06,fold3 val,-1.845094,-3.660584,-3.230012,-2.755525,-2.875711,-4.169489,-0.026101,-5.877136,-3.683566,2.702004,-0.971692,4481.149902
2022-04-07,fold3 val,0.180393,0.624387,-0.611943,-0.518302,-0.482996,1.099682,0.522183,-0.815323,-0.156740,0.977913,0.425339,4500.209961
2022-04-08,fold3 val,-1.190888,-1.460005,-2.106674,-1.798621,-1.914065,-1.350617,0.192950,-0.278092,-4.498541,1.678005,-0.265103,4488.279785
2022-04-11,fold3 val,-2.551581,-3.943184,-2.161395,-3.144524,-3.349167,-4.832809,-0.305867,-2.640223,-5.199168,-1.560576,-1.687729,4412.529785
2022-04-12,fold3 val,1.152339,-1.121770,-0.221336,-1.095570,-0.860852,1.129181,-0.647690,-1.071792,-1.884386,-0.694028,-0.341745,4397.450195
2022-04-13,fold3 val,1.634240,1.971213,3.152446,1.489013,1.706518,3.588836,-1.006459,0.396953,3.250549,0.616448,1.117458,4446.589844
2022-04-14,fold3 val,-2.998813,-2.708399,-2.465268,-2.327965,-2.435822,-3.655232,-0.545900,-2.237327,-4.256174,-0.405959,-1.214414,4392.589844
2022-04-18,fold3 val,-0.133087,0.246556,0.710916,0.556370,0.746874,1.958373,0.673774,0.280714,2.469655,-0.138368,-0.020487,4391.689941
2022-04-19,fold3 val,1.411508,1.703984,3.488883,2.008428,1.826867,2.375809,0.533681,3.102913,1.905148,0.677828,1.605760,4462.209961
2022-04-20,fold3 val,-0.101540,0.371558,-2.604105,-1.750923,-1.514510,-4.955504,0.091824,-3.225512,-7.772311,1.545474,-0.061848,4459.450195
2022-04-21,fold3 val,-0.484378,-1.938129,-3.702643,-2.579434,-2.519125,3.231684,-1.496474,-6.046896,-1.569606,-6.162068,-1.475295,4393.660156
2022-04-22,fold3 val,-2.782117,-2.414483,-2.660894,-4.247888,-4.162394,-0.369758,-2.339933,-3.309757,-2.105596,-3.070093,-2.774005,4271.779785
2022-04-25,fold3 val,0.673737,2.441349,1.194319,3.025753,2.888137,-0.699465,0.414237,1.983131,1.564294,0.639235,0.569794,4296.120117
2022-04-26,fold3 val,-3.732815,-3.740385,-4.575077,-3.037740,-3.594581,-12.184122,-1.869719,-2.000874,-3.230139,-5.597437,-2.814631,4175.200195
2022-04-27,fold3 val,-0.146691,4.810928,-0.878105,-3.753361,-3.670881,0.580768,-0.323607,0.005831,-3.315825,-1.985321,0.209805,4183.959961
2022-04-28,fold3 val,4.515560,2.263266,4.653419,3.817573,3.699217,-0.453770,0.512775,17.593598,7.423300,2.064930,2.474690,4287.500000
2022-04-29,fold3 val,-3.660486,-4.181206,-3.722419,-3.723347,-14.049438,-0.769222,-2.547772,-2.556753,-3.026180,-6.243030,-3.628451,4131.930176
2022-05-02,fold3 val,0.196638,2.504317,1.905329,2.167651,0.175809,3.695628,-1.437284,5.317525,5.316215,-1.455114,0.567524,4155.379883
2022-05-03,fold3 val,0.962268,-0.945629,0.830079,0.644175,-0.197990,0.698828,0.251418,0.426263,0.353241,-0.305282,0.483713,4175.479980
2022-05-04,fold3 val,4.100848,2.910090,3.763260,4.199127,1.348047,4.769865,2.448352,5.367169,3.734315,1.601212,2.986242,4300.169922
2022-05-05,fold3 val,-5.571625,-4.355494,-4.755053,-4.707558,-7.561036,-8.328615,-2.484699,-6.772309,-7.327627,-2.541280,-3.564971,4146.870117
2022-05-06,fold3 val,0.472720,-0.944665,-0.860883,-0.721382,-1.404124,-0.873718,0.062763,-2.165359,-0.896848,0.990474,-0.567422,4123.339844
2022-05-09,fold3 val,-3.318934,-3.694521,-2.296029,-2.726884,-5.213355,-9.072949,-1.856502,-3.710049,-2.642020,-3.836805,-3.203710,3991.239990
2022-05-10,fold3 val,1.611188,1.859552,1.326902,1.674503,0.064344,1.642717,-0.137395,0.733889,0.326886,-0.135333,0.245790,4001.050049
2022-05-11,fold3 val,-5.184117,-3.320957,-0.544143,-0.692765,-3.203226,-8.254583,-0.316766,-4.507957,-0.381158,-0.542124,-1.646321,3935.179932
2022-05-12,fold3 val,-2.689406,-1.995774,-0.701996,-0.667686,1.479041,-0.817439,-1.117035,1.324575,-1.511878,0.987927,-0.129596,3930.080078
2022-05-13,fold3 val,3.191608,2.259640,2.964357,2.841542,5.727556,5.712909,0.746604,3.859014,1.378463,3.186855,2.386970,4023.889893
2022-05-16,fold3 val,-1.067210,0.145533,-1.478766,-1.383452,-1.985316,-5.875856,-0.344753,0.714933,0.786978,-1.165323,-0.394640,4008.010010
2022-05-17,fold3 val,2.542262,2.034407,1.662996,1.772020,4.113327,5.141018,1.716835,1.289750,0.676595,2.327690,2.016963,4088.850098
2022-05-18,fold3 val,-5.641901,-4.552956,-3.685041,-3.926653,-7.156197,-6.801380,-2.530194,-5.122883,-4.294158,-4.856818,-4.039526,3923.679932
2022-05-19,fold3 val,-2.464165,-0.369976,-1.472854,-1.354332,0.192785,-0.054946,-0.812034,-0.494180,1.521041,-0.888896,-0.583378,3900.790039
2022-05-20,fold3 val,0.174749,-0.229099,-1.293507,-1.337166,0.253453,-6.416506,-0.032881,1.176222,1.500368,1.747732,0.014614,3901.360107
2022-05-23,fold3 val,4.011919,3.203174,2.152981,2.368978,-0.031605,1.656871,2.022702,1.389892,1.307322,2.041524,1.855504,3973.750000
2022-05-24,fold3 val,-1.921597,-0.395149,-5.105469,-4.984728,-3.214110,-6.925465,-0.332043,-7.618617,1.113635,1.092295,-0.812080,3941.479980
2022-05-25,fold3 val,0.113998,1.117002,-0.118811,-0.118594,2.569647,4.877738,-0.171426,1.406672,0.106509,-0.981268,0.945076,3978.729980
2022-05-26,fold3 val,2.319949,1.287538,2.320972,1.878455,4.029499,7.427139,1.250643,4.243060,0.831194,-0.089075,1.988326,4057.840088
2022-05-27,fold3 val,4.075661,2.760412,4.158060,4.196943,3.663208,7.333306,2.115195,1.826434,0.971656,3.455653,2.474226,4158.240234
2022-05-31,fold3 val,-0.534629,-0.501379,1.099305,1.286997,4.397010,-0.180356,-0.980845,-0.763620,-0.738943,-2.037033,-0.627437,4132.149902
2022-06-01,fold3 val,-0.087302,0.202308,0.085925,0.114269,1.226604,-2.359349,-1.193120,-2.582092,-1.885187,-0.851484,-0.748277,4101.229980
2022-06-02,fold3 val,1.681110,0.792891,3.162000,3.275478,3.145034,4.677398,0.877621,5.417732,6.943251,-0.058860,1.843102,4176.819824
2022-06-03,fold3 val,-3.855573,-1.660716,-2.702428,-2.619827,-2.518507,-9.219360,-1.273221,-4.063158,-4.450781,-1.350919,-1.634731,4108.540039
2022-06-06,fold3 val,0.522745,-0.470352,2.135475,1.990128,1.994281,1.604720,0.389140,1.818847,0.352540,0.941092,0.313740,4121.430176
2022-06-07,fold3 val,1.758634,1.395348,0.187173,0.281627,-1.434411,0.254606,0.480538,0.720707,0.745258,1.411717,0.952339,4160.680176
2022-06-08,fold3 val,-0.504356,-0.766960,0.007233,0.037981,-1.479675,1.247452,-1.565440,0.506015,-1.448059,-0.718158,-1.079395,4115.770020
2022-06-09,fold3 val,-3.595578,-2.078338,-1.978882,-2.012479,-4.150849,-0.893056,-2.571744,-6.427991,-0.830758,-3.217470,-2.379869,4017.820068
2022-06-10,fold3 val,-3.862871,-4.456335,-3.037369,-3.199344,-5.596212,-3.119091,-3.021940,-4.581520,-0.980734,-3.539491,-2.911030,3900.860107
2022-06-13,fold3 val,-3.828479,-4.241285,-4.084285,-4.290152,-5.453719,-7.102154,-3.479481,-3.080699,-6.441868,-1.008438,-3.876843,3749.629883
2022-06-14,fold3 val,0.667273,0.920500,0.297080,0.303584,-1.311856,2.388716,-1.392237,-0.322662,-1.692567,-1.533845,-0.377368,3735.479980
2022-06-15,fold3 val,2.011162,2.973544,2.981995,2.857133,5.238980,5.482367,0.464623,3.432479,0.558747,1.070208,1.459250,3789.989990
2022-06-16,fold3 val,-3.965149,-2.697019,-3.401118,-3.399095,-3.724338,-8.540770,-3.717777,0.052957,-5.007377,-1.424319,-3.251195,3666.770020
2022-06-17,fold3 val,1.153303,1.094006,1.152988,1.046842,2.469610,1.717498,-0.178735,1.784040,-0.364536,-0.883592,0.220087,3674.840088
2022-06-21,fold3 val,3.276072,2.459124,3.846919,4.107104,2.315947,9.354435,1.376456,6.251390,2.094884,-4.085744,2.447724,3764.790039
2022-06-22,fold3 val,-0.382727,-0.240414,0.016948,-0.050661,0.248433,-0.400781,-0.728550,1.948685,1.577922,-0.764102,-0.130157,3759.889893
2022-06-23,fold3 val,2.157375,2.263680,0.580646,2.050490,1.814061,-0.430631,-0.841402,2.068703,2.230584,1.860784,0.953222,3795.729980
2022-06-24,fold3 val,2.451721,3.414938,5.194584,5.107722,3.575237,4.524889,4.022133,-0.834310,2.707104,5.889954,3.056329,3911.739990
2022-06-27,fold3 val,0.000000,-1.049663,-1.615940,-1.815216,-2.782069,-0.320165,0.043120,2.021632,-0.093264,-0.393748,-0.297307,3900.110107
2022-06-28,fold3 val,-2.978955,-3.174894,-3.473596,-3.303033,-5.140434,-5.004356,-1.630750,0.549765,-2.844267,-5.197955,-2.014304,3821.550049
2022-06-29,fold3 val,1.302389,1.473812,-0.279827,-0.273189,1.415267,-1.793718,-0.135104,1.429882,0.028245,2.028901,-0.071175,3818.830078
2022-06-30,fold3 val,-1.802769,-1.317939,-2.569111,-2.451614,-2.488064,-1.757923,-0.171853,-0.403334,0.293792,-1.640861,-0.875928,3785.379883
2022-07-01,fold3 val,1.616420,1.070722,-0.266513,1.414696,1.504668,1.242913,1.640910,0.733995,1.132335,-0.756590,1.055381,3825.330078
2022-07-05,fold3 val,1.893060,1.259737,4.405889,4.161856,3.596205,2.553570,-0.652251,-2.350229,-0.768710,5.099059,0.158413,3831.389893
2022-07-06,fold3 val,0.960705,1.278335,1.164753,1.155710,0.731279,-0.572080,-0.014512,1.989135,0.939409,0.089805,0.357316,3845.080078
2022-07-07,fold3 val,2.399978,0.822616,3.552107,3.675428,1.749322,5.527905,1.316889,-0.176585,1.425453,0.112175,1.496459,3902.620117
2022-07-08,fold3 val,0.471454,-0.275697,0.722912,0.480276,-0.679103,2.543517,0.554994,0.826247,-0.760789,-0.123242,-0.083027,3899.379883
2022-07-11,fold3 val,-1.475796,-1.176856,-3.034057,-3.080759,-3.280250,-6.548006,-0.826114,-0.323929,0.039268,-4.681639,-1.152746,3854.429932
2022-07-12,fold3 val,0.683382,-4.098138,-1.435781,-1.431590,-2.263981,-0.543361,-0.441640,-0.489406,-1.401744,0.239425,-0.924388,3818.800049
2022-07-13,fold3 val,-0.253661,-0.374504,-2.318246,-2.339033,1.080388,1.703345,0.068524,-2.562112,-0.233151,0.134752,-0.445690,3801.780029
2022-07-14,fold3 val,2.048240,0.538144,-0.665845,-0.885476,0.208330,0.537186,-1.102821,0.237411,0.136771,-3.327418,-0.299863,3790.379883
2022-07-15,fold3 val,1.145017,1.039035,1.190771,1.277540,2.639434,0.735723,1.483185,5.437585,1.451535,4.207523,1.920125,3863.159912
2022-07-18,fold3 val,-2.064317,-0.962131,-2.533542,-2.458003,0.184940,0.199943,-0.797185,-1.959430,1.536129,-2.244290,-0.836357,3830.850098
2022-07-19,fold4 val,2.672192,2.076674,4.285319,4.384118,3.911741,2.071672,2.638810,2.710966,5.112700,-1.457856,2.762829,3936.689941
2022-07-20,fold4 val,1.350988,1.055790,0.069780,0.079084,3.857540,0.802346,0.878159,4.158636,-2.620652,1.070186,0.589581,3959.899902
2022-07-21,fold4 val,1.509419,0.979894,0.296443,0.386297,1.515029,9.780471,0.283176,0.575560,0.043676,1.364629,0.986137,3998.949951
2022-07-22,fold4 val,-0.811066,-1.691616,-5.806671,-1.773248,-5.632330,0.197523,-0.320730,-0.200962,-7.588576,-4.049827,-0.933247,3961.629883
2022-07-25,fold4 val,-0.739830,-0.587634,-0.138439,-0.361444,-1.045580,-1.399494,0.720455,1.545806,-1.547818,-0.394886,0.131517,3966.840088
2022-07-26,fold4 val,-0.882654,-2.677418,-2.559824,-2.316057,-5.225361,-3.566373,-0.930585,0.400421,0.707416,-4.500457,-1.154320,3921.050049
2022-07-27,fold4 val,3.423493,6.685176,7.738996,7.655680,5.365390,6.165504,1.748971,0.568096,6.553574,5.100542,2.615627,4023.610107
2022-07-28,fold4 val,0.357176,2.854051,0.871480,1.026022,1.082911,2.212352,1.240099,1.286897,1.090480,1.335719,1.213334,4072.429932
2022-07-29,fold4 val,3.279290,1.566526,10.361464,1.788977,1.838546,5.784977,2.279691,0.156997,0.995328,0.183692,1.420776,4130.290039
2022-08-01,fold4 val,-0.615366,-0.972412,0.326049,-0.994507,-1.255156,0.042631,-1.576853,-1.283328,1.530615,-0.349533,-0.282308,4118.629883
2022-08-02,fold4 val,-0.928722,-1.147462,-0.908483,0.363694,0.235056,1.113440,-1.247202,0.014934,0.460894,-0.569273,-0.666240,4091.189941
2022-08-03,fold4 val,3.824765,2.783654,3.995230,2.484898,2.562336,2.265569,0.954916,0.969289,1.980984,9.138004,1.563848,4155.169922
2022-08-04,fold4 val,-0.192610,0.417737,2.186069,0.075772,0.093144,0.402302,-0.695005,-1.276272,1.704364,1.048551,-0.077734,4151.939941
2022-08-05,fold4 val,-0.138902,-0.260885,-1.241498,-0.546807,-0.609180,-6.630301,-0.286776,0.245427,-1.176145,-2.028487,-0.162575,4145.189941
2022-08-08,fold4 val,-0.290298,-0.915470,-0.987215,-0.067681,-0.144723,0.781943,0.092440,0.287850,1.878996,-6.298417,-0.123755,4140.060059
2022-08-09,fold4 val,0.030327,0.706310,-1.133349,-0.541737,-0.571189,-2.441263,0.147087,0.122990,-1.010282,-3.973460,-0.424869,4122.470215
2022-08-10,fold4 val,2.619460,2.430032,3.526083,2.680865,2.632255,3.890582,0.799261,0.085603,5.820927,5.917138,2.129064,4210.240234
2022-08-11,fold4 val,-0.443184,-0.740060,-1.436683,-0.687940,-0.718467,-2.624929,0.460850,-0.903818,-0.476621,-0.856516,-0.070547,4207.270020
2022-08-12,fold4 val,2.142577,1.703704,2.069115,2.361887,2.389789,4.675014,1.713491,2.034304,1.695878,4.274914,1.732237,4280.149902
2022-08-15,fold4 val,0.633350,0.534406,-0.257757,0.187502,0.328715,3.096360,0.421164,0.172909,0.216070,1.726396,0.396954,4297.140137
2022-08-16,fold4 val,-0.092386,-0.258972,1.117479,-0.301097,-0.311272,-0.891208,1.264773,0.271734,-0.785016,-0.803863,0.187568,4305.200195
2022-08-17,fold4 val,0.878471,-0.263596,-1.851079,-1.787613,-1.766623,-0.837233,-0.779385,-0.205102,-2.574224,-2.881527,-0.723779,4274.040039
2022-08-18,fold4 val,-0.229169,-0.394761,0.140744,0.448811,0.518594,-0.370622,0.003280,0.040357,2.388880,-0.108678,0.226956,4283.740234
2022-08-19,fold4 val,-1.510186,-1.385404,-2.860160,-2.267088,-2.463164,-2.048185,-2.297299,0.568607,-4.921983,-3.836017,-1.290000,4228.479980
2022-08-22,fold4 val,-2.302916,-2.935485,-3.624390,-2.582129,-2.533923,-2.276402,-2.889531,-0.683913,-2.923337,-4.566089,-2.140006,4137.990234
2022-08-23,fold4 val,-0.202935,-0.471677,0.300251,-0.260700,-0.332627,2.255850,0.332534,-1.610448,0.863002,-1.189809,-0.223786,4128.729980
2022-08-24,fold4 val,0.179393,-0.235125,0.134716,-0.061012,-0.149298,0.217013,1.336094,0.123204,1.334484,0.238621,0.291616,4140.770020
2022-08-25,fold4 val,1.492267,1.109553,2.600894,2.615522,2.603550,-0.345568,1.570597,0.952523,4.012331,3.381114,1.409161,4199.120117
2022-08-26,fold4 val,-3.769909,-3.858726,-4.756701,-5.437534,-5.409342,-2.695312,-2.740420,-2.274861,-4.147406,-3.898912,-3.368806,4057.659912
2022-08-29,fold4 val,-1.369031,-1.066835,-0.734231,-0.862558,-0.833782,-1.135058,-0.865630,0.098241,2.298986,-1.613302,-0.666636,4030.610107
2022-08-30,fold4 val,-1.530531,-0.852061,-0.816702,-0.389683,-0.438666,-2.499823,-0.706209,-1.308106,-1.262804,-3.805443,-1.102816,3986.159912
2022-08-31,fold4 val,-1.063520,-0.570400,-1.522566,-0.691481,-0.660919,-0.752620,-1.618676,-0.671340,3.671409,-0.747591,-0.781703,3955.000000
2022-09-01,fold4 val,0.470675,-0.409212,0.828274,1.282631,1.404550,0.562396,0.580486,0.899239,1.491437,0.790053,0.299623,3966.850098
2022-09-02,fold4 val,-1.361092,-1.666680,-0.242527,-1.691536,-1.722252,-2.507581,-1.685366,-1.459932,-3.047867,-1.709426,-1.073650,3924.260010
2022-09-06,fold4 val,-0.821528,-1.097394,-1.097954,-1.104148,-0.964310,1.558056,-0.388957,0.257594,-1.110293,-0.529881,-0.409506,3908.189941
2022-09-07,fold4 val,0.925401,1.911146,2.672266,2.791213,2.471676,3.381677,1.608884,0.772664,1.166886,0.545437,1.834102,3979.870117
2022-09-08,fold4 val,-0.961783,0.166614,0.262598,-0.959459,-0.977608,1.959816,0.818384,1.117537,1.041218,0.804528,0.661072,4006.179932
2022-09-09,fold4 val,1.883981,2.297693,2.657523,2.156823,2.094483,3.602289,0.857624,-0.289040,4.374910,0.193509,1.527145,4067.360107
2022-09-12,fold4 val,3.850783,0.828083,2.386128,0.080531,0.189783,1.581694,0.958820,1.317843,-0.112304,1.231262,1.058427,4110.410156
2022-09-13,fold4 val,-5.867934,-5.497822,-7.057528,-5.863965,-5.899334,-4.037188,-3.542339,-3.254583,-2.335815,-9.369091,-4.323661,3932.689941
2022-09-14,fold4 val,0.955530,0.091246,1.364141,0.531781,0.651834,3.587437,0.046716,-0.815243,2.454634,-3.175007,0.338701,3946.010010
2022-09-15,fold4 val,-1.892983,-2.711898,-1.765853,-1.860772,-1.990474,0.376727,-0.617772,2.577621,0.255079,-2.907752,-1.131774,3901.350098
2022-09-16,fold4 val,-1.096029,-0.260807,-2.177700,-0.259877,-0.106889,-0.131685,-0.683055,-0.361425,1.526549,-1.708318,-0.718213,3873.330078
2022-09-19,fold4 val,2.508307,-0.089910,0.914762,0.212299,0.262662,1.885611,1.506501,0.485586,-0.787624,-0.010722,0.685710,3899.889893
2022-09-20,fold4 val,1.566527,-0.846547,-1.981390,-1.945119,-1.872533,-0.110006,-0.652449,-0.143264,-0.787811,-0.815465,-1.127210,3855.929932
2022-09-21,fold4 val,-2.026751,-1.443616,-2.987152,-1.787287,-1.839021,-2.568595,-2.305782,-2.050483,-1.024440,-1.611860,-1.711649,3789.929932
2022-09-22,fold4 val,-0.637497,0.849566,-1.037627,0.559939,0.866234,-4.059173,-0.823661,1.050637,1.776082,-0.417810,-0.842758,3757.989990
2022-09-23,fold4 val,-1.512403,-1.269823,-3.009120,-1.392057,-1.398049,-4.594757,-0.275603,-0.744043,0.324959,-1.541211,-1.723262,3693.229980
2022-09-26,fold4 val,0.226016,-0.197545,1.204080,-0.363019,-0.577275,0.246985,-1.288412,-1.022162,-0.611813,-2.877281,-1.034053,3655.040039
2022-09-27,fold4 val,0.656647,-0.437978,-0.642638,-0.728676,-0.682470,2.510776,0.435076,0.001947,-0.458643,0.072671,-0.212036,3647.290039
2022-09-28,fold4 val,-1.265198,1.971143,3.146577,2.701602,2.615375,1.721211,2.376915,1.095657,0.860904,3.638902,1.967214,3719.040039
2022-09-29,fold4 val,-4.911880,-1.480906,-2.720108,-2.630536,-2.628693,-6.810050,-0.809483,-0.994276,-1.100007,-0.202553,-2.112644,3640.469971
2022-09-30,fold4 val,-3.003931,-1.936823,-1.567947,-1.977769,-1.816870,-1.103610,-0.949625,-0.744850,-0.711118,-1.544874,-1.506670,3585.620117
2022-10-03,fold4 val,3.075237,3.366232,2.548670,3.276132,3.125987,-8.614517,2.164632,2.073108,-0.097936,5.280054,2.588390,3678.429932
2022-10-04,fold4 val,2.562320,3.381262,4.496030,3.131922,3.041358,2.904294,2.818916,1.485902,1.482826,3.644466,3.058370,3790.929932
2022-10-05,fold4 val,0.205328,0.128573,-0.115616,-0.185521,-0.206614,-3.459752,-0.402868,0.745463,4.041147,-0.307954,-0.201795,3783.280029
2022-10-06,fold4 val,-0.662571,-0.967091,-0.537407,0.019552,-0.009849,-1.112908,-1.091777,-1.506440,2.966090,-1.938048,-1.024508,3744.520020
2022-10-07,fold4 val,-3.671851,-5.085293,-4.771409,-2.611505,-2.701644,-6.324276,-2.631099,-2.750750,-1.009206,-1.056175,-2.800362,3639.659912
2022-10-10,fold4 val,0.235569,-2.130300,-0.776885,-0.863712,-0.830969,-0.049312,-0.784276,-1.186515,-2.167668,0.131090,-0.749246,3612.389893
2022-10-11,fold4 val,-1.025535,-1.675027,-1.284419,-0.668611,-0.694872,-2.897384,0.142361,0.190456,-0.849873,1.446285,-0.651918,3588.840088
2022-10-12,fold4 val,-0.460473,0.150836,0.614921,0.254968,0.391020,0.341804,-1.238262,0.029999,0.438767,-0.024581,-0.329077,3577.030029
2022-10-13,fold4 val,3.361278,3.760804,1.434365,-0.327726,1.537517,2.062233,4.462121,1.990167,3.494902,1.512073,2.596564,3669.909912
2022-10-14,fold4 val,-3.223998,-2.424875,-2.537338,-2.523729,-5.003108,-7.545551,-1.127705,0.631475,-2.630812,-0.417784,-2.366266,3583.070068
2022-10-17,fold4 val,2.912295,3.924583,3.704459,6.445275,3.531495,7.005220,1.595326,1.705239,1.441676,1.295136,2.648005,3677.949951
2022-10-18,fold4 val,0.940941,0.408358,2.258546,0.605281,0.800238,0.382948,1.678588,0.063245,0.178888,-0.348150,1.142757,3719.979980
2022-10-19,fold4 val,0.076513,-0.846951,-1.108629,-1.084924,-1.131300,0.840179,-1.182241,-0.361935,2.966270,-0.795137,-0.667210,3695.159912
2022-10-20,fold4 val,-0.326732,-0.139548,0.156427,0.239305,0.341275,-6.647449,-1.728101,0.107621,0.134876,0.255001,-0.795091,3665.780029
2022-10-21,fold4 val,2.705909,2.528054,3.531453,0.944999,1.160330,3.454267,3.283008,2.466964,1.857009,2.180370,2.372482,3752.750000
2022-10-24,fold4 val,1.480289,2.118795,0.419041,1.468271,1.374486,-1.487597,1.759230,1.474508,0.699062,1.345495,1.188198,3797.340088
2022-10-25,fold4 val,1.933762,1.379171,0.650975,1.903477,1.911818,5.287573,0.612209,-0.254759,-0.675435,-0.157868,1.626665,3859.110107
2022-10-26,fold4 val,-1.962730,-7.715652,-4.096181,-9.534119,-9.241832,0.998112,-0.248929,0.546055,1.190030,0.878670,-0.738772,3830.600098
2022-10-27,fold4 val,-3.046540,-1.975604,-4.063639,-2.450196,-2.746272,0.200319,0.471377,-0.252212,0.382698,0.058041,-0.608261,3807.300049
2022-10-28,fold4 val,7.555267,4.022058,4.298074,4.413354,-6.804250,1.523838,3.363461,1.742324,2.928847,1.485721,2.462638,3901.060059
2022-10-31,fold4 val,-1.541027,-1.585621,-1.987989,-1.848598,-0.938015,-0.428851,-1.515205,0.709328,0.099374,-0.514674,-0.745440,3871.979980
2022-11-01,fold4 val,-1.754297,-1.705948,-4.394680,-4.274660,-5.515425,0.123061,-0.325322,-1.412254,0.992693,-0.505860,-0.410123,3856.100098
2022-11-02,fold4 val,-3.730489,-3.536828,-3.790066,-3.868662,-4.824877,-5.636033,-1.587738,-0.708895,-2.055233,-1.536771,-2.500199,3759.689941
2022-11-03,fold4 val,-4.240495,-2.657896,-4.111635,-4.070401,-3.061224,0.153504,-1.938087,0.033116,1.359376,0.170183,-1.058599,3719.889893
2022-11-04,fold4 val,-0.194730,3.332552,3.844778,3.775620,1.881299,-3.641260,1.275320,-1.000726,1.089095,0.445157,1.361872,3770.550049
2022-11-07,fold4 val,0.390220,2.926969,2.249142,2.206055,-0.494619,-5.007953,0.946186,1.272851,1.184240,0.874755,0.961398,3806.800049
2022-11-08,fold4 val,0.417514,0.438850,0.293297,0.463329,-0.607528,-2.932818,0.833931,1.473308,0.316792,0.497153,0.559789,3828.110107
2022-11-09,fold4 val,-3.319012,-1.905037,-1.698358,-1.777281,-4.267619,-7.166757,-1.353334,-2.240282,-4.473702,-0.799561,-2.077789,3748.570068
2022-11-10,fold4 val,8.897459,8.226813,7.745999,7.581339,12.177848,7.393437,5.040713,0.649219,1.469248,1.171341,5.543448,3956.370117
2022-11-11,fold4 val,1.926880,1.699730,2.718480,2.629319,4.305085,2.752726,2.150392,-4.059395,3.122163,-2.991913,0.924075,3992.929932
2022-11-14,fold4 val,-0.948572,-2.250008,-0.723660,-0.736463,-2.281975,-2.561619,-0.261526,0.291948,-1.595547,1.571638,-0.893578,3957.250000
2022-11-15,fold4 val,1.186937,0.173885,2.801204,2.863122,0.456904,1.817230,0.346382,0.670357,-2.090514,0.279215,0.871312,3991.729980
2022-11-16,fold4 val,-0.833086,0.182353,0.273506,0.416505,-1.839498,-3.857628,-0.393574,-1.068958,1.691807,0.620675,-0.825205,3958.790039
2022-11-17,fold4 val,1.297136,-0.020697,-0.495002,-0.495686,-2.337319,-2.006206,-0.427519,0.132865,0.740926,0.807128,-0.308932,3946.560059
2022-11-18,fold4 val,0.378170,-0.190321,-0.710664,-0.945514,-0.748549,-1.626902,1.079888,2.850718,-0.866813,0.766312,0.475858,3965.340088
2022-11-21,fold4 val,-2.168027,0.344072,-2.014306,-1.878265,-1.784577,0.141589,-6.837231,-2.416969,-0.990350,0.514088,-0.388369,3949.939941
2022-11-22,fold4 val,1.466125,1.231160,1.565253,1.516729,0.800344,1.465295,1.215231,1.140765,2.892663,0.483043,1.357999,4003.580078
2022-11-23,fold4 val,0.592651,1.040692,1.530876,1.452855,0.997854,7.821784,0.133007,1.265562,-0.499198,0.107421,0.591469,4027.260010
2022-11-25,fold4 val,-1.959379,-0.036357,-1.234564,-1.015629,-0.764893,-0.185588,0.395344,1.493264,-0.352082,0.129951,-0.028304,4026.120117
2022-11-28,fold4 val,-2.626401,-2.315248,-1.383189,-1.446751,0.578089,0.032811,-1.310526,-0.995099,-3.003273,0.050780,-1.544419,3963.939941
2022-11-29,fold4 val,-2.114861,-0.591488,-0.841565,-0.895364,-1.628525,-1.142574,0.593742,-0.802241,0.664801,-0.699262,-0.159187,3957.629883
2022-11-30,fold4 val,4.859389,6.162351,6.297162,6.093070,4.457913,7.670185,1.101133,3.742411,0.723705,1.084685,3.094787,4080.110107
2022-12-01,fold4 val,0.189169,-0.176380,-0.167569,0.000000,-1.077275,0.000000,-0.866293,-1.980801,-0.485002,0.415720,-0.086763,4076.570068
2022-12-02,fold4 val,-0.337138,0.129583,-0.444313,-0.544608,-1.434558,0.082180,0.098150,0.168151,-0.848385,0.078330,-0.119466,4071.699951
2022-12-05,fold4 val,-0.798308,-1.890044,-0.952101,-0.955802,-3.314560,-6.368677,-1.764981,-0.208899,-2.739847,-0.055907,-1.789421,3998.840088
2022-12-06,fold4 val,-2.537011,-2.030381,-2.563340,-2.513050,-3.032636,-1.441485,-0.898351,0.799953,-2.779594,-1.499048,-1.439919,3941.260010
2022-12-07,fold4 val,-1.378480,-0.305981,-2.219702,-2.103538,0.237959,-3.214333,-0.636816,0.665637,0.607609,-0.221410,-0.186237,3933.919922
2022-12-08,fold4 val,1.213256,1.239919,-1.261178,-1.295556,2.136558,-0.344743,0.055583,0.922807,0.742886,0.016921,0.752178,3963.510010
2022-12-09,fold4 val,-0.343493,-0.800321,-0.936668,-0.939074,-1.394579,3.234548,0.130731,-1.591461,-0.842752,-0.823922,-0.734958,3934.379883
2022-12-12,fold4 val,1.639019,2.888935,0.526480,0.517062,1.638800,1.651489,-6.271989,1.235163,2.462812,1.194946,1.427930,3990.560059
2022-12-13,fold4 val,0.678226,1.746474,2.447631,2.486355,2.142457,0.282541,-4.093678,-1.399625,1.093405,0.598198,0.728966,4019.649902
2022-12-14,fold4 val,-1.553563,0.116764,-0.563390,-0.585587,-0.983886,-0.973323,-2.578437,0.026006,-0.736590,-0.870223,-0.605272,3995.320068
2022-12-15,fold4 val,-4.685469,-3.191833,-4.312242,-4.428326,-3.417782,-2.386112,0.554844,-1.983819,-0.958100,-1.262776,-2.492167,3895.750000
2022-12-16,fold4 val,-1.457846,-1.734855,-0.372804,-0.660366,-0.667039,-0.632640,-4.718718,-0.754220,-0.701838,-1.025411,-1.113775,3852.360107
2022-12-19,fold4 val,-1.590952,-1.732816,-1.882007,-2.016376,-3.346235,0.010000,-0.239633,-0.019078,0.448902,-0.108153,-0.900752,3817.659912
2022-12-20,fold4 val,-0.052905,0.561454,0.538416,0.655810,0.317951,0.656601,-8.053641,-0.647457,1.445290,0.108271,0.103734,3821.620117
2022-12-21,fold4 val,2.380950,1.087671,0.691731,0.629068,1.854671,1.927155,-0.166906,1.409039,1.284088,1.144188,1.486799,3878.439941
2022-12-22,fold4 val,-2.377246,-2.552874,-2.204995,-2.031708,-3.434362,-1.666560,-8.882757,-0.085296,-2.017401,-0.365824,-1.445170,3822.389893
2022-12-23,fold4 val,-0.279803,0.226715,1.756181,1.675034,1.742450,1.255406,-1.755083,0.800625,2.644508,0.254184,0.586810,3844.820068
2022-12-27,fold4 val,-1.387844,-0.741424,-2.093280,-2.062094,-2.592374,-0.306699,0.127978,1.389418,-11.408853,-0.028174,-0.404962,3829.250000
2022-12-28,fold4 val,-3.068527,-1.025487,-1.671802,-1.567676,-1.469173,-0.693829,-0.665418,-1.642643,3.308892,-0.433952,-1.202064,3783.219971
2022-12-29,fold4 val,2.832444,2.762958,2.879935,2.824918,2.884381,1.855454,8.082691,0.270603,0.756606,0.509432,1.746133,3849.280029
2022-12-30,fold4 val,0.246879,-0.493745,-0.247319,-0.248737,-0.213828,-0.051771,1.116402,0.056617,1.007336,-0.512503,-0.254074,3839.500000
2023-01-03,fold4 val,-3.740469,-0.100078,1.093196,1.008740,2.166666,0.326970,-2.176620,-3.436081,0.871793,-12.242249,-0.400055,3824.139893
2023-01-04,fold4 val,1.031430,-4.374335,-1.103672,-1.166966,-0.792356,1.497204,-2.726360,5.124885,0.291069,1.088706,0.753897,3852.969971
2023-01-05,fold4 val,-1.060472,-2.963766,-2.186903,-2.134435,-2.372559,-0.524557,2.237379,-2.882057,-2.903910,-0.738320,-1.164553,3808.100098
2023-01-06,fold4 val,3.679430,1.178544,1.601931,1.322500,3.561115,1.850434,1.208675,2.465109,0.008162,0.810925,2.284078,3895.080078
2023-01-09,fold4 val,0.408876,0.973638,0.725970,0.778586,1.486987,-0.991560,5.934901,-1.863735,0.012242,-2.590848,-0.076763,3892.090088
2023-01-10,fold4 val,0.445624,0.761713,0.495465,0.454428,2.873171,0.259883,-0.768137,1.493495,-0.828473,-0.239199,0.697823,3919.250000
2023-01-11,fold4 val,2.111253,3.023814,3.384165,3.505993,5.808383,1.270741,3.676906,1.162679,1.522616,-0.159842,1.284942,3969.610107
2023-01-12,fold4 val,-0.059942,1.162143,-0.379381,-0.426126,0.189295,-0.449481,0.275926,1.661148,0.460091,-0.503215,0.341591,3983.169922
2023-01-13,fold4 val,1.011894,0.301870,0.968343,1.086359,2.991504,-0.404471,-0.938812,-0.061834,-1.230661,-0.327565,0.399686,3999.090088
2023-01-17,fold4 val,0.875650,0.468172,-0.689664,-0.901013,-2.109661,-0.875214,7.426474,-0.194417,-0.917123,0.342578,-0.203049,3990.969971
2023-01-18,fold4 val,-0.536998,-1.888926,-0.412326,-0.186201,-0.614268,-2.083465,-2.060998,-2.054365,-1.822388,-1.835964,-1.556260,3928.860107
2023-01-19,fold4 val,0.044362,-1.645383,2.320785,2.118090,-1.864654,-0.995776,-1.250195,0.641880,1.705021,0.119348,-0.763835,3898.850098
2023-01-20,fold4 val,1.922110,3.574367,5.718228,5.341185,3.810845,1.520160,4.914681,1.823559,0.487242,3.234709,1.891840,3972.610107
2023-01-23,fold4 val,2.350016,0.982425,1.944001,1.805773,0.277632,0.177500,7.742469,-0.520497,7.590108,-0.186961,1.188135,4019.810059
2023-01-24,fold4 val,1.006327,-0.222599,-1.976094,-2.094396,-1.230514,0.283479,0.097391,0.931160,0.375127,1.191827,-0.071150,4016.949951
2023-01-25,fold4 val,-0.470097,-0.590811,-2.499743,-2.538394,0.892858,0.192742,0.375282,0.301080,-0.527173,0.183084,-0.018172,4016.219971
2023-01-26,fold4 val,1.480342,3.071353,2.512159,2.415467,2.099198,-0.304579,10.967259,4.019078,2.478910,-0.004087,1.100785,4060.429932
2023-01-27,fold4 val,1.368426,0.064527,1.563127,1.897050,3.043738,11.000180,-0.572439,2.843161,-1.825757,-1.305640,0.249484,4070.560059
2023-01-30,fold4 val,-2.007821,-2.196170,-2.740562,-2.445400,-1.652968,-6.318151,-0.595150,-1.773198,-5.907205,-0.053475,-1.296874,4017.770020
2023-01-31,fold4 val,0.902132,2.101272,1.960200,1.959972,2.565882,3.936156,1.363356,2.157446,1.957000,2.758390,1.464247,4076.600098
2023-02-01,fold4 val,0.790044,1.993458,1.562024,1.608668,1.958697,4.728093,-0.304950,7.196625,-1.094735,-0.438718,1.045230,4119.209961
2023-02-02,fold4 val,3.706288,4.688428,7.266096,7.278686,7.379935,3.781490,0.415358,3.657515,3.893889,-3.128796,1.469937,4179.759766
2023-02-03,fold4 val,2.439971,-2.362040,-3.290448,-2.747354,-8.431498,0.908265,-1.074192,-2.805293,-1.186607,0.692735,-1.035461,4136.479980
2023-02-06,fold4 val,-1.792867,-0.611589,-1.663176,-1.794223,-1.170325,2.516054,-0.025937,-0.052124,-0.251997,-0.169749,-0.614046,4111.080078
2023-02-07,fold4 val,1.924468,4.202225,4.416741,4.606383,-0.068506,1.052579,1.471974,5.140136,2.988282,2.855109,1.287251,4164.000000
2023-02-08,fold4 val,-1.765298,-0.310224,-7.441687,-7.682998,-2.017430,2.276305,-1.434639,0.144326,-0.870187,-4.274081,-1.108072,4117.859863
2023-02-09,fold4 val,-0.691122,-1.165986,-4.539996,-4.387640,-1.809101,2.995685,-0.411702,0.594449,0.377451,-3.003872,-0.882980,4081.500000
2023-02-10,fold4 val,0.245593,-0.197241,-0.628541,-0.463117,-0.641284,-5.030874,0.872375,-4.799230,4.215136,-2.118913,0.219526,4090.459961
2023-02-13,fold4 val,1.880665,3.124275,0.147603,0.042293,1.977257,-1.142770,1.242368,2.459469,-0.388980,3.031853,1.144861,4137.290039
2023-02-14,fold4 val,-0.422477,0.313307,-0.052647,0.074008,0.160735,7.506166,-0.940263,5.429577,-1.171481,0.027872,-0.028041,4136.129883
2023-02-15,fold4 val,1.390348,-0.799290,2.264336,2.386983,1.464400,2.384710,-0.373244,-0.901136,-0.300635,-1.292623,0.277318,4147.600098
2023-02-16,fold4 val,-1.042963,-2.662290,-1.359410,-1.475145,-2.975486,-5.694554,-0.468305,-3.347372,-0.292918,-2.664248,-1.378874,4090.409912
2023-02-17,fold4 val,-0.754651,-1.560155,-1.242437,-1.214538,-0.967911,3.103348,0.019468,-2.790663,-3.845150,-1.028076,-0.276741,4079.090088
2023-02-21,fold4 val,-2.667986,-2.088671,-2.685256,-2.713314,-2.695468,-5.251789,-1.790809,-3.427160,-0.098872,-1.556878,-2.004123,3997.340088
2023-02-22,fold4 val,0.289595,-0.459101,-0.271595,-0.152521,1.279339,1.768255,0.145350,0.479316,-1.295322,-0.492546,-0.157356,3991.050049
2023-02-23,fold4 val,0.329072,1.296175,-0.795209,-0.829219,0.031317,0.602413,-0.029686,14.021381,0.920468,0.572722,0.532943,4012.320068
2023-02-24,fold4 val,-1.800527,-2.178440,-1.888661,-1.936430,-2.421206,-2.568418,0.313453,-1.597367,0.009039,-1.496882,-1.053755,3970.040039
2023-02-27,fold4 val,0.824747,0.377197,0.839390,0.830274,0.278077,5.460179,0.210517,0.923299,-0.180577,-0.208520,0.307300,3982.239990
2023-02-28,fold4 val,-0.344788,-0.295826,0.221972,0.211400,0.501281,-0.924721,0.170678,-1.212697,-0.578942,-0.250182,-0.303600,3970.149902
2023-03-01,fold4 val,-1.424613,-1.262919,0.232551,0.333112,-2.186146,-1.429198,-0.183497,-2.231218,0.891632,-0.868873,-0.472526,3951.389893
2023-03-02,fold4 val,0.412931,1.965318,1.988748,1.814972,-0.043399,-5.853928,1.027511,2.713868,0.459910,0.640067,0.758219,3981.350098
2023-03-03,fold4 val,3.508986,1.664609,1.852444,1.793484,3.006626,3.609219,1.527218,2.470622,6.142218,1.265715,1.614774,4045.639893
2023-03-06,fold4 val,1.853956,0.618891,1.659215,1.580344,-1.211803,-2.012233,1.446628,-1.406416,-0.188943,0.886441,0.068717,4048.419922
2023-03-07,fold4 val,-1.449635,-1.058894,-1.475184,-1.335020,-0.213330,-3.147408,-1.845602,-1.112567,-0.210920,-1.933049,-1.532692,3986.370117
2023-03-08,fold4 val,0.837700,-0.177069,0.509723,0.415519,0.395505,-3.041930,0.080355,3.834599,0.249299,-1.460440,0.141479,3992.010010
2023-03-09,fold4 val,-1.491424,-0.543932,-2.102499,-2.047758,-1.778107,-4.989012,-2.103603,-3.080915,-1.773262,-0.772869,-1.845936,3918.320068
2023-03-10,fold4 val,-1.387897,-1.478285,-1.780690,-1.830583,-1.647693,0.300720,-0.390395,-2.009732,-1.199839,-1.237051,-1.447814,3861.590088
2023-03-13,fold4 val,1.326594,2.144082,0.714195,0.529630,1.873688,0.599627,-0.247011,0.004358,0.774330,-1.150479,-0.150976,3855.760010
2023-03-14,fold4 val,1.408916,2.705586,2.825658,3.139059,2.650651,5.032095,0.808895,4.776620,7.252631,0.375440,1.647666,3919.290039
2023-03-15,fold4 val,0.262140,1.783038,2.440326,2.277321,1.391231,-1.533339,-2.439977,0.685693,1.922488,-4.974747,-0.698088,3891.929932
2023-03-16,fold4 val,1.869421,4.053661,4.681507,4.380408,3.991688,2.039351,1.386466,5.419360,3.630837,3.494744,1.756201,3960.280029
2023-03-17,fold4 val,-0.545413,1.169433,1.375280,1.295850,-1.089568,-2.172378,-2.814476,0.720404,-4.547883,-0.533885,-1.101946,3916.639893
2023-03-20,fold4 val,1.548396,-2.576659,-0.517272,-0.393626,-1.253156,1.732080,2.572310,0.680271,1.124670,1.588930,0.891840,3951.570068
2023-03-21,fold4 val,1.194410,0.569347,3.835951,3.655403,2.967968,7.819919,0.926728,1.154438,2.199096,2.702585,1.298219,4002.870117
2023-03-22,fold4 val,-0.910343,-0.544252,-1.530581,-1.477304,-1.898423,-3.254382,-1.355931,1.026769,-1.162469,-2.288868,-1.646322,3936.969971
2023-03-23,fold4 val,0.696947,1.972202,1.957397,2.157296,0.010134,0.559774,2.731591,-0.453747,2.237135,-1.128198,0.298453,3948.719971
2023-03-24,fold4 val,0.830571,1.048045,-0.188222,-0.151516,-0.587582,-0.941628,-1.515197,0.184341,0.846890,-0.052700,0.563981,3970.989990
2023-03-27,fold4 val,-1.229353,-1.493407,-2.828612,-2.826260,-0.091711,0.735252,1.077212,-0.926105,-1.538778,-1.013529,0.164695,3977.530029
2023-03-28,fold4 val,-0.398033,-0.416095,-1.649512,-1.395665,-0.815997,-1.365933,0.059573,-0.456069,-1.064868,1.247637,-0.157384,3971.270020
2023-03-29,fold4 val,1.979094,1.918426,0.532764,0.356329,3.095436,2.478991,0.985704,2.173409,2.327104,1.717687,1.423727,4027.810059
2023-03-30,fold4 val,0.988978,1.261966,-0.569190,-0.493143,1.745636,0.722093,1.478660,-0.072061,1.212548,0.486428,0.571527,4050.830078
2023-03-31,fold4 val,1.564424,1.496214,2.645077,2.814942,1.264707,6.237202,1.438855,1.209520,1.972667,0.155269,1.443654,4109.310059
2023-04-03,fold4 val,0.770173,-0.371148,0.875019,0.607346,-0.851967,-6.116843,0.676816,0.498756,0.533184,5.900039,0.369885,4124.509766
2023-04-04,fold4 val,-0.324978,-0.017407,0.200151,0.344966,1.503753,-1.124404,-1.830857,-0.399597,0.774386,-0.955835,-0.579697,4100.600098
2023-04-05,fold4 val,-1.129022,-0.988923,-0.161704,-0.238731,-2.741701,-3.666008,0.427090,-2.083567,-1.508947,1.712764,-0.249237,4090.379883
2023-04-06,fold4 val,0.549580,2.553279,3.763685,3.780988,0.949554,-0.247955,0.683010,0.580348,2.184607,-1.658256,0.357916,4105.020020
2023-04-10,fold4 val,-1.597224,-0.757872,-1.790625,-1.826236,0.107780,-0.297203,0.035194,2.004651,-0.624701,-0.443273,0.099630,4109.109863
2023-04-11,fold4 val,-0.759113,-2.266862,-0.776056,-1.024053,-2.202212,1.235705,0.345473,-1.486637,-0.419099,0.707160,-0.004135,4108.939941
2023-04-12,fold4 val,-0.435328,0.233364,-0.848118,-0.673945,-2.091670,-3.346004,0.270952,-2.480766,0.070129,-0.104039,-0.413488,4091.949951
2023-04-13,fold4 val,3.410365,2.239941,2.822655,2.666300,4.671368,2.968872,1.112701,-0.120791,2.967312,0.468624,1.326269,4146.220215
2023-04-14,fold4 val,-0.211406,-1.276558,1.173871,1.340396,0.107422,-0.484128,0.531364,1.114766,0.517347,0.241876,-0.206937,4137.640137
2023-04-17,fold4 val,0.012118,0.929595,-2.777276,-2.663714,0.224364,1.102699,1.266660,0.911887,-1.187418,-1.163286,0.330616,4151.319824
2023-04-18,fold4 val,0.750446,-0.148873,-1.221576,-1.387195,-0.428260,-1.459579,0.259426,2.462775,-0.443202,1.952911,0.085522,4154.870117
2023-04-19,fold4 val,0.696844,0.027726,-0.095135,-0.306222,1.955034,-2.018339,-0.474389,0.954211,-1.005091,-0.316402,-0.008426,4154.520020
2023-04-20,fold4 val,-0.584636,-0.811233,0.837942,1.065460,-0.469804,0.225947,-2.960870,-9.745828,-1.219277,-0.797802,-0.595255,4129.790039
2023-04-21,fold4 val,-0.978083,-0.122306,0.009447,0.113975,3.034391,0.157489,0.055346,1.282285,-0.084502,0.319959,0.090319,4133.520020
2023-04-24,fold4 val,0.187862,-1.396296,0.821454,0.531270,-0.701197,0.530324,-0.283937,-1.532589,-0.046983,1.887763,0.085158,4137.040039
2023-04-25,fold4 val,-0.943570,-2.253592,-2.032226,-2.000585,-3.427172,-0.524457,-1.156570,-2.962070,-2.462506,-1.421327,-1.581086,4071.629883
2023-04-26,fold4 val,-0.006117,7.243483,-0.152936,-0.134809,2.349619,-1.174692,2.724750,-4.306964,0.891365,-0.918290,-0.384119,4055.989990
2023-04-27,fold4 val,2.839517,3.202753,3.752989,3.741204,4.610398,1.778308,1.001632,4.188619,13.925486,1.195319,1.956615,4135.350098
2023-04-28,fold4 val,0.754112,0.797153,-0.138405,-0.232355,-3.979241,0.711148,1.920977,2.571943,0.737771,1.292481,0.825320,4169.479980
2023-05-01,fold4 val,-0.053044,-0.553264,-0.471280,-0.130433,-3.224271,0.493083,4.183934,-1.509340,1.190071,-3.101238,-0.038611,4167.870117
2023-05-02,fold4 val,-0.619119,-0.049089,-1.606165,-1.753734,1.548255,-1.305397,-2.421329,-0.939260,-1.620192,-3.985351,-1.158626,4119.580078
2023-05-03,fold4 val,-0.646752,-0.330708,0.132123,0.085459,0.019303,-0.810159,-1.446290,0.187139,-0.923754,-1.970929,-0.699831,4090.750000
2023-05-04,fold4 val,-0.991311,0.331805,-0.857539,-0.683038,0.337673,-0.996226,-0.863240,0.367347,-1.480826,-0.537261,-0.721873,4061.219971
2023-05-05,fold4 val,4.692676,1.715735,0.955244,0.840569,1.596157,1.212502,4.056309,5.496278,-0.316893,2.249842,1.847475,4136.250000
2023-05-08,fold4 val,-0.040339,-0.643837,1.906514,2.083916,0.160892,1.642235,0.697792,1.017286,0.210492,0.395654,0.045213,4138.120117
2023-05-09,fold4 val,-0.997117,-0.534574,-0.277171,-0.389702,0.746481,-0.389409,-1.989633,-1.536760,0.042865,0.027497,-0.457942,4119.169922
2023-05-10,fold4 val,1.042089,1.729634,4.020752,4.098737,3.348340,1.099045,-0.578695,-0.360627,-0.124260,-1.282754,0.448397,4137.640137
2023-05-11,fold4 val,0.109480,-0.704432,4.114714,4.313185,1.805970,-0.108355,-1.062853,2.100397,1.162688,1.303421,-0.169662,4130.620117
2023-05-12,fold4 val,-0.541766,-0.367601,0.872547,0.806394,-1.711533,-0.046499,-0.832816,-2.382616,-0.839719,0.505368,-0.158331,4124.080078
2023-05-15,fold4 val,-0.289745,0.158586,-0.814121,-0.850995,0.852526,2.163034,0.322493,-0.970347,2.159855,-0.889624,0.295816,4136.279785
2023-05-16,fold4 val,0.000000,0.736787,2.676122,2.574889,1.978421,0.898009,0.068000,0.102193,-0.016736,-1.466518,-0.637768,4109.899902
2023-05-17,fold4 val,0.360336,0.945152,1.157474,1.112874,1.851851,3.303313,1.124329,4.407877,1.536733,1.061022,1.189083,4158.770020
2023-05-18,fold4 val,1.366591,1.439490,1.679282,1.646808,2.294374,4.970518,0.723906,1.742781,1.798015,1.962418,0.944505,4198.049805
2023-05-19,fold4 val,0.062838,-0.056530,-0.218573,-0.056998,-1.608127,-1.306909,1.837300,0.191049,-0.490193,-0.182905,-0.144587,4191.979980
2023-05-22,fold4 val,-0.548068,0.892126,2.125757,1.865444,-1.066665,-0.281465,4.846228,-0.381370,1.091037,0.949225,0.015503,4192.629883
2023-05-23,fold4 val,-1.515499,-1.843188,-2.049741,-1.991216,-0.017393,-1.565317,-1.641336,-1.829070,-0.636279,-1.454338,-1.122203,4145.580078
2023-05-24,fold4 val,0.163228,-0.447259,-1.338304,-1.354429,1.530570,-0.488800,-1.544927,-0.900614,1.001068,1.118396,-0.731860,4115.240234
2023-05-25,fold4 val,0.669224,3.845798,2.227877,2.134000,-1.498929,24.369672,0.858397,-0.368527,1.396394,-1.793833,0.875758,4151.279785
2023-05-26,fold4 val,1.410476,2.138566,0.868525,0.915126,4.443479,2.543422,4.716212,0.495272,3.700202,2.359031,1.304909,4205.450195
2023-05-30,fold4 val,1.065954,-0.504692,-0.629831,-0.754376,1.290486,2.991343,4.136256,0.495944,0.183146,-0.346821,0.001660,4205.520020
2023-05-31,fold4 val,-0.028195,-0.851412,-1.018937,-0.646857,-0.887721,-5.676766,1.377008,-0.344522,0.838054,1.540077,-0.610862,4179.830078
2023-06-01,fold4 val,1.602267,1.275919,0.810562,0.691781,1.816217,5.117085,1.760414,2.980497,0.635358,1.311476,0.985445,4221.020020
2023-06-02,fold4 val,0.477523,0.847886,0.691490,0.767859,1.205509,-1.113910,3.108133,1.968314,0.000000,1.205342,1.453442,4282.370117
2023-06-05,fold4 val,-0.757118,0.161037,1.117943,1.074838,0.845073,-0.396654,1.701173,-0.273165,-0.447504,-0.278225,-0.200358,4273.790039
2023-06-06,fold4 val,-0.206032,-0.672758,1.010825,1.031667,1.045489,-1.319866,1.700288,1.469967,-0.099507,-2.131725,0.235390,4283.850098
2023-06-07,fold4 val,-0.775633,-3.086785,-3.885541,-3.778193,-4.249267,-3.040097,1.473051,0.602864,-2.773654,-2.168139,-0.381201,4267.520020
2023-06-08,fold4 val,1.546515,0.581371,-0.219623,-0.293870,2.491130,2.761833,4.582087,0.158010,0.371728,-0.313272,0.618864,4293.930176
2023-06-09,fold4 val,0.215975,0.470391,0.163043,0.073697,-0.659960,4.061992,0.675170,-0.196459,0.139884,0.549304,0.114806,4298.859863
2023-06-12,fold4 val,1.563881,1.548412,1.204510,1.153566,2.543952,2.221771,1.836438,-0.504042,2.302289,-0.208657,0.932115,4338.930176
2023-06-13,fold4 val,-0.261162,0.735262,0.064338,0.153666,0.071110,3.554413,3.900537,0.836333,0.099643,-0.259860,0.693249,4369.009766
2023-06-14,fold4 val,0.349123,0.912364,-0.040183,-0.129229,-0.189488,4.814478,-0.742137,-0.145670,0.748194,0.619717,0.081943,4372.589844
2023-06-15,fold4 val,1.119879,3.189691,1.133620,1.148224,0.545802,-0.800050,-0.346592,1.167018,3.102230,0.694166,1.217814,4425.839844
2023-06-16,fold4 val,-0.585982,-1.657587,-1.375302,-1.247102,-1.274489,0.091433,1.813214,-0.444356,-0.294507,-0.717719,-0.367162,4409.589844
2023-06-20,fold4 val,0.048672,-1.250257,-0.169274,-0.348077,0.231095,5.338913,2.614068,0.106416,1.185058,0.861846,-0.473511,4388.709961
2023-06-21,fold4 val,-0.567537,-1.328202,-2.091244,-2.071492,-0.755285,-1.741675,-5.461840,-0.017725,-0.946067,-1.664563,-0.524528,4365.689941
2023-06-22,fold4 val,1.652519,1.843735,2.152399,2.156782,4.261790,1.984889,-0.046482,1.150403,-0.487284,0.482432,0.371080,4381.890137
2023-06-23,fold4 val,-0.171117,-1.380603,-0.686192,-0.657743,-0.630036,-1.896554,-3.027089,1.351461,-0.507476,-0.845039,-0.765881,4348.330078
2023-06-26,fold4 val,-0.755281,-1.916287,-3.194610,-3.269570,-1.546432,-3.736178,-6.060017,-0.337063,-3.553513,-2.707661,-0.448684,4328.819824
2023-06-27,fold4 val,1.505884,1.816788,-0.067174,-0.008448,1.452910,3.061642,3.800043,3.081111,0.365139,0.730598,1.145585,4378.410156
2023-06-28,fold4 val,0.632790,0.382575,1.739354,1.563421,-0.108375,2.409969,-1.812517,-0.613127,-0.354864,0.426581,-0.035408,4376.859863
2023-06-29,fold4 val,0.179646,-0.238189,-0.883706,-0.898643,-0.883441,0.491730,-0.717457,0.825979,-1.317966,1.233416,0.447354,4396.439941
2023-06-30,fold4 val,2.310255,1.638572,0.799917,0.503766,1.923377,1.658248,3.625506,1.935851,1.213973,1.734385,1.226900,4450.379883
2023-07-03,fold4 val,-0.778446,-0.748805,-0.338925,0.167095,-0.107394,6.895373,0.262381,0.293255,-0.334513,0.206335,0.117068,4455.589844
2023-07-05,fold4 val,-0.587160,0.047292,1.716992,1.542955,0.122872,0.950612,-0.226329,2.919377,-0.128656,0.621944,-0.196832,4446.819824
2023-07-06,fold4 val,0.250878,0.922701,-1.386292,-1.347036,-1.549321,-2.102805,-0.505724,-0.808517,-0.029279,-0.238041,-0.792251,4411.589844
2023-07-07,fold4 val,-0.589125,-1.186732,-0.653262,-0.524513,1.106262,-0.763006,0.950044,-0.500019,-0.164001,-1.017257,-0.286510,4398.950195
2023-07-10,fold4 val,-1.085591,-1.598373,-2.721825,-2.535998,-2.041918,-1.756370,-0.759943,1.228795,0.067472,0.723190,0.240503,4409.529785
2023-07-11,fold4 val,-0.281008,0.192867,0.718751,0.592534,1.297885,0.066772,0.533447,1.424709,0.656638,1.003527,0.674221,4439.259766
2023-07-12,fold4 val,0.898550,1.422679,1.622635,1.528090,1.568570,0.815442,3.530219,3.704423,0.576641,0.690090,0.741123,4472.160156
2023-07-13,fold4 val,0.405769,1.619232,4.355447,4.717061,2.675841,4.726460,2.172875,1.315707,-0.524105,0.454152,0.847015,4510.040039
2023-07-14,fold4 val,0.078706,0.752923,0.696937,0.706587,0.282941,1.252253,-1.104903,-1.448575,-0.713166,-0.061658,-0.102441,4505.419922
2023-07-17,fold4 val,1.730558,0.141942,-0.509130,-0.613918,-0.831597,3.198522,2.181705,0.566573,0.926443,0.341361,0.385538,4522.790039
2023-07-18,fold4 val,-0.134001,3.979975,-0.783628,-0.714008,-0.546568,1.019351,2.223377,0.460376,0.316629,-1.319754,0.711728,4554.979980
2023-07-19,fold4 val,0.707156,-1.226752,-1.047718,-1.397866,1.904689,-0.709070,-0.878017,1.269040,-0.842649,-0.246798,0.235791,4565.720215
2023-07-20,fold4 val,-1.009736,-2.312128,-2.647011,-2.319100,-3.989357,-3.307345,-9.737010,-4.268859,1.220685,0.107204,-0.675690,4534.870117
2023-07-21,fold4 val,-0.616170,-0.893721,0.652550,0.687920,0.030774,-2.660369,-1.095475,-2.730403,-0.245225,0.454150,0.032409,4536.339844
2023-07-24,fold4 val,0.422014,0.389790,1.304961,1.258116,-0.923075,0.683829,3.476659,1.119272,-0.900561,0.424463,0.403415,4554.640137
2023-07-25,fold4 val,0.451365,1.700925,0.746659,0.559534,0.256213,2.391744,-1.404891,0.980765,-0.586339,0.442307,0.281467,4567.459961
2023-07-26,fold4 val,0.454480,-3.763762,5.594888,5.776955,-0.758934,-0.496949,-0.350570,1.392329,0.638702,-0.573462,-0.015544,4566.750000
2023-07-27,fold4 val,-0.658097,-2.087204,0.161969,0.100560,0.078038,0.985654,-3.268394,4.400954,-0.140077,-0.545265,-0.642467,4537.410156
2023-07-28,fold4 val,1.350794,2.313117,2.417812,2.457483,3.087725,1.851855,4.196158,4.417584,0.143139,-0.459209,0.987784,4582.229980
2023-07-31,fold4 val,0.316609,-0.724026,0.075193,0.105613,1.111857,-0.044927,0.371562,-2.113779,0.614618,0.688001,0.146871,4588.959961
2023-08-01,fold4 val,-0.427595,0.125009,-0.916538,-0.881551,-1.488622,-0.475072,-2.378187,1.290008,0.085242,-0.321896,-0.266509,4576.729980
2023-08-02,fold4 val,-1.548993,-2.628303,-2.464186,-2.409749,-2.642566,-4.812161,-2.665954,-2.602965,-0.303755,0.011884,-1.383954,4513.390137
2023-08-03,fold4 val,-0.732166,-0.256475,0.101054,0.054528,0.545977,0.555667,2.050296,-0.356320,0.746034,0.011883,-0.254797,4501.890137
2023-08-04,fold4 val,-4.802004,0.342859,-0.178591,-0.264686,8.269338,0.370675,-2.105509,-0.785460,-1.079678,-0.421885,-0.530007,4478.029785
2023-08-07,fold4 val,-1.725368,0.710847,2.645082,2.669569,1.898684,1.649491,-0.949344,1.876202,3.597245,1.593303,0.902409,4518.439941
2023-08-08,fold4 val,0.531158,-1.229905,-0.075802,-0.098844,-1.603149,-1.657949,-0.695963,-1.238298,0.317178,6.065989,-0.421828,4499.379883
2023-08-09,fold4 val,-0.895452,-1.171583,-1.281849,-1.324192,-1.493495,-4.724176,-3.007607,-2.376547,-1.569852,0.887640,-0.703873,4467.709961
2023-08-10,fold4 val,-0.123452,0.217223,0.046098,0.023155,0.515046,-0.390077,1.300629,0.173652,-0.290480,-0.929249,0.025071,4468.830078
2023-08-11,fold4 val,0.033762,-0.594548,-0.030710,-0.100270,-0.108252,-3.616606,-1.096439,-1.340986,0.383774,1.331172,-0.106969,4464.049805
2023-08-14,fold4 val,0.939314,0.943897,1.275255,1.366171,1.560583,7.093382,-1.191016,1.508395,0.036279,2.058256,0.575048,4489.720215
2023-08-15,fold4 val,-1.120031,-0.672766,-1.183355,-1.180206,-2.063035,0.427391,-2.836164,-1.384742,-1.110246,1.602228,-1.155091,4437.859863
2023-08-16,fold4 val,-0.495888,-0.242844,-0.890459,-0.832181,-1.888568,-1.033225,-3.159341,-0.110018,-2.536845,-0.069530,-0.755540,4404.330078
2023-08-17,fold4 val,-1.455540,-1.098610,1.045632,0.947902,-0.806998,-0.326537,-2.828016,-0.259801,-3.126175,-1.570747,-0.771291,4370.359863
2023-08-18,fold4 val,0.281617,-0.126258,-1.801323,-1.893451,-0.567245,-0.103817,-1.701485,-0.178376,-0.645418,1.631158,-0.014871,4369.709961
2023-08-21,fold4 val,0.773693,1.706282,0.640083,0.713942,1.095925,8.471336,7.327483,-0.133311,2.347757,0.662486,0.687919,4399.770020
2023-08-22,fold4 val,0.790470,0.180167,0.589455,0.553089,-0.319270,-2.765771,0.825840,-0.431705,-0.793363,0.656302,-0.277747,4387.549805
2023-08-23,fold4 val,2.194897,1.407945,2.714174,2.548818,0.945999,3.170701,1.573823,1.052572,2.308757,-0.054208,1.104488,4436.009766
2023-08-24,fold4 val,-2.617039,-2.149836,-2.094439,-1.956622,-2.715472,0.099753,-2.879341,0.011285,-2.545574,-0.968611,-1.345797,4376.310059
2023-08-25,fold4 val,1.264307,0.940699,0.207027,0.077044,1.077062,-2.427755,3.716746,0.460063,-0.435904,1.031045,0.671797,4405.709961
2023-08-28,fold4 val,0.884617,0.222924,0.841672,0.870026,-0.090046,1.775406,0.096404,-0.106764,1.667262,0.048751,0.626462,4433.310059
2023-08-29,fold4 val,2.181010,1.455069,2.807497,2.717373,1.329431,4.161407,7.687792,0.770643,2.663122,-0.003611,1.450831,4497.629883
2023-08-30,fold4 val,1.917246,0.115691,1.062816,0.973449,0.118600,0.983921,-0.108873,0.773114,-0.969830,-1.066991,0.383318,4514.870117
2023-08-31,fold4 val,0.117227,-0.313254,0.306728,0.213420,2.176640,0.184726,0.459320,-0.238184,0.267702,1.133233,-0.159694,4507.660156
2023-09-01,fold4 val,0.846349,0.274569,-0.400441,-0.374540,0.079705,-1.714110,-5.064318,0.627423,0.165596,0.525101,0.179913,4515.770020
2023-09-05,fold4 val,0.126662,1.487875,-0.065791,0.081108,-0.615400,0.080395,4.685521,-0.549023,1.271995,0.193848,-0.419418,4496.830078
2023-09-06,fold4 val,-3.579326,-0.200859,-0.980174,-0.964902,-1.391421,-3.054977,-1.781743,0.332902,-0.326472,0.315318,-0.697160,4465.479980
2023-09-07,fold4 val,-2.924946,-0.892235,0.613129,0.595011,1.839543,-1.742412,-0.170686,0.035937,-0.167115,2.371609,-0.321127,4451.140137
2023-09-08,fold4 val,0.349177,1.321565,0.734202,0.828018,0.275654,-1.446751,-1.188916,0.373136,-0.261173,2.307982,0.142662,4457.490234
2023-09-11,fold4 val,0.662256,1.097921,0.393615,0.395965,3.523121,-0.864564,10.092550,3.246152,0.652622,1.551692,0.672345,4487.459961
2023-09-12,fold4 val,-1.706049,-1.825763,-1.212427,-1.153960,-1.306786,-0.681757,-2.229686,0.618300,-1.918323,0.627974,-0.569589,4461.899902
2023-09-13,fold4 val,-1.185493,1.293087,1.050928,1.012242,2.563202,1.370639,1.428135,0.010878,1.127103,-0.070061,0.124163,4467.439941
2023-09-14,fold4 val,0.878259,0.785548,1.083643,1.016769,-0.089751,0.211043,1.747151,2.183186,0.456743,-1.213934,0.842992,4505.100098
2023-09-15,fold4 val,-0.415396,-2.503687,-0.496455,-0.506893,-2.991986,-0.597737,-3.687941,-0.443847,-3.660344,-2.696043,-1.215961,4450.319824
2023-09-18,fold4 val,1.691333,-0.351300,0.477213,0.589533,-0.292046,0.150359,-3.320097,0.698637,0.745872,-0.760870,0.072129,4453.529785
2023-09-19,fold4 val,0.618085,-0.124574,-0.093544,-0.123022,-1.678805,0.459892,-1.014428,0.013503,0.832956,0.644160,-0.215101,4443.950195
2023-09-20,fold4 val,-1.999210,-2.397683,-3.054101,-3.115034,-1.700219,-1.467168,-2.943487,-0.987909,-1.770087,-0.925276,-0.939479,4402.200195
2023-09-21,fold4 val,-0.888958,-0.386575,-2.399891,-2.467472,-4.405345,-2.623862,-2.893060,-0.965053,-1.314789,-3.424963,-1.640093,4330.000000
2023-09-22,fold4 val,0.494462,-0.788662,-0.083712,-0.145667,-0.162380,1.445756,-4.231518,-0.858840,1.132788,0.074511,-0.229560,4320.060059
2023-09-25,fold4 val,0.738026,0.167191,0.700936,0.660272,1.665125,1.470806,0.861647,0.430361,0.585109,0.317900,0.402306,4337.439941
2023-09-26,fold4 val,-2.339826,-1.700576,-2.057952,-1.937294,-4.029863,-0.736592,-1.161995,-0.633098,-0.621596,-0.412840,-1.473453,4273.529785
2023-09-27,fold4 val,-0.889768,0.208232,1.552730,1.532234,0.000000,1.328994,-1.482875,-0.456295,-0.408082,0.153908,0.022931,4274.509766
2023-09-28,fold4 val,0.152555,0.271754,1.270357,1.355914,0.000000,1.462299,2.444908,2.089074,-0.201241,-0.607316,0.589317,4299.700195
2023-09-29,fold4 val,0.304646,0.672744,-0.961478,-1.095917,0.904905,0.951519,1.558567,-1.233712,-1.893242,-1.581996,-0.270958,4288.049805
2023-10-02,fold4 val,1.483576,1.916059,2.518013,2.529404,1.840783,2.949482,0.551517,2.201792,-0.633743,1.706320,0.007937,4288.390137
2023-10-03,fold4 val,-0.776997,-2.613414,-1.383438,-1.296842,-3.661367,-2.824790,-2.015106,-1.916427,-1.447937,-1.992924,-1.374407,4229.450195
2023-10-04,fold4 val,0.730864,1.777341,2.228061,2.121872,1.828094,1.204123,5.934371,1.541815,0.189480,1.950669,0.810976,4263.750000
2023-10-05,fold4 val,0.719808,0.125395,-0.205487,-0.125701,-0.818898,1.469093,-0.425033,-0.258521,0.398614,1.885348,-0.130403,4258.189941
2023-10-06,fold4 val,1.475031,2.473709,2.014857,1.858286,1.587806,2.403310,0.184584,3.490924,0.370950,4.384283,1.181489,4308.500000
2023-10-09,fold4 val,0.845125,0.782250,0.555032,0.610573,0.234445,-1.068566,-0.330091,0.928896,-0.256968,1.157078,0.630385,4335.660156
2023-10-10,fold4 val,-0.335224,-0.433552,-0.215072,-0.260094,0.951194,1.159642,1.521154,1.093093,0.900271,1.320475,0.520799,4358.240234
2023-10-11,fold4 val,0.790415,1.227219,1.796002,1.803570,1.814957,2.200958,-0.238982,1.858068,-0.037298,4.482929,0.429301,4376.950195
2023-10-12,fold4 val,0.506127,-0.379078,-0.995074,-1.124146,0.379276,0.296991,-1.566598,-1.116468,-0.794992,0.862426,-0.624643,4349.609863
2023-10-13,fold4 val,-1.029279,-1.035725,-1.218881,-1.158530,-1.919450,-3.161159,-2.993781,-2.921391,-0.164904,-0.212941,-0.501886,4327.779785
2023-10-16,fold4 val,-0.072704,1.498167,1.378240,1.266736,2.126520,1.394615,1.115006,2.052838,0.330353,1.221260,1.059437,4373.629883
2023-10-17,fold4 val,-0.878465,-0.174367,0.355902,0.445730,-0.814788,-4.679492,0.366260,0.887418,-0.242612,-1.350872,-0.009825,4373.200195
2023-10-18,fold4 val,-0.739473,-0.587250,-1.212840,-1.259650,-2.540501,-3.964669,-4.775363,-2.169746,-1.302875,-0.175883,-1.339982,4314.600098
2023-10-19,fold4 val,-0.216103,0.366546,-0.215390,-0.152209,0.210715,-0.225135,-9.300310,-1.312434,-0.654173,-2.707337,-0.848285,4278.000000
2023-10-20,fold4 val,-1.470416,-1.403467,-1.611740,-1.560818,-2.515573,-1.695917,-3.689062,-1.329888,-0.826793,-1.042649,-1.258528,4224.160156
2023-10-23,fold4 val,0.069400,0.811207,0.848309,0.663712,1.110489,3.836971,0.042453,1.736629,0.291792,-1.366645,-0.168557,4217.040039
2023-10-24,fold4 val,0.254317,0.367434,1.609853,1.692306,1.580278,1.600895,2.093551,-0.464975,0.531412,2.736489,0.726579,4247.680176
2023-10-25,fold4 val,3.067825,-1.349154,-9.598898,-9.509396,-5.577161,-4.314852,-1.893592,-4.165719,-0.510885,-1.007735,-1.433963,4186.770020
2023-10-26,fold4 val,-2.460543,-3.751447,-2.549937,-2.651065,-1.499300,-3.477823,-3.135300,-3.732533,-0.219647,-3.130656,-1.183252,4137.229980
2023-10-27,fold4 val,0.796925,0.585555,-0.032400,-0.089951,6.832816,0.431491,0.748449,2.906186,-1.323778,-1.385311,-0.480028,4117.370117
2023-10-30,fold4 val,2.274040,1.230520,1.904381,1.874433,3.890722,1.632078,-4.794984,1.998463,1.718372,0.978187,1.201002,4166.819824
2023-10-31,fold4 val,0.237175,0.281895,-0.357859,-0.305320,0.286331,-0.925620,1.763273,-0.459271,1.161786,-2.082351,0.647496,4193.799805
2023-11-01,fold4 val,2.354264,1.873850,1.811641,1.910048,2.937864,3.788627,2.399924,3.511785,0.708995,0.095664,1.050600,4237.859863
2023-11-02,fold4 val,2.069320,0.650151,0.791737,0.822478,0.781027,2.790302,6.248172,-0.314243,1.533088,4.658609,1.885856,4317.779785
2023-11-03,fold4 val,1.286164,-0.518083,1.392114,1.262827,0.383862,3.445513,0.663591,1.199862,0.799384,-2.150650,0.939373,4358.339844
2023-11-06,fold4 val,1.057270,1.460493,0.828414,0.890776,0.822510,1.657601,-0.313694,0.381434,-1.472384,4.822019,0.175299,4365.979980
2023-11-07,fold4 val,1.121922,1.445069,0.722720,0.552793,2.125376,0.445882,1.327126,0.956302,-0.132704,0.796420,0.284012,4378.379883
2023-11-08,fold4 val,0.740591,0.588505,0.649522,0.664276,-0.441458,1.346962,-0.031502,0.301106,0.037546,3.200350,0.100492,4382.779785
2023-11-09,fold4 val,-0.691102,-0.262457,-1.178135,-1.213578,-1.041664,0.807320,-5.461260,0.240803,0.542883,-4.491778,-0.808384,4347.350098
2023-11-10,fold4 val,2.489669,2.322005,1.799681,1.804338,2.105257,2.949944,2.224021,2.564331,0.683556,1.080634,1.561644,4415.240234
2023-11-13,fold4 val,-0.808837,-0.858356,-0.313294,-0.377089,-0.675677,0.589630,4.220831,0.127751,-0.156888,2.509572,-0.083584,4411.549805
2023-11-14,fold4 val,0.979056,1.428562,1.339411,1.158290,2.251215,2.130807,6.123998,2.162892,1.211391,-0.124274,1.907502,4495.700195
2023-11-15,fold4 val,0.040606,0.304084,0.701503,0.748411,-1.783269,-1.546640,2.287179,-1.070451,0.717010,-3.647559,0.159701,4502.879883
2023-11-16,fold4 val,1.758325,0.904221,1.701096,1.715927,-0.258376,1.210946,-3.809092,0.444837,0.860444,0.035674,0.119043,4508.240234
2023-11-17,fold4 val,-0.010551,-1.680108,-1.268914,-1.183080,1.645306,-0.367824,0.303954,0.254343,-0.258432,0.502776,0.128205,4514.020020
2023-11-20,fold4 val,2.052188,0.927821,0.715634,0.694688,0.654369,2.253643,0.554845,1.471476,0.668652,0.995413,0.739028,4547.379883
2023-11-21,fold4 val,-0.423081,-1.157783,0.507532,0.528450,-1.526046,-0.922454,2.376906,-0.879486,-0.091326,-0.836672,-0.202093,4538.189941
2023-11-22,fold4 val,1.281268,0.351430,1.009950,1.109735,1.952754,-2.458759,-2.898006,1.338347,0.221603,0.420192,0.406113,4556.620117
2023-11-24,fold4 val,-0.111173,-0.700422,-1.285509,-1.299723,0.020448,-1.929554,0.529435,-0.954624,0.243230,1.009929,0.059687,4559.339844
2023-11-27,fold4 val,0.312649,-0.094740,-0.122986,-0.204853,0.674656,0.975382,0.267575,-1.043686,-0.369471,-1.592077,-0.195416,4550.430176
2023-11-28,fold4 val,1.080269,0.321396,0.412871,0.579132,-0.473835,-0.872684,4.506947,1.281745,-0.357007,0.011817,0.098012,4554.890137
2023-11-29,fold4 val,-1.006019,-0.540958,-1.601492,-1.610794,-0.482889,0.667064,-1.045721,-2.003010,-0.377721,0.043962,-0.094625,4550.580078
2023-11-30,fold4 val,0.015829,0.306295,-1.818167,-1.822358,-0.157197,-2.845852,-1.662979,-1.520151,0.365217,-0.138565,0.378407,4567.799805
2023-12-01,fold4 val,0.679100,-1.161213,-0.448021,-0.505543,0.643441,-0.010700,-0.520660,-0.712223,-0.813887,-1.184343,0.587374,4594.629883
2023-12-04,fold4 val,-0.946443,-1.433881,-2.017716,-1.964190,-1.489494,-2.683630,-1.360801,-1.477740,-0.114824,0.280808,-0.540851,4569.779785
2023-12-05,fold4 val,2.106302,0.915652,1.347315,1.330544,1.408457,2.329367,1.332880,-0.540570,-0.457019,0.421726,-0.056887,4567.180176
2023-12-06,fold4 val,-0.568692,-0.998612,-0.725151,-0.740506,-1.606754,-2.282784,0.272283,-0.263934,-0.746414,0.187032,-0.390620,4549.339844
2023-12-07,fold4 val,1.013936,0.582984,5.341270,5.314552,1.632992,2.402054,1.366088,2.879181,0.090813,-0.166303,0.796819,4585.589844
2023-12-08,fold4 val,0.741243,0.884212,-1.307340,-1.416789,0.367642,1.952944,0.494559,1.886169,0.107733,1.662479,0.409550,4604.370117
2023-12-11,fold4 val,-1.292745,-0.782963,-1.419779,-1.259341,-1.037850,-1.850288,-1.681427,-2.244927,1.127226,-2.342607,0.392449,4622.439941
2023-12-12,fold4 val,0.792021,0.829536,-0.786941,-0.577675,1.089860,2.209029,-1.138738,2.748403,0.828990,0.123287,0.459936,4643.700195
2023-12-13,fold4 val,1.669144,-0.002672,0.246933,0.037731,0.922159,0.904383,0.961984,0.155577,0.558305,2.178665,1.365068,4707.089844
2023-12-14,fold4 val,0.075773,-2.254462,-0.574753,-0.475250,-0.954043,0.544817,4.914543,-0.468994,-1.080022,-0.030266,0.264706,4719.549805
2023-12-15,fold4 val,-0.272567,1.311729,0.480486,0.500238,1.729754,1.116851,0.975900,0.525231,-0.452361,2.101226,-0.007625,4719.189941
2023-12-18,fold4 val,-0.850337,0.517885,2.502981,2.733884,2.413256,2.427910,-0.560157,2.896217,0.883589,1.527794,0.452834,4740.560059
2023-12-19,fold4 val,0.536007,0.163712,0.663323,0.625937,-0.181745,-0.944540,2.039035,1.665603,0.597802,-0.190065,0.586641,4768.370117
2023-12-20,fold4 val,-1.071381,-0.707288,1.129606,1.236738,-1.085895,-3.009846,-3.918825,-0.308260,-1.782748,-2.562340,-1.468427,4698.350098
2023-12-21,fold4 val,-0.077006,0.787873,1.532302,1.503542,1.130687,1.827044,2.978069,1.377110,0.222318,1.522909,1.030147,4746.750000
2023-12-22,fold4 val,-0.554746,0.278406,0.648797,0.762005,-0.273010,-0.326606,-0.770140,-0.197664,0.092656,-0.471052,0.166006,4754.629883
2023-12-26,fold4 val,-0.284094,0.021385,0.070066,0.021197,-0.006514,0.919521,1.611623,0.407472,0.100986,0.883259,0.423169,4774.750000
2023-12-27,fold4 val,0.051787,-0.157476,-0.966229,-0.812617,-0.045634,0.280043,1.882240,0.845473,0.033637,-0.505348,0.143046,4781.580078
2023-12-28,fold4 val,0.222641,0.323431,-0.113140,-0.099730,0.026091,0.212465,-3.159428,0.136949,0.173692,-0.333877,0.037017,4783.350098
